hauljoin,region,year,vessel,cruise,haul,haul_type,performance,start_date,duration,distance_fished,net_width,net_measured,net_height,area_swept,mid_latitude,mid_longitude,station_id,gear_depth,bottom_depth,bottom_type,surface_temperature,gear_temperature,wire_length,gear,accessories,subsample,design_id,district,stratum,total_area,vial_id,sex,cw,ch_cc,crab_wgt,hepato_wwt,hepato_dwt,maturity,sample_region,lme,DWT_WWT,Perc_DWT,WWT_DWT
-19001,EBS,2019,162,201901,60,3,0,2019-06-16,0.509,2.858,17.087,Y,2.404,0.0142379046373641,55.98287,-165.1891,D-05,94,96,NA,9.3,4.9,320,44,15,1,3,ALL,EBS_SINGLE,123107,2019-227,1,92.4,12.98,325.8,1.8661,0.3858,0,1,EBS,0.20674133219012913,20.674133219012912,4.836962156557803
-19195,EBS,2019,94,201901,119,3,0,2019-07-03,0.521,2.8890000000000002,16.499000000000002,Y,2.2840000000000003,0.013897068566846901,57.66851,-169.668655,I-20,68,70,NA,8.3,3.9,229,44,15,2,3,ALL,PRIB_MTCA,10025,2019-213,1,90.67,14.5,269.6,1.1619,0.2136,0,2,EBS,0.1838368190033566,18.38368190033566,5.439606741573033
-19195,EBS,2019,94,201901,119,3,0,2019-07-03,0.521,2.8890000000000002,16.499000000000002,Y,2.2840000000000003,0.013897068566846901,57.66851,-169.668655,I-20,68,70,NA,8.3,3.9,229,44,15,2,3,ALL,PRIB_MTCA,10025,2019-214,1,84.33,11.97,180.6,1.1703,0.3014,0,2,EBS,0.2575408015038879,25.75408015038879,3.8828798938287985
-19195,EBS,2019,94,201901,119,3,0,2019-07-03,0.521,2.8890000000000002,16.499000000000002,Y,2.2840000000000003,0.013897068566846901,57.66851,-169.668655,I-20,68,70,NA,8.3,3.9,229,44,15,2,3,ALL,PRIB_MTCA,10025,2019-215,1,82.83,12.25,191.1,0.9109,0.2287,0,2,EBS,0.2510703699637721,25.107036996377207,3.982947092260604
-19195,EBS,2019,94,201901,119,3,0,2019-07-03,0.521,2.8890000000000002,16.499000000000002,Y,2.2840000000000003,0.013897068566846901,57.66851,-169.668655,I-20,68,70,NA,8.3,3.9,229,44,15,2,3,ALL,PRIB_MTCA,10025,2019-216,1,84.02,11.85,197.7,1.0367,0.2309,0,2,EBS,0.22272595736471495,22.272595736471494,4.489822433954092
-19274,EBS,2019,162,201901,114,3,0,2019-07-04,0.506,2.749,15.335,Y,2.6380000000000003,0.0122906982405653,57.501704999999994,-169.98717499999998,IH2120,66,69,NA,8.5,4.4,229,44,15,2,3,ALL,PRIB_MTCA,10025,2019-229,1,84.81,13.2,218,1.9758,0.3006,0,2,EBS,0.1521409049498937,15.214090494989371,6.572854291417166
-19088,EBS,2019,94,201901,98,3,0,2019-06-28,0.518,2.7560000000000002,16.146,Y,2.567,0.0129736505923596,58.01197,-168.444155,J-18,67,70,NA,9.3,3.5,229,44,15,2,3,ALL,PRIB_MTCA,10025,2019-203,1,81.68,12.43,184.5,0.9734,0.1859,0,2,EBS,0.19098006985822888,19.098006985822888,5.236148466917697
-19088,EBS,2019,94,201901,98,3,0,2019-06-28,0.518,2.7560000000000002,16.146,Y,2.567,0.0129736505923596,58.01197,-168.444155,J-18,67,70,NA,9.3,3.5,229,44,15,2,3,ALL,PRIB_MTCA,10025,2019-204,1,84.5,13.54,214.7,0.6913,0.0996,0,2,EBS,0.14407637783885432,14.407637783885432,6.940763052208836
-19088,EBS,2019,94,201901,98,3,0,2019-06-28,0.518,2.7560000000000002,16.146,Y,2.567,0.0129736505923596,58.01197,-168.444155,J-18,67,70,NA,9.3,3.5,229,44,15,2,3,ALL,PRIB_MTCA,10025,2019-205,1,84.12,12.94,215.4,1.3343,0.2931,0,2,EBS,0.21966574233680583,21.966574233680582,4.55237120436711
-19088,EBS,2019,94,201901,98,3,0,2019-06-28,0.518,2.7560000000000002,16.146,Y,2.567,0.0129736505923596,58.01197,-168.444155,J-18,67,70,NA,9.3,3.5,229,44,15,2,3,ALL,PRIB_MTCA,10025,2019-206,1,92.71,14.74,279.4,1.3803,0.2051,0,2,EBS,0.14859088603926682,14.859088603926681,6.729887859580693
-19088,EBS,2019,94,201901,98,3,0,2019-06-28,0.518,2.7560000000000002,16.146,Y,2.567,0.0129736505923596,58.01197,-168.444155,J-18,67,70,NA,9.3,3.5,229,44,15,2,3,ALL,PRIB_MTCA,10025,2019-207,1,85.68,14.16,224.9,1.0687,0.4995,0,2,EBS,0.4673902872649013,46.739028726490126,2.1395395395395393
-19197,EBS,2019,94,201901,121,3,0,2019-07-04,0.514,2.7,16.479,Y,2.3680000000000003,0.012972170667555,57.98737,-169.688225,J-20,68,70,NA,8.700000000000001,3.3000000000000003,229,44,15,2,3,ALL,PRIB_MTCA,10025,2019-208,1,87.46,13.24,277.6,0.8844,0.1111,0,2,EBS,0.1256218905472637,12.56218905472637,7.9603960396039595
-19197,EBS,2019,94,201901,121,3,0,2019-07-04,0.514,2.7,16.479,Y,2.3680000000000003,0.012972170667555,57.98737,-169.688225,J-20,68,70,NA,8.700000000000001,3.3000000000000003,229,44,15,2,3,ALL,PRIB_MTCA,10025,2019-209,1,91.81,15.44,289.8,1.207,0.1523,0,2,EBS,0.12618061309030654,12.618061309030654,7.925147734734079
-19197,EBS,2019,94,201901,121,3,0,2019-07-04,0.514,2.7,16.479,Y,2.3680000000000003,0.012972170667555,57.98737,-169.688225,J-20,68,70,NA,8.700000000000001,3.3000000000000003,229,44,15,2,3,ALL,PRIB_MTCA,10025,2019-210,1,84.23,12.94,217.8,1.0576,0.1359,0,2,EBS,0.1284984871406959,12.849848714069589,7.782192788815307
-19197,EBS,2019,94,201901,121,3,0,2019-07-04,0.514,2.7,16.479,Y,2.3680000000000003,0.012972170667555,57.98737,-169.688225,J-20,68,70,NA,8.700000000000001,3.3000000000000003,229,44,15,2,3,ALL,PRIB_MTCA,10025,2019-211,1,88.26,14,243.5,0.6743,0.1919,0,2,EBS,0.2845914281477087,28.45914281477087,3.513809275664409
-19197,EBS,2019,94,201901,121,3,0,2019-07-04,0.514,2.7,16.479,Y,2.3680000000000003,0.012972170667555,57.98737,-169.688225,J-20,68,70,NA,8.700000000000001,3.3000000000000003,229,44,15,2,3,ALL,PRIB_MTCA,10025,2019-212,1,90.62,13.83,267.7,2.1291,1.1981,0,2,EBS,0.5627260344746605,56.272603447466054,1.7770636841665974
-19196,EBS,2019,94,201901,120,3,0,2019-07-04,0.518,2.7270000000000003,16.423000000000002,Y,2.396,0.013057368679045401,57.832609999999995,-169.36257999999998,JI2019,64,66,NA,8.6,3.9,229,44,15,2,3,ALL,PRIB_MTCA,10025,2019-193,1,84.88,12.43,216.9,0.5542,0.0715,0,2,EBS,0.12901479610249006,12.901479610249005,7.751048951048952
-19196,EBS,2019,94,201901,120,3,0,2019-07-04,0.518,2.7270000000000003,16.423000000000002,Y,2.396,0.013057368679045401,57.832609999999995,-169.36257999999998,JI2019,64,66,NA,8.6,3.9,229,44,15,2,3,ALL,PRIB_MTCA,10025,2019-194,1,87.76,12.5,237.8,0.6742,0.1077,0,2,EBS,0.1597448828240878,15.97448828240878,6.259981429897865
-19196,EBS,2019,94,201901,120,3,0,2019-07-04,0.518,2.7270000000000003,16.423000000000002,Y,2.396,0.013057368679045401,57.832609999999995,-169.36257999999998,JI2019,64,66,NA,8.6,3.9,229,44,15,2,3,ALL,PRIB_MTCA,10025,2019-195,1,93.1,14.07,297.4,0.9057,0.1388,0,2,EBS,0.15325162857458322,15.325162857458322,6.525216138328529
-19196,EBS,2019,94,201901,120,3,0,2019-07-04,0.518,2.7270000000000003,16.423000000000002,Y,2.396,0.013057368679045401,57.832609999999995,-169.36257999999998,JI2019,64,66,NA,8.6,3.9,229,44,15,2,3,ALL,PRIB_MTCA,10025,2019-196,1,86.29,13.78,222,0.6779,0.11,0,2,EBS,0.16226582091753947,16.226582091753947,6.162727272727272
-19087,EBS,2019,94,201901,97,3,0,2019-06-28,0.52,2.809,16.631,Y,2.5060000000000002,0.0136203459526547,58.335989999999995,-168.46255,K-18,63,66,NA,9.3,3.4,229,44,15,2,3,ALL,EBS_SINGLE,123107,2019-222,1,85.82,12.84,194.8,1.3251,0.0621,0,3,EBS,0.046864387593389185,4.686438759338919,21.33816425120773
-19087,EBS,2019,94,201901,97,3,0,2019-06-28,0.52,2.809,16.631,Y,2.5060000000000002,0.0136203459526547,58.335989999999995,-168.46255,K-18,63,66,NA,9.3,3.4,229,44,15,2,3,ALL,EBS_SINGLE,123107,2019-223,1,80.4,12.75,184,2.6589,0.1472,0,3,EBS,0.05536123961036519,5.536123961036519,18.063179347826086
-19087,EBS,2019,94,201901,97,3,0,2019-06-28,0.52,2.809,16.631,Y,2.5060000000000002,0.0136203459526547,58.335989999999995,-168.46255,K-18,63,66,NA,9.3,3.4,229,44,15,2,3,ALL,EBS_SINGLE,123107,2019-224,1,89.42,13.99,252.6,0.8055,0.126,0,3,EBS,0.1564245810055866,15.64245810055866,6.392857142857142
-19087,EBS,2019,94,201901,97,3,0,2019-06-28,0.52,2.809,16.631,Y,2.5060000000000002,0.0136203459526547,58.335989999999995,-168.46255,K-18,63,66,NA,9.3,3.4,229,44,15,2,3,ALL,EBS_SINGLE,123107,2019-225,1,82.47,12.43,149.7,0.8685,0.1604,0,3,EBS,0.18468624064478983,18.468624064478984,5.414588528678305
-19198,EBS,2019,94,201901,122,3,0,2019-07-04,0.513,2.6260000000000003,16.545,Y,2.369,0.0126671679615195,58.331300000000006,-169.72592500000002,K-20,67,69,NA,8.8,3.2,229,44,15,2,3,ALL,EBS_SINGLE,123107,2019-217,1,95.86,14.05,235.8,0.9353,0.2264,0,3,EBS,0.24206137068320324,24.206137068320324,4.131183745583039
-19198,EBS,2019,94,201901,122,3,0,2019-07-04,0.513,2.6260000000000003,16.545,Y,2.369,0.0126671679615195,58.331300000000006,-169.72592500000002,K-20,67,69,NA,8.8,3.2,229,44,15,2,3,ALL,EBS_SINGLE,123107,2019-218,1,90.82,14.98,264,1.5535,0.2224,0,3,EBS,0.14316060508529127,14.316060508529127,6.985161870503598
-19198,EBS,2019,94,201901,122,3,0,2019-07-04,0.513,2.6260000000000003,16.545,Y,2.369,0.0126671679615195,58.331300000000006,-169.72592500000002,K-20,67,69,NA,8.8,3.2,229,44,15,2,3,ALL,EBS_SINGLE,123107,2019-219,1,81.06,12.38,202.1,2.0193,0.1964,0,3,EBS,0.09726142722725697,9.726142722725697,10.281568228105906
-19198,EBS,2019,94,201901,122,3,0,2019-07-04,0.513,2.6260000000000003,16.545,Y,2.369,0.0126671679615195,58.331300000000006,-169.72592500000002,K-20,67,69,NA,8.8,3.2,229,44,15,2,3,ALL,EBS_SINGLE,123107,2019-220,1,79.86,12.48,185.4,1.9955,0.1902,0,3,EBS,0.09531445752944125,9.531445752944125,10.491587802313354
-19198,EBS,2019,94,201901,122,3,0,2019-07-04,0.513,2.6260000000000003,16.545,Y,2.369,0.0126671679615195,58.331300000000006,-169.72592500000002,K-20,67,69,NA,8.8,3.2,229,44,15,2,3,ALL,EBS_SINGLE,123107,2019-221,1,91.25,13.94,282,1.1216,0.1332,0,3,EBS,0.11875891583452212,11.875891583452212,8.420420420420418
-19199,EBS,2019,94,201901,123,3,0,2019-07-04,0.529,2.806,16.719,Y,2.218,0.013677792166971901,58.660985,-169.78121,L-20,64,66,NA,8.4,3.1,229,44,15,2,3,ALL,EBS_SINGLE,123107,2019-197,1,85.52,13.79,219,0.6689,0.092,0,3,EBS,0.13753924353416055,13.753924353416055,7.270652173913044
-19199,EBS,2019,94,201901,123,3,0,2019-07-04,0.529,2.806,16.719,Y,2.218,0.013677792166971901,58.660985,-169.78121,L-20,64,66,NA,8.4,3.1,229,44,15,2,3,ALL,EBS_SINGLE,123107,2019-198,1,82.5,13.05,212.1,1.0211,0.1487,0,3,EBS,0.14562726471452356,14.562726471452356,6.86684599865501
-19199,EBS,2019,94,201901,123,3,0,2019-07-04,0.529,2.806,16.719,Y,2.218,0.013677792166971901,58.660985,-169.78121,L-20,64,66,NA,8.4,3.1,229,44,15,2,3,ALL,EBS_SINGLE,123107,2019-199,1,85.05,12.63,167.5,0.7048,0.1111,0,3,EBS,0.157633371169126,15.763337116912602,6.3438343834383435
-19199,EBS,2019,94,201901,123,3,0,2019-07-04,0.529,2.806,16.719,Y,2.218,0.013677792166971901,58.660985,-169.78121,L-20,64,66,NA,8.4,3.1,229,44,15,2,3,ALL,EBS_SINGLE,123107,2019-200,1,97.48,13.63,266.4,0.8224,0.1929,0,3,EBS,0.23455739299610892,23.455739299610894,4.263348885432867
-19199,EBS,2019,94,201901,123,3,0,2019-07-04,0.529,2.806,16.719,Y,2.218,0.013677792166971901,58.660985,-169.78121,L-20,64,66,NA,8.4,3.1,229,44,15,2,3,ALL,EBS_SINGLE,123107,2019-201,1,91.61,13.85,271.6,1.1562,0.0723,0,3,EBS,0.06253243383497666,6.253243383497666,15.991701244813276
-19205,EBS,2019,94,201901,127,3,0,2019-07-05,0.516,2.734,16.465,Y,2.813,0.0131243644317885,59.014705,-169.16541999999998,M-19,51,54,NA,8.9,4.4,183,44,15,2,3,ALL,EBS_SINGLE,123107,2019-188,1,80.47,12.32,196.2,0.994,0.1952,0,3,EBS,0.19637826961770624,19.637826961770624,5.092213114754098
-19205,EBS,2019,94,201901,127,3,0,2019-07-05,0.516,2.734,16.465,Y,2.813,0.0131243644317885,59.014705,-169.16541999999998,M-19,51,54,NA,8.9,4.4,183,44,15,2,3,ALL,EBS_SINGLE,123107,2019-189,1,82.24,11.11,201.9,2.0646,0.1585,0,3,EBS,0.07677031870580257,7.677031870580257,13.025867507886435
-19205,EBS,2019,94,201901,127,3,0,2019-07-05,0.516,2.734,16.465,Y,2.813,0.0131243644317885,59.014705,-169.16541999999998,M-19,51,54,NA,8.9,4.4,183,44,15,2,3,ALL,EBS_SINGLE,123107,2019-190,1,94.11,14.06,291.8,0.7763,0.144,0,3,EBS,0.1854952982094551,18.54952982094551,5.3909722222222225
-19205,EBS,2019,94,201901,127,3,0,2019-07-05,0.516,2.734,16.465,Y,2.813,0.0131243644317885,59.014705,-169.16541999999998,M-19,51,54,NA,8.9,4.4,183,44,15,2,3,ALL,EBS_SINGLE,123107,2019-191,1,85.44,13.76,214.4,0.9807,0.2096,0,3,EBS,0.2137248903844193,21.37248903844193,4.678912213740458
-19205,EBS,2019,94,201901,127,3,0,2019-07-05,0.516,2.734,16.465,Y,2.813,0.0131243644317885,59.014705,-169.16541999999998,M-19,51,54,NA,8.9,4.4,183,44,15,2,3,ALL,EBS_SINGLE,123107,2019-192,1,83.95,12.91,213.2,0.6669,0.114,0,3,EBS,0.17094017094017094,17.094017094017094,5.8500000000000005
-19233,EBS,2019,162,201901,127,3,0,2019-07-07,0.48900000000000005,2.7150000000000003,16.014,Y,2.442,0.0126761594668335,59.00371,-170.480575,M-21,68,70,NA,9,3,229,44,15,2,3,ALL,EBS_SINGLE,123107,2019-228,1,84.9,14.29,250.8,1.2561,0.2233,0,3,EBS,0.17777247034471777,17.777247034471777,5.6251679355127635
-19233,EBS,2019,162,201901,127,3,0,2019-07-07,0.48900000000000005,2.7150000000000003,16.014,Y,2.442,0.0126761594668335,59.00371,-170.480575,M-21,68,70,NA,9,3,229,44,15,2,3,ALL,EBS_SINGLE,123107,2019-230,1,96.31,15.59,331.1,1.6127,0.312,0,3,EBS,0.19346437651144044,19.346437651144043,5.168910256410257
-19233,EBS,2019,162,201901,127,3,0,2019-07-07,0.48900000000000005,2.7150000000000003,16.014,Y,2.442,0.0126761594668335,59.00371,-170.480575,M-21,68,70,NA,9,3,229,44,15,2,3,ALL,EBS_SINGLE,123107,2019-231,1,85.12,14.8,235.5,1.2713,0.1973,0,3,EBS,0.15519546920475102,15.519546920475102,6.4434870755195135
-19233,EBS,2019,162,201901,127,3,0,2019-07-07,0.48900000000000005,2.7150000000000003,16.014,Y,2.442,0.0126761594668335,59.00371,-170.480575,M-21,68,70,NA,9,3,229,44,15,2,3,ALL,EBS_SINGLE,123107,2019-232,1,87.07,13.04,250.7,1.9036,0.2107,0,3,EBS,0.11068501786089514,11.068501786089515,9.034646416706217
-19204,EBS,2019,94,201901,126,3,0,2019-07-05,0.518,2.8320000000000003,16.421,Y,2.915,0.0135584762909112,59.348025,-169.22843,N-19,47,50,NA,8.5,4.1,183,44,15,2,3,ALL,EBS_SINGLE,123107,2019-175,1,80.59,11.05,176.1,0.8755,0.1737,0,3,EBS,0.1984009137635637,19.84009137635637,5.040299366724237
-19204,EBS,2019,94,201901,126,3,0,2019-07-05,0.518,2.8320000000000003,16.421,Y,2.915,0.0135584762909112,59.348025,-169.22843,N-19,47,50,NA,8.5,4.1,183,44,15,2,3,ALL,EBS_SINGLE,123107,2019-171,2,52.34,0,47.6,0.8538,0.2245,0,3,EBS,0.26294214101663155,26.294214101663155,3.8031180400890867
-19204,EBS,2019,94,201901,126,3,0,2019-07-05,0.518,2.8320000000000003,16.421,Y,2.915,0.0135584762909112,59.348025,-169.22843,N-19,47,50,NA,8.5,4.1,183,44,15,2,3,ALL,EBS_SINGLE,123107,2019-172,2,54.38,0,47.4,0.5434,0.1878,0,3,EBS,0.34560176665439823,34.560176665439826,2.8935037273695423
-19204,EBS,2019,94,201901,126,3,0,2019-07-05,0.518,2.8320000000000003,16.421,Y,2.915,0.0135584762909112,59.348025,-169.22843,N-19,47,50,NA,8.5,4.1,183,44,15,2,3,ALL,EBS_SINGLE,123107,2019-173,2,57.96,0,61.9,1.0046,0.2697,0,3,EBS,0.2684650607206849,26.846506072068486,3.724879495736003
-19204,EBS,2019,94,201901,126,3,0,2019-07-05,0.518,2.8320000000000003,16.421,Y,2.915,0.0135584762909112,59.348025,-169.22843,N-19,47,50,NA,8.5,4.1,183,44,15,2,3,ALL,EBS_SINGLE,123107,2019-174,2,54.51,0,50.7,0.6936,0.2372,0,3,EBS,0.3419838523644752,34.19838523644752,2.9241146711635753
-19432,EBS,2019,162,201901,177,3,0,2019-07-23,0.49400000000000005,2.681,17.772000000000002,Y,2.2880000000000003,0.013891564331152201,59.327425,-177.05585,N-31,147,149,NA,9.5,3.2,457,44,15,1,3,ALL,EBS_SINGLE,123107,2019-12,2,54.64,0,52.4,0.7629,0.1961,0,5,EBS,0.257045484336086,25.704548433608597,3.890362060173381
-19432,EBS,2019,162,201901,177,3,0,2019-07-23,0.49400000000000005,2.681,17.772000000000002,Y,2.2880000000000003,0.013891564331152201,59.327425,-177.05585,N-31,147,149,NA,9.5,3.2,457,44,15,1,3,ALL,EBS_SINGLE,123107,2019-17,2,53.46,0,50.8,1.0287,0.2504,0,5,EBS,0.24341401769223295,24.341401769223296,4.108226837060703
-19433,EBS,2019,162,201901,178,3,0,2019-07-23,0.47100000000000003,2.564,17.798000000000002,Y,2.298,0.013304766565741201,59.65589,-177.1321,O-31,174,176,NA,9.9,3.3000000000000003,503,44,15,2,3,ALL,EBS_SINGLE,123107,2019-65,2,74.64,0,135.1,0.9321,0.3187,0,5,EBS,0.34191610342237955,34.19161034223796,2.9246940696579857
-19433,EBS,2019,162,201901,178,3,0,2019-07-23,0.47100000000000003,2.564,17.798000000000002,Y,2.298,0.013304766565741201,59.65589,-177.1321,O-31,174,176,NA,9.9,3.3000000000000003,503,44,15,2,3,ALL,EBS_SINGLE,123107,2019-66,2,78.67,0,145.7,0.9085,0.1495,0,5,EBS,0.16455696202531644,16.455696202531644,6.076923076923077
-19433,EBS,2019,162,201901,178,3,0,2019-07-23,0.47100000000000003,2.564,17.798000000000002,Y,2.298,0.013304766565741201,59.65589,-177.1321,O-31,174,176,NA,9.9,3.3000000000000003,503,44,15,2,3,ALL,EBS_SINGLE,123107,2019-67,2,78.89,0,141.2,1.6331,0.3145,0,5,EBS,0.19257853162696711,19.257853162696712,5.19268680445151
-19433,EBS,2019,162,201901,178,3,0,2019-07-23,0.47100000000000003,2.564,17.798000000000002,Y,2.298,0.013304766565741201,59.65589,-177.1321,O-31,174,176,NA,9.9,3.3000000000000003,503,44,15,2,3,ALL,EBS_SINGLE,123107,2019-68,2,75.07,0,127.1,0.7911,0.2033,0,5,EBS,0.2569839464037416,25.69839464037416,3.8912936546974914
-19415,EBS,2019,94,201901,155,3,0,2019-07-16,0.528,2.858,17.707,Y,1.9160000000000001,0.0147545255114301,59.504365,-172.88133,ON2524,92,94,NA,11.1,3,320,44,15,2,3,ALL,STMATT_MTCA,7218,2019-47,1,82.08,11.86,208.5,1.6886,0.164,0,3,EBS,0.0971218761103873,9.71218761103873,10.296341463414635
-19212,EBS,2019,94,201901,134,3,0,2019-07-07,0.523,2.773,16.375,Y,2.134,0.0132388180726313,60.019234999999995,-170.637105,P-21,62,64,NA,8.5,2.7,229,44,15,1,3,ALL,EBS_SINGLE,123107,2019-166,1,85.46,12.13,208.3,0.8845,0.068,0,4,EBS,0.07687959299039006,7.687959299039006,13.00735294117647
-19212,EBS,2019,94,201901,134,3,0,2019-07-07,0.523,2.773,16.375,Y,2.134,0.0132388180726313,60.019234999999995,-170.637105,P-21,62,64,NA,8.5,2.7,229,44,15,1,3,ALL,EBS_SINGLE,123107,2019-167,1,96.18,14.49,294.3,1.037,0.1994,0,4,EBS,0.19228543876567022,19.228543876567024,5.200601805416248
-19212,EBS,2019,94,201901,134,3,0,2019-07-07,0.523,2.773,16.375,Y,2.134,0.0132388180726313,60.019234999999995,-170.637105,P-21,62,64,NA,8.5,2.7,229,44,15,1,3,ALL,EBS_SINGLE,123107,2019-168,1,92.53,13.89,247.7,0.6161,0.0742,0,4,EBS,0.12043499431910405,12.043499431910405,8.303234501347708
-19212,EBS,2019,94,201901,134,3,0,2019-07-07,0.523,2.773,16.375,Y,2.134,0.0132388180726313,60.019234999999995,-170.637105,P-21,62,64,NA,8.5,2.7,229,44,15,1,3,ALL,EBS_SINGLE,123107,2019-169,1,85.29,13.28,198.8,0.79,0.127,0,4,EBS,0.16075949367088607,16.075949367088608,6.220472440944882
-19212,EBS,2019,94,201901,134,3,0,2019-07-07,0.523,2.773,16.375,Y,2.134,0.0132388180726313,60.019234999999995,-170.637105,P-21,62,64,NA,8.5,2.7,229,44,15,1,3,ALL,EBS_SINGLE,123107,2019-170,1,83.62,12.86,190.9,0.7841,0.1046,0,4,EBS,0.13340135186838412,13.340135186838411,7.496175908221797
-19451,EBS,2019,94,201901,187,3,0,2019-07-24,0.54,2.83,17.711000000000002,Y,1.6540000000000001,0.014613274910635502,60.00062,-176.67745,P-30,140,142,NA,9.700000000000001,1.9000000000000001,411,44,15,2,3,ALL,EBS_SINGLE,123107,2019-42,1,84.84,12.83,226.6,0.955,0.2365,0,5,EBS,0.2476439790575916,24.76439790575916,4.038054968287526
-19435,EBS,2019,162,201901,180,3,0,2019-07-23,0.47700000000000004,2.564,17.203,Y,2.3240000000000003,0.0128599786060482,60.006569999999996,-177.89505,P-32,139,141,NA,9.6,2.7,411,44,15,2,3,ALL,EBS_SINGLE,123107,2019-70,1,65.21,NA,82.6,0.9008,0.145,NA,5,EBS,0.16096802841918292,16.096802841918294,6.212413793103449
-19435,EBS,2019,162,201901,180,3,0,2019-07-23,0.47700000000000004,2.564,17.203,Y,2.3240000000000003,0.0128599786060482,60.006569999999996,-177.89505,P-32,139,141,NA,9.6,2.7,411,44,15,2,3,ALL,EBS_SINGLE,123107,2019-71,2,72.8,0,114.7,0.8023,0.243,0,5,EBS,0.3028792222360713,30.28792222360713,3.3016460905349794
-19302,EBS,2019,94,201901,159,3,0,2019-07-17,0.533,2.9130000000000003,17.132,Y,1.8210000000000002,0.0145501203732786,59.834765,-172.24577499999998,PO2423,74,76,NA,11.3,2.3000000000000003,274,44,15,1,3,ALL,STMATT_MTCA,7218,2019-18,1,81.02,12.73,181.2,0.9145,0.0666,0,4,EBS,0.07282668124658284,7.282668124658284,13.731231231231229
-19302,EBS,2019,94,201901,159,3,0,2019-07-17,0.533,2.9130000000000003,17.132,Y,1.8210000000000002,0.0145501203732786,59.834765,-172.24577499999998,PO2423,74,76,NA,11.3,2.3000000000000003,274,44,15,1,3,ALL,STMATT_MTCA,7218,2019-19,1,82.32,13.07,209.8,0.9893,0.2721,0,4,EBS,0.27504295966845244,27.504295966845245,3.6357956633590587
-19302,EBS,2019,94,201901,159,3,0,2019-07-17,0.533,2.9130000000000003,17.132,Y,1.8210000000000002,0.0145501203732786,59.834765,-172.24577499999998,PO2423,74,76,NA,11.3,2.3000000000000003,274,44,15,1,3,ALL,STMATT_MTCA,7218,2019-20,1,82.18,12.92,202.3,0.9261,0.0909,0,4,EBS,0.09815354713313897,9.815354713313896,10.18811881188119
-19302,EBS,2019,94,201901,159,3,0,2019-07-17,0.533,2.9130000000000003,17.132,Y,1.8210000000000002,0.0145501203732786,59.834765,-172.24577499999998,PO2423,74,76,NA,11.3,2.3000000000000003,274,44,15,1,3,ALL,STMATT_MTCA,7218,2019-21,1,80.68,13.36,184.8,1.0241,0.1056,0,4,EBS,0.10311493018259936,10.311493018259936,9.697916666666666
-19302,EBS,2019,94,201901,159,3,0,2019-07-17,0.533,2.9130000000000003,17.132,Y,1.8210000000000002,0.0145501203732786,59.834765,-172.24577499999998,PO2423,74,76,NA,11.3,2.3000000000000003,274,44,15,1,3,ALL,STMATT_MTCA,7218,2019-22,1,86.37,13.97,230.1,1.59,0.1385,0,4,EBS,0.08710691823899372,8.710691823899372,11.48014440433213
-19302,EBS,2019,94,201901,159,3,0,2019-07-17,0.533,2.9130000000000003,17.132,Y,1.8210000000000002,0.0145501203732786,59.834765,-172.24577499999998,PO2423,74,76,NA,11.3,2.3000000000000003,274,44,15,1,3,ALL,STMATT_MTCA,7218,2019-23,1,85.96,14.03,235.4,0.9444,0.089,0,4,EBS,0.09423972892842016,9.423972892842016,10.61123595505618
-19418,EBS,2019,94,201901,158,3,0,2019-07-16,0.35200000000000004,1.92,17.67,Y,1.79,0.00989135557344,59.837089999999996,-172.89989,PO2524,78,80,NA,10.700000000000001,2.4,274,44,15,1,3,ALL,STMATT_MTCA,7218,2019-24,1,80.18,12.79,184.2,1.1797,0.1215,0,4,EBS,0.10299228617445114,10.299228617445113,9.70946502057613
-19418,EBS,2019,94,201901,158,3,0,2019-07-16,0.35200000000000004,1.92,17.67,Y,1.79,0.00989135557344,59.837089999999996,-172.89989,PO2524,78,80,NA,10.700000000000001,2.4,274,44,15,1,3,ALL,STMATT_MTCA,7218,2019-26,1,80.78,11.47,185.8,1.3577,0.1022,0,4,EBS,0.07527436105177875,7.527436105177874,13.284735812133071
-19418,EBS,2019,94,201901,158,3,0,2019-07-16,0.35200000000000004,1.92,17.67,Y,1.79,0.00989135557344,59.837089999999996,-172.89989,PO2524,78,80,NA,10.700000000000001,2.4,274,44,15,1,3,ALL,STMATT_MTCA,7218,2019-43,1,85.51,14.19,252.1,1.1595,0.1066,0,4,EBS,0.0919361793876671,9.19361793876671,10.877110694183864
-19418,EBS,2019,94,201901,158,3,0,2019-07-16,0.35200000000000004,1.92,17.67,Y,1.79,0.00989135557344,59.837089999999996,-172.89989,PO2524,78,80,NA,10.700000000000001,2.4,274,44,15,1,3,ALL,STMATT_MTCA,7218,2019-44,1,80.65,13.34,203.7,0.9043,0.0744,0,4,EBS,0.0822735817759593,8.22735817759593,12.15456989247312
-19418,EBS,2019,94,201901,158,3,0,2019-07-16,0.35200000000000004,1.92,17.67,Y,1.79,0.00989135557344,59.837089999999996,-172.89989,PO2524,78,80,NA,10.700000000000001,2.4,274,44,15,1,3,ALL,STMATT_MTCA,7218,2019-45,1,82.32,13.17,203.1,0.8229,0.0603,0,4,EBS,0.07327743346700694,7.327743346700694,13.646766169154228
-19418,EBS,2019,94,201901,158,3,0,2019-07-16,0.35200000000000004,1.92,17.67,Y,1.79,0.00989135557344,59.837089999999996,-172.89989,PO2524,78,80,NA,10.700000000000001,2.4,274,44,15,1,3,ALL,STMATT_MTCA,7218,2019-46,1,89.55,14.24,234.2,1.1409,0.0846,0,4,EBS,0.07415198527478306,7.4151985274783065,13.485815602836881
-19418,EBS,2019,94,201901,158,3,0,2019-07-16,0.35200000000000004,1.92,17.67,Y,1.79,0.00989135557344,59.837089999999996,-172.89989,PO2524,78,80,NA,10.700000000000001,2.4,274,44,15,1,3,ALL,STMATT_MTCA,7218,2019-63,1,83.08,12.47,215.5,2.1214,0.1237,0,4,EBS,0.05831054963703215,5.831054963703215,17.149555375909458
-19210,EBS,2019,94,201901,132,3,0,2019-07-06,0.516,2.791,16.542,Y,2.04,0.013460645564318701,60.32774,-170.027165,Q-20,50,52,NA,8.4,2.9,183,44,15,1,3,ALL,EBS_SINGLE,123107,2019-202,1,83.1,13.84,179.4,0.683,0.0845,0,4,EBS,0.12371888726207907,12.371888726207906,8.08284023668639
-19211,EBS,2019,94,201901,133,3,0,2019-07-07,0.533,2.886,16.739,Y,2.129,0.0140845790630259,60.329274999999996,-170.664495,Q-21,60,62,NA,8.700000000000001,2.6,229,44,15,1,3,ALL,EBS_SINGLE,123107,2019-158,1,84.01,12.75,204.8,1.4572,0.1373,0,4,EBS,0.09422179522371672,9.422179522371673,10.613255644573925
-19211,EBS,2019,94,201901,133,3,0,2019-07-07,0.533,2.886,16.739,Y,2.129,0.0140845790630259,60.329274999999996,-170.664495,Q-21,60,62,NA,8.700000000000001,2.6,229,44,15,1,3,ALL,EBS_SINGLE,123107,2019-159,1,78.61,11.71,168.2,1.4669,0.0811,0,4,EBS,0.05528665894062308,5.528665894062308,18.08754623921085
-19211,EBS,2019,94,201901,133,3,0,2019-07-07,0.533,2.886,16.739,Y,2.129,0.0140845790630259,60.329274999999996,-170.664495,Q-21,60,62,NA,8.700000000000001,2.6,229,44,15,1,3,ALL,EBS_SINGLE,123107,2019-160,1,84.69,11.99,211.7,1.4069,0.1135,0,4,EBS,0.08067382187788756,8.067382187788755,12.395594713656388
-19211,EBS,2019,94,201901,133,3,0,2019-07-07,0.533,2.886,16.739,Y,2.129,0.0140845790630259,60.329274999999996,-170.664495,Q-21,60,62,NA,8.700000000000001,2.6,229,44,15,1,3,ALL,EBS_SINGLE,123107,2019-161,1,80.02,11.85,193.5,0.8798,0.1296,0,4,EBS,0.14730620595589905,14.730620595589905,6.788580246913581
-19211,EBS,2019,94,201901,133,3,0,2019-07-07,0.533,2.886,16.739,Y,2.129,0.0140845790630259,60.329274999999996,-170.664495,Q-21,60,62,NA,8.700000000000001,2.6,229,44,15,1,3,ALL,EBS_SINGLE,123107,2019-162,1,83.66,12.29,188,0.5902,0.067,0,4,EBS,0.1135208403930871,11.35208403930871,8.808955223880595
-19440,EBS,2019,162,201901,162,3,0,2019-07-18,0.534,2.93,17.934,Y,1.6260000000000001,0.015320143092177002,60.162575,-172.343215,QP2423,56,58,NA,8,3.6,229,44,15,1,3,ALL,STMATT_MTCA,7218,2019-226,1,83.01,13.02,197.7,1.1621,0.1783,0,4,EBS,0.15342913690732296,15.342913690732296,6.517666853617499
-19441,EBS,2019,162,201901,163,3,0,2019-07-19,0.538,2.992,18.03,Y,1.855,0.015728067046296004,60.16502,-172.99523,QP2524,58,60,NA,7.1000000000000005,2.9,229,44,15,2,3,ALL,STMATT_MTCA,7218,2019-185,2,50.19,0,38.4,0.5894,0.0607,0,4,EBS,0.10298608754665761,10.29860875466576,9.710049423393741
-19441,EBS,2019,162,201901,163,3,0,2019-07-19,0.538,2.992,18.03,Y,1.855,0.015728067046296004,60.16502,-172.99523,QP2524,58,60,NA,7.1000000000000005,2.9,229,44,15,2,3,ALL,STMATT_MTCA,7218,2019-97,2,54.86,0,NA,0.893,0.0795,0,4,EBS,0.08902575587905935,8.902575587905934,11.232704402515724
-19403,EBS,2019,94,201901,166,3,0,2019-07-18,0.531,2.7880000000000003,17.458000000000002,Y,1.739,0.0141907482154284,60.657095,-171.43228,R-22,61,63,NA,10.5,2.2,229,44,15,1,3,ALL,EBS_SINGLE,123107,2019-28,2,53.78,0,45.7,0.9808,0.2337,0,4,EBS,0.23827487765089722,23.82748776508972,4.196833547282841
-19403,EBS,2019,94,201901,166,3,0,2019-07-18,0.531,2.7880000000000003,17.458000000000002,Y,1.739,0.0141907482154284,60.657095,-171.43228,R-22,61,63,NA,10.5,2.2,229,44,15,1,3,ALL,EBS_SINGLE,123107,2019-33,2,53.3,0,47.2,0.752,0.1208,0,4,EBS,0.16063829787234044,16.063829787234045,6.225165562913907
-19403,EBS,2019,94,201901,166,3,0,2019-07-18,0.531,2.7880000000000003,17.458000000000002,Y,1.739,0.0141907482154284,60.657095,-171.43228,R-22,61,63,NA,10.5,2.2,229,44,15,1,3,ALL,EBS_SINGLE,123107,2019-34,2,50.14,0,42.1,0.5384,0.0816,0,4,EBS,0.15156017830609214,15.156017830609214,6.598039215686274
-19404,EBS,2019,94,201901,167,3,0,2019-07-18,0.538,2.89,17.14,Y,1.8450000000000002,0.01444197857091,60.99637,-171.475545,S-22,58,60,NA,10.8,2.1,229,44,15,1,3,ALL,EBS_SINGLE,123107,2019-31,2,51.87,0,43.8,0.6212,0.1369,0,4,EBS,0.22037990985189954,22.037990985189953,4.537618699780862
-19404,EBS,2019,94,201901,167,3,0,2019-07-18,0.538,2.89,17.14,Y,1.8450000000000002,0.01444197857091,60.99637,-171.475545,S-22,58,60,NA,10.8,2.1,229,44,15,1,3,ALL,EBS_SINGLE,123107,2019-35,2,53.3,0,49.4,0.5104,0.0869,0,4,EBS,0.1702586206896552,17.02586206896552,5.873417721518987
-19404,EBS,2019,94,201901,167,3,0,2019-07-18,0.538,2.89,17.14,Y,1.8450000000000002,0.01444197857091,60.99637,-171.475545,S-22,58,60,NA,10.8,2.1,229,44,15,1,3,ALL,EBS_SINGLE,123107,2019-36,2,50.64,0,42.2,0.8331,0.0858,0,4,EBS,0.10298883687432482,10.298883687432483,9.709790209790208
-19404,EBS,2019,94,201901,167,3,0,2019-07-18,0.538,2.89,17.14,Y,1.8450000000000002,0.01444197857091,60.99637,-171.475545,S-22,58,60,NA,10.8,2.1,229,44,15,1,3,ALL,EBS_SINGLE,123107,2019-37,2,50.51,0,41.4,0.5345,0.0917,0,4,EBS,0.1715622076707203,17.156220767072032,5.8287895310796065
-19409,EBS,2019,94,201901,168,3,0,2019-07-19,0.526,2.88,16.974,Y,1.794,0.014252620501152,61.000775,-172.16231,S-23,62,64,NA,9.9,1.9000000000000001,229,44,15,1,3,ALL,EBS_SINGLE,123107,2019-27,2,50.89,0,41.4,0.7042,0.2149,0,4,EBS,0.305168986083499,30.5168986083499,3.2768729641693812
-19409,EBS,2019,94,201901,168,3,0,2019-07-19,0.526,2.88,16.974,Y,1.794,0.014252620501152,61.000775,-172.16231,S-23,62,64,NA,9.9,1.9000000000000001,229,44,15,1,3,ALL,EBS_SINGLE,123107,2019-29,2,54.56,0,48.7,0.6917,0.2422,0,4,EBS,0.3501517999132572,35.01517999132572,2.855904211395541
-19409,EBS,2019,94,201901,168,3,0,2019-07-19,0.526,2.88,16.974,Y,1.794,0.014252620501152,61.000775,-172.16231,S-23,62,64,NA,9.9,1.9000000000000001,229,44,15,1,3,ALL,EBS_SINGLE,123107,2019-38,2,54.81,0,53.1,0.8248,0.2438,0,4,EBS,0.29558680892337535,29.558680892337534,3.3831009023789993
-19409,EBS,2019,94,201901,168,3,0,2019-07-19,0.526,2.88,16.974,Y,1.794,0.014252620501152,61.000775,-172.16231,S-23,62,64,NA,9.9,1.9000000000000001,229,44,15,1,3,ALL,EBS_SINGLE,123107,2019-39,2,52.41,0,46.9,1.1113,0.1653,0,4,EBS,0.14874471339872222,14.874471339872223,6.722928009679371
-19409,EBS,2019,94,201901,168,3,0,2019-07-19,0.526,2.88,16.974,Y,1.794,0.014252620501152,61.000775,-172.16231,S-23,62,64,NA,9.9,1.9000000000000001,229,44,15,1,3,ALL,EBS_SINGLE,123107,2019-40,2,50.19,0,43.6,0.7065,0.1169,0,4,EBS,0.16546355272469923,16.546355272469924,6.043627031650984
-19412,EBS,2019,94,201901,171,3,0,2019-07-19,0.528,2.899,17.204,Y,1.717,0.0145410472330266,61.00004,-172.80977000000001,S-24,64,66,NA,10.5,2.3000000000000003,229,44,15,1,3,ALL,EBS_SINGLE,123107,2019-30,2,64,0,84.3,0.6515,0.1625,0,4,EBS,0.24942440521872603,24.9424405218726,4.0092307692307685
-19412,EBS,2019,94,201901,171,3,0,2019-07-19,0.528,2.899,17.204,Y,1.717,0.0145410472330266,61.00004,-172.80977000000001,S-24,64,66,NA,10.5,2.3000000000000003,229,44,15,1,3,ALL,EBS_SINGLE,123107,2019-32,2,52.59,0,47.7,0.6538,0.1213,0,4,EBS,0.18553074334658917,18.553074334658916,5.389942291838417
-19483,EBS,2019,162,201901,193,3,0,2019-07-28,0.497,2.74,17.415,Y,2.491,0.013912080357285,61.999075,-175.172015,V-27,78,80,NA,10.8,0.4,274,44,15,1,3,ALL,EBS_SINGLE,123107,2019-10,1,91.84,13.01,219.2,1.3592,0.3829,0,4,EBS,0.2817098293113596,28.170982931135963,3.549751893444763
-19483,EBS,2019,162,201901,193,3,0,2019-07-28,0.497,2.74,17.415,Y,2.491,0.013912080357285,61.999075,-175.172015,V-27,78,80,NA,10.8,0.4,274,44,15,1,3,ALL,EBS_SINGLE,123107,2019-6,1,80.11,13.21,NA,0.9814,0.2139,0,4,EBS,0.21795394334624005,21.795394334624003,4.588125292192614
-19483,EBS,2019,162,201901,193,3,0,2019-07-28,0.497,2.74,17.415,Y,2.491,0.013912080357285,61.999075,-175.172015,V-27,78,80,NA,10.8,0.4,274,44,15,1,3,ALL,EBS_SINGLE,123107,2019-7,1,83.34,13.34,NA,1.0267,0.2866,0,4,EBS,0.2791467809486705,27.91467809486705,3.5823447313328676
-19483,EBS,2019,162,201901,193,3,0,2019-07-28,0.497,2.74,17.415,Y,2.491,0.013912080357285,61.999075,-175.172015,V-27,78,80,NA,10.8,0.4,274,44,15,1,3,ALL,EBS_SINGLE,123107,2019-8,1,78.86,13.02,190.5,1.0815,0.2794,0,4,EBS,0.2583448913546001,25.83448913546001,3.8707945597709377
-19483,EBS,2019,162,201901,193,3,0,2019-07-28,0.497,2.74,17.415,Y,2.491,0.013912080357285,61.999075,-175.172015,V-27,78,80,NA,10.8,0.4,274,44,15,1,3,ALL,EBS_SINGLE,123107,2019-9,1,87.42,14.75,NA,1.1223,0.2368,0,4,EBS,0.21099527755502093,21.09952775550209,4.7394425675675675
-19909,EBS,2021,94,202101,42,3,0,2021-06-08,0.527,2.922,16.898,Y,2.3160000000000003,0.0143957253812526,55.71306,-163.98506,C-07,91,93,NA,6.5,3.5,320,44,15,2,3,ALL,EBS_SINGLE,123107,2021-VA-31,1,89.65,15.65,270,0.3161,0.0659,0,NA,NA,0.2084783296425182,20.84783296425182,4.796661608497724
-20215,EBS,2021,162,202101,110,3,0,2021-06-28,0.515,2.842,18.342000000000002,Y,1.5770000000000002,0.0151980825328794,56.340379999999996,-170.04649,E-21,107,109,NA,7.7,4.2,320,44,15,1,3,ALL,EBS_SINGLE,123107,2021-AKK-3,1,102.55,17.95,354,0.3604,0.0951,0,1,EBS,0.26387347391786903,26.387347391786903,3.789695057833859
-20211,EBS,2021,162,202101,106,3,0,2021-06-27,0.514,2.811,17.318,Y,2.4250000000000003,0.0141930788929083,56.6657,-168.91526499999998,F-19,98,100,NA,9.200000000000001,3.7,320,44,15,2,3,ALL,PRIB_MTCA,10025,2021-AKK-2,1,89.77,15.22,277,0.2596,0.0832,0,2,EBS,0.3204930662557781,32.04930662557781,3.120192307692308
-20218,EBS,2021,162,202101,112,3,0,2021-06-29,0.533,2.936,18.587,Y,1.564,0.015910483813897203,56.65739,-170.73806,F-22,113,115,NA,8.6,3.9,366,44,15,1,3,ALL,PRIB_MTCA,10025,2021-AKK-4,1,92.16,17.05,320,0.3442,0.0804,0,6,EBS,0.2335851249273678,23.35851249273678,4.281094527363185
-20218,EBS,2021,162,202101,112,3,0,2021-06-29,0.533,2.936,18.587,Y,1.564,0.015910483813897203,56.65739,-170.73806,F-22,113,115,NA,8.6,3.9,366,44,15,1,3,ALL,PRIB_MTCA,10025,2021-AKK-5,1,95.73,16.75,324,0.3883,0.1069,0,6,EBS,0.2753026010816379,27.53026010816379,3.6323666978484566
-20278,EBS,2021,94,202101,153,3,3.13,2021-07-12,0.312,1.614,17.175,Y,2.343,0.0080819900610075,56.669295,-171.959645,F-24,124,126,NA,8.6,4.1,366,44,15,1,3,ALL,EBS_SINGLE,123107,2021-VA-82,1,91.89,NA,336,0.3115,0.1141,NA,6,EBS,0.36629213483146067,36.62921348314607,2.7300613496932518
-20278,EBS,2021,94,202101,153,3,3.13,2021-07-12,0.312,1.614,17.175,Y,2.343,0.0080819900610075,56.669295,-171.959645,F-24,124,126,NA,8.6,4.1,366,44,15,1,3,ALL,EBS_SINGLE,123107,2021-VA-89,1,92.21,NA,284,0.2657,0.1092,NA,6,EBS,0.41098983816334217,41.09898381633422,2.433150183150183
-20100,EBS,2021,94,202101,113,3,0,2021-06-27,0.529,2.758,16.574,Y,2.099,0.0133272220047582,57.17713,-169.313605,HG2019,71,73,NA,9.200000000000001,4.1,274,44,15,1,3,ALL,PRIB_MTCA,10025,2021-VA-28,1,86.41,15.7,220,0.3406,0.1465,0,2,EBS,0.4301233118027011,43.01233118027011,2.324914675767918
-20205,EBS,2021,162,202101,100,3,0,2021-06-26,0.504,2.769,15.497,Y,2.482,0.0125109020716465,57.672084999999996,-169.033635,I-19,67,69,NA,9,3.6,229,44,15,1,3,ALL,PRIB_MTCA,10025,2021-AKK-1,1,96.68,18.45,357,0.2963,0.1243,0,2,EBS,0.41950725615929796,41.9507256159298,2.3837489943684638
-20255,EBS,2021,94,202101,151,3,0,2021-07-07,0.527,2.838,19.464000000000002,Y,2.0020000000000002,0.0161050665196872,57.677395,-171.52829,I-23,97,99,NA,8.3,3.6,320,44,15,2,3,ALL,EBS_SINGLE,123107,2021-VA-68,1,90.42,17.36,NA,0.4018,0.1666,0,2,EBS,0.4146341463414634,41.46341463414634,2.411764705882353
-20255,EBS,2021,94,202101,151,3,0,2021-07-07,0.527,2.838,19.464000000000002,Y,2.0020000000000002,0.0161050665196872,57.677395,-171.52829,I-23,97,99,NA,8.3,3.6,320,44,15,2,3,ALL,EBS_SINGLE,123107,2021-VA-70,1,82.59,15.09,218,0.3182,0.1455,0,2,EBS,0.4572595851665619,45.72595851665619,2.186941580756014
-20255,EBS,2021,94,202101,151,3,0,2021-07-07,0.527,2.838,19.464000000000002,Y,2.0020000000000002,0.0161050665196872,57.677395,-171.52829,I-23,97,99,NA,8.3,3.6,320,44,15,2,3,ALL,EBS_SINGLE,123107,2021-VA-71,1,92.65,17.76,NA,0.4269,0.1574,0,2,EBS,0.36870461466385573,36.87046146638557,2.7121982210927573
-20255,EBS,2021,94,202101,151,3,0,2021-07-07,0.527,2.838,19.464000000000002,Y,2.0020000000000002,0.0161050665196872,57.677395,-171.52829,I-23,97,99,NA,8.3,3.6,320,44,15,2,3,ALL,EBS_SINGLE,123107,2021-VA-76,1,84.43,14.19,NA,0.3592,0.1469,0,2,EBS,0.40896436525612473,40.89643652561247,2.445200816882233
-20255,EBS,2021,94,202101,151,3,0,2021-07-07,0.527,2.838,19.464000000000002,Y,2.0020000000000002,0.0161050665196872,57.677395,-171.52829,I-23,97,99,NA,8.3,3.6,320,44,15,2,3,ALL,EBS_SINGLE,123107,2021-VA-81,1,93.23,16.84,NA,0.3314,0.1285,0,2,EBS,0.38774894387447195,38.7748943874472,2.5789883268482487
-20254,EBS,2021,94,202101,150,3,0,2021-07-06,0.524,2.833,17.938000000000002,Y,2.021,0.0148162613501859,58.005829999999996,-171.59304500000002,J-23,96,98,NA,8.6,3.3000000000000003,320,44,15,2,3,ALL,EBS_SINGLE,123107,2021-VA-37,1,87.9,15.27,248,0.3821,0.137,0,2,EBS,0.3585448835383408,35.85448835383408,2.7890510948905107
-20254,EBS,2021,94,202101,150,3,0,2021-07-06,0.524,2.833,17.938000000000002,Y,2.021,0.0148162613501859,58.005829999999996,-171.59304500000002,J-23,96,98,NA,8.6,3.3000000000000003,320,44,15,2,3,ALL,EBS_SINGLE,123107,2021-VA-73,1,88.57,16.62,264,0.3374,0.1483,0,2,EBS,0.43953764078245405,43.953764078245406,2.275118004045853
-20254,EBS,2021,94,202101,150,3,0,2021-07-06,0.524,2.833,17.938000000000002,Y,2.021,0.0148162613501859,58.005829999999996,-171.59304500000002,J-23,96,98,NA,8.6,3.3000000000000003,320,44,15,2,3,ALL,EBS_SINGLE,123107,2021-VA-78,1,82.17,15.3,NA,0.3338,0.1519,0,2,EBS,0.4550629119233074,45.506291192330735,2.1974983541803814
-20254,EBS,2021,94,202101,150,3,0,2021-07-06,0.524,2.833,17.938000000000002,Y,2.021,0.0148162613501859,58.005829999999996,-171.59304500000002,J-23,96,98,NA,8.6,3.3000000000000003,320,44,15,2,3,ALL,EBS_SINGLE,123107,2021-VA-84,1,88.2,16,262,0.3618,0.1701,0,2,EBS,0.47014925373134325,47.014925373134325,2.126984126984127
-20254,EBS,2021,94,202101,150,3,0,2021-07-06,0.524,2.833,17.938000000000002,Y,2.021,0.0148162613501859,58.005829999999996,-171.59304500000002,J-23,96,98,NA,8.6,3.3000000000000003,320,44,15,2,3,ALL,EBS_SINGLE,123107,2021-VA-85,1,96.1,19.31,NA,0.451,0.21,0,2,EBS,0.46563192904656314,46.56319290465631,2.1476190476190475
-20254,EBS,2021,94,202101,150,3,0,2021-07-06,0.524,2.833,17.938000000000002,Y,2.021,0.0148162613501859,58.005829999999996,-171.59304500000002,J-23,96,98,NA,8.6,3.3000000000000003,320,44,15,2,3,ALL,EBS_SINGLE,123107,2021-VA-88,1,90.11,17.72,270,0.2452,0.1175,0,2,EBS,0.4792006525285481,47.92006525285481,2.086808510638298
-20094,EBS,2021,94,202101,107,3,0,2021-06-25,0.519,2.7150000000000003,16.397000000000002,Y,1.9140000000000001,0.012979329760064301,58.33916,-169.72913,K-20,67,69,NA,8.4,3.1,229,44,15,1,3,ALL,EBS_SINGLE,123107,2021-VA-5,1,93.36,18.15,288,0.3763,0.132,0,3,EBS,0.35078394897688014,35.078394897688014,2.8507575757575756
-20094,EBS,2021,94,202101,107,3,0,2021-06-25,0.519,2.7150000000000003,16.397000000000002,Y,1.9140000000000001,0.012979329760064301,58.33916,-169.72913,K-20,67,69,NA,8.4,3.1,229,44,15,1,3,ALL,EBS_SINGLE,123107,2021-VA-14,1,92.74,16.5,266,0.6096,0.1727,0,3,EBS,0.2833005249343832,28.330052493438316,3.5298204979733647
-20094,EBS,2021,94,202101,107,3,0,2021-06-25,0.519,2.7150000000000003,16.397000000000002,Y,1.9140000000000001,0.012979329760064301,58.33916,-169.72913,K-20,67,69,NA,8.4,3.1,229,44,15,1,3,ALL,EBS_SINGLE,123107,2021-VA-18,1,94.32,18.32,270,0.2981,0.0965,0,3,EBS,0.3237168735323717,32.37168735323717,3.0891191709844557
-20094,EBS,2021,94,202101,107,3,0,2021-06-25,0.519,2.7150000000000003,16.397000000000002,Y,1.9140000000000001,0.012979329760064301,58.33916,-169.72913,K-20,67,69,NA,8.4,3.1,229,44,15,1,3,ALL,EBS_SINGLE,123107,2021-VA-24,1,93.29,17.1,NA,0.3308,0.0975,0,3,EBS,0.29474002418379686,29.474002418379687,3.3928205128205127
-20094,EBS,2021,94,202101,107,3,0,2021-06-25,0.519,2.7150000000000003,16.397000000000002,Y,1.9140000000000001,0.012979329760064301,58.33916,-169.72913,K-20,67,69,NA,8.4,3.1,229,44,15,1,3,ALL,EBS_SINGLE,123107,2021-VA-26,1,94.23,19.12,318,0.1519,0.0455,0,3,EBS,0.2995391705069124,29.953917050691242,3.3384615384615386
-20094,EBS,2021,94,202101,107,3,0,2021-06-25,0.519,2.7150000000000003,16.397000000000002,Y,1.9140000000000001,0.012979329760064301,58.33916,-169.72913,K-20,67,69,NA,8.4,3.1,229,44,15,1,3,ALL,EBS_SINGLE,123107,2021-VA-27,1,91.12,18.11,NA,0.3485,0.1121,0,3,EBS,0.3216642754662841,32.16642754662841,3.108831400535236
-20093,EBS,2021,94,202101,106,3,4.3,2021-06-25,0.521,2.706,16.682000000000002,Y,1.858,0.0131611532165982,58.668724999999995,-169.78650499999998,L-20,65,67,NA,7.8,3.7,229,44,15,1,3,ALL,EBS_SINGLE,123107,2021-VA-11,1,91.8,18,294,0.3709,0.0954,0,3,EBS,0.25721218657320033,25.721218657320033,3.8878406708595388
-20093,EBS,2021,94,202101,106,3,4.3,2021-06-25,0.521,2.706,16.682000000000002,Y,1.858,0.0131611532165982,58.668724999999995,-169.78650499999998,L-20,65,67,NA,7.8,3.7,229,44,15,1,3,ALL,EBS_SINGLE,123107,2021-VA-12,1,91.84,17.74,294,0.3177,0.0874,0,3,EBS,0.2751022977651873,27.51022977651873,3.6350114416475967
-20093,EBS,2021,94,202101,106,3,4.3,2021-06-25,0.521,2.706,16.682000000000002,Y,1.858,0.0131611532165982,58.668724999999995,-169.78650499999998,L-20,65,67,NA,7.8,3.7,229,44,15,1,3,ALL,EBS_SINGLE,123107,2021-VA-16,1,95.31,17.71,304,0.3256,0.0758,0,3,EBS,0.23280098280098283,23.280098280098283,4.295514511873351
-20093,EBS,2021,94,202101,106,3,4.3,2021-06-25,0.521,2.706,16.682000000000002,Y,1.858,0.0131611532165982,58.668724999999995,-169.78650499999998,L-20,65,67,NA,7.8,3.7,229,44,15,1,3,ALL,EBS_SINGLE,123107,2021-VA-21,1,90.17,17.64,270,0.3175,0.0761,0,3,EBS,0.23968503937007873,23.968503937007874,4.1721419185282524
-20093,EBS,2021,94,202101,106,3,4.3,2021-06-25,0.521,2.706,16.682000000000002,Y,1.858,0.0131611532165982,58.668724999999995,-169.78650499999998,L-20,65,67,NA,7.8,3.7,229,44,15,1,3,ALL,EBS_SINGLE,123107,2021-VA-25,1,80.61,15.91,200,0.3315,0.0947,0,3,EBS,0.2856711915535445,28.567119155354447,3.5005279831045404
-20093,EBS,2021,94,202101,106,3,4.3,2021-06-25,0.521,2.706,16.682000000000002,Y,1.858,0.0131611532165982,58.668724999999995,-169.78650499999998,L-20,65,67,NA,7.8,3.7,229,44,15,1,3,ALL,EBS_SINGLE,123107,2021-VA-29,1,91.6,17.72,284,0.3448,0.0859,0,3,EBS,0.24912993039443157,24.91299303944316,4.013969732246799
-20192,EBS,2021,94,202101,128,3,0,2021-07-01,0.514,2.704,17.240000000000002,Y,2.637,0.013591330854816,58.662344999999995,-170.43126,L-21,71,74,NA,8.1,3.1,274,44,15,1,3,ALL,EBS_SINGLE,123107,2021-VA-9,1,85.79,15.29,226,0.3394,0.1021,0,3,EBS,0.30082498526812024,30.082498526812024,3.324191968658178
-20192,EBS,2021,94,202101,128,3,0,2021-07-01,0.514,2.704,17.240000000000002,Y,2.637,0.013591330854816,58.662344999999995,-170.43126,L-21,71,74,NA,8.1,3.1,274,44,15,1,3,ALL,EBS_SINGLE,123107,2021-VA-17,1,88.47,14.77,240,0.3352,0.1103,0,3,EBS,0.3290572792362768,32.90572792362768,3.038984587488667
-20192,EBS,2021,94,202101,128,3,0,2021-07-01,0.514,2.704,17.240000000000002,Y,2.637,0.013591330854816,58.662344999999995,-170.43126,L-21,71,74,NA,8.1,3.1,274,44,15,1,3,ALL,EBS_SINGLE,123107,2021-VA-19,1,88.85,17.43,258,0.3126,0.1076,0,3,EBS,0.34420985284708894,34.42098528470889,2.9052044609665426
-20192,EBS,2021,94,202101,128,3,0,2021-07-01,0.514,2.704,17.240000000000002,Y,2.637,0.013591330854816,58.662344999999995,-170.43126,L-21,71,74,NA,8.1,3.1,274,44,15,1,3,ALL,EBS_SINGLE,123107,2021-VA-22,1,86.6,16.53,240,0.3107,0.1031,0,3,EBS,0.33183134856775026,33.18313485677503,3.013579049466537
-20192,EBS,2021,94,202101,128,3,0,2021-07-01,0.514,2.704,17.240000000000002,Y,2.637,0.013591330854816,58.662344999999995,-170.43126,L-21,71,74,NA,8.1,3.1,274,44,15,1,3,ALL,EBS_SINGLE,123107,2021-VA-36,1,85.02,16.03,238,0.2986,0.0933,0,3,EBS,0.31245813797722705,31.245813797722704,3.20042872454448
-20192,EBS,2021,94,202101,128,3,0,2021-07-01,0.514,2.704,17.240000000000002,Y,2.637,0.013591330854816,58.662344999999995,-170.43126,L-21,71,74,NA,8.1,3.1,274,44,15,1,3,ALL,EBS_SINGLE,123107,2021-VA-46,1,86.96,15.03,238,0.325,0.0944,0,3,EBS,0.29046153846153844,29.046153846153842,3.442796610169492
-20269,EBS,2021,162,202101,153,3,0,2021-07-08,0.509,2.717,16.936,Y,2.232,0.0134158600542252,58.677809999999994,-172.36717,L-24,99,101,NA,8.6,2.8000000000000003,320,44,15,2,3,ALL,EBS_SINGLE,123107,2021-AKK-18,1,94.51,17.76,345,0.3927,0.1212,0,6,EBS,0.30863254392666156,30.863254392666157,3.24009900990099
-20092,EBS,2021,94,202101,105,3,0,2021-06-25,0.528,2.829,16.618000000000002,Y,2.025,0.013706599970378701,58.99643,-169.83571,M-20,61,63,NA,7.6000000000000005,3.5,229,44,15,2,3,ALL,EBS_SINGLE,123107,2021-VA-3,1,84.45,13.96,212,0.3592,0.0853,0,3,EBS,0.23747216035634744,23.747216035634743,4.211019929660024
-20092,EBS,2021,94,202101,105,3,0,2021-06-25,0.528,2.829,16.618000000000002,Y,2.025,0.013706599970378701,58.99643,-169.83571,M-20,61,63,NA,7.6000000000000005,3.5,229,44,15,2,3,ALL,EBS_SINGLE,123107,2021-VA-4,1,87.83,16.69,238,0.3229,0.0782,0,3,EBS,0.24218024156085474,24.218024156085473,4.129156010230179
-20092,EBS,2021,94,202101,105,3,0,2021-06-25,0.528,2.829,16.618000000000002,Y,2.025,0.013706599970378701,58.99643,-169.83571,M-20,61,63,NA,7.6000000000000005,3.5,229,44,15,2,3,ALL,EBS_SINGLE,123107,2021-VA-7,1,91.8,17.38,280,0.3198,0.0854,0,3,EBS,0.26704190118824267,26.70419011882427,3.744730679156908
-20092,EBS,2021,94,202101,105,3,0,2021-06-25,0.528,2.829,16.618000000000002,Y,2.025,0.013706599970378701,58.99643,-169.83571,M-20,61,63,NA,7.6000000000000005,3.5,229,44,15,2,3,ALL,EBS_SINGLE,123107,2021-VA-8,1,84.61,16.26,224,0.3391,0.0977,0,3,EBS,0.2881156001179593,28.81156001179593,3.470829068577278
-20092,EBS,2021,94,202101,105,3,0,2021-06-25,0.528,2.829,16.618000000000002,Y,2.025,0.013706599970378701,58.99643,-169.83571,M-20,61,63,NA,7.6000000000000005,3.5,229,44,15,2,3,ALL,EBS_SINGLE,123107,2021-VA-15,1,87.73,17.03,246,0.3468,0.0938,0,3,EBS,0.2704728950403691,27.047289504036907,3.697228144989339
-20092,EBS,2021,94,202101,105,3,0,2021-06-25,0.528,2.829,16.618000000000002,Y,2.025,0.013706599970378701,58.99643,-169.83571,M-20,61,63,NA,7.6000000000000005,3.5,229,44,15,2,3,ALL,EBS_SINGLE,123107,2021-VA-23,1,88.71,16.85,248,0.3207,0.0898,0,3,EBS,0.28001247271593394,28.001247271593392,3.5712694877505564
-20193,EBS,2021,94,202101,129,3,0,2021-07-02,0.502,2.757,16.309,Y,2.701,0.0131093794642585,58.989335,-170.477475,M-21,69,72,NA,7.8,2.8000000000000003,229,44,15,1,3,ALL,EBS_SINGLE,123107,2021-VA-33,1,83.67,17.06,236,0.3166,0.1074,0,3,EBS,0.3392293114339861,33.92293114339861,2.9478584729981376
-20193,EBS,2021,94,202101,129,3,0,2021-07-02,0.502,2.757,16.309,Y,2.701,0.0131093794642585,58.989335,-170.477475,M-21,69,72,NA,7.8,2.8000000000000003,229,44,15,1,3,ALL,EBS_SINGLE,123107,2021-VA-34,1,86.17,16.5,214,0.3256,0.1165,0,3,EBS,0.3578009828009828,35.78009828009828,2.794849785407725
-20193,EBS,2021,94,202101,129,3,0,2021-07-02,0.502,2.757,16.309,Y,2.701,0.0131093794642585,58.989335,-170.477475,M-21,69,72,NA,7.8,2.8000000000000003,229,44,15,1,3,ALL,EBS_SINGLE,123107,2021-VA-43,1,81.27,15.67,206,0.3232,0.1106,0,3,EBS,0.34220297029702973,34.22029702970298,2.9222423146473777
-20193,EBS,2021,94,202101,129,3,0,2021-07-02,0.502,2.757,16.309,Y,2.701,0.0131093794642585,58.989335,-170.477475,M-21,69,72,NA,7.8,2.8000000000000003,229,44,15,1,3,ALL,EBS_SINGLE,123107,2021-VA-47,1,82.07,16.3,206,0.3572,0.107,0,3,EBS,0.29955207166853304,29.955207166853302,3.338317757009346
-20193,EBS,2021,94,202101,129,3,0,2021-07-02,0.502,2.757,16.309,Y,2.701,0.0131093794642585,58.989335,-170.477475,M-21,69,72,NA,7.8,2.8000000000000003,229,44,15,1,3,ALL,EBS_SINGLE,123107,2021-VA-56,1,86.1,16.52,242,0.3192,0.1002,0,3,EBS,0.31390977443609025,31.390977443609025,3.18562874251497
-20193,EBS,2021,94,202101,129,3,0,2021-07-02,0.502,2.757,16.309,Y,2.701,0.0131093794642585,58.989335,-170.477475,M-21,69,72,NA,7.8,2.8000000000000003,229,44,15,1,3,ALL,EBS_SINGLE,123107,2021-VA-60,1,88.17,17.31,252,0.3325,0.101,0,3,EBS,0.3037593984962406,30.37593984962406,3.292079207920792
-20372,EBS,2021,94,202101,165,3,0,2021-07-14,0.521,2.778,17.85,Y,2.193,0.014457343432455002,58.988769999999995,-173.079855,M-25,105,107,NA,9.9,2.7,320,44,15,2,3,ALL,EBS_SINGLE,123107,2021-VA-61,1,95.84,17.7,NA,0.3344,0.1133,0,5,EBS,0.33881578947368424,33.881578947368425,2.9514563106796117
-20091,EBS,2021,94,202101,104,3,0,2021-06-25,0.529,2.906,17.115000000000002,Y,1.82,0.0145007528107365,59.325815,-169.88594,N-20,59,61,NA,7.3,3.1,229,44,15,1,3,ALL,EBS_SINGLE,123107,2021-VA-1,1,73.57,14.42,164,0.313,0.0736,0,3,EBS,0.23514376996805111,23.51437699680511,4.252717391304348
-20091,EBS,2021,94,202101,104,3,0,2021-06-25,0.529,2.906,17.115000000000002,Y,1.82,0.0145007528107365,59.325815,-169.88594,N-20,59,61,NA,7.3,3.1,229,44,15,1,3,ALL,EBS_SINGLE,123107,2021-VA-2,1,80.83,16.55,200,0.3421,0.0835,0,3,EBS,0.24408067816427945,24.408067816427945,4.097005988023952
-20091,EBS,2021,94,202101,104,3,0,2021-06-25,0.529,2.906,17.115000000000002,Y,1.82,0.0145007528107365,59.325815,-169.88594,N-20,59,61,NA,7.3,3.1,229,44,15,1,3,ALL,EBS_SINGLE,123107,2021-VA-6,1,83.35,15.93,196,0.3024,0.0845,0,3,EBS,0.279431216931217,27.943121693121697,3.578698224852071
-20091,EBS,2021,94,202101,104,3,0,2021-06-25,0.529,2.906,17.115000000000002,Y,1.82,0.0145007528107365,59.325815,-169.88594,N-20,59,61,NA,7.3,3.1,229,44,15,1,3,ALL,EBS_SINGLE,123107,2021-VA-10,1,78.88,15.53,188,0.3471,0.0632,0,3,EBS,0.18208009219245175,18.208009219245174,5.492088607594937
-20091,EBS,2021,94,202101,104,3,0,2021-06-25,0.529,2.906,17.115000000000002,Y,1.82,0.0145007528107365,59.325815,-169.88594,N-20,59,61,NA,7.3,3.1,229,44,15,1,3,ALL,EBS_SINGLE,123107,2021-VA-30,1,86.27,15.7,206,0.3154,0.0739,0,3,EBS,0.2343056436271401,23.43056436271401,4.2679296346414075
-20230,EBS,2021,162,202101,124,3,0,2021-07-02,0.536,2.9570000000000003,17.913,Y,1.61,0.0154432138838324,59.33329,-171.19173,N-22,74,76,NA,7.5,2.4,274,44,15,1,3,ALL,EBS_SINGLE,123107,2021-AKK-6,1,95.03,18.2,340,0.3624,0.1254,0,3,EBS,0.3460264900662252,34.60264900662252,2.8899521531100474
-20432,EBS,2021,94,202101,167,3,0,2021-07-15,0.534,2.858,17.899,Y,2.08,0.0149145113304957,59.32609,-173.80514,N-26,109,111,NA,9.8,2.6,366,44,15,1,3,ALL,STMATT_MTCA,7218,2021-VA-64,2,58.17,0,62,0.4553,0.0923,0,5,EBS,0.2027234790248188,20.27234790248188,4.932827735644637
-20090,EBS,2021,94,202101,103,3,0,2021-06-25,0.54,3.041,16.601,Y,2.0580000000000003,0.0147186746537473,59.673694999999995,-169.91835,O-20,55,57,NA,7.3,3.1,183,44,15,1,3,ALL,EBS_SINGLE,123107,2021-VA-13,1,73.35,13.76,146,0.3216,0.0918,0,3,EBS,0.28544776119402987,28.544776119402986,3.5032679738562087
-20090,EBS,2021,94,202101,103,3,0,2021-06-25,0.54,3.041,16.601,Y,2.0580000000000003,0.0147186746537473,59.673694999999995,-169.91835,O-20,55,57,NA,7.3,3.1,183,44,15,1,3,ALL,EBS_SINGLE,123107,2021-VA-20,1,72.15,12.9,134,0.3177,0.0928,0,3,EBS,0.29209946490399746,29.209946490399748,3.4234913793103448
-20231,EBS,2021,162,202101,125,3,0,2021-07-02,0.517,2.847,17.861,Y,1.6480000000000001,0.0148255656922445,59.661364999999996,-171.251055,O-22,71,73,NA,7.7,2.4,229,44,15,1,3,ALL,EBS_SINGLE,123107,2021-AKK-7,1,88.87,15.44,280,0.2446,0.0657,0,3,EBS,0.26860179885527385,26.860179885527387,3.722983257229833
-20467,EBS,2021,162,202101,179,3,0,2021-07-19,0.5,2.718,17.882,Y,2.1140000000000003,0.0141704479387746,59.663745,-177.14101,O-31,173,175,NA,8.6,1.8,503,44,15,2,3,ALL,EBS_SINGLE,123107,2021-AKK-19,1,72.57,10.3,115,0.2914,0.1232,0,5,EBS,0.422786547700755,42.278654770075505,2.36525974025974
-20196,EBS,2021,94,202101,132,3,0,2021-07-02,0.516,2.894,17.447,N,2.548,0.0147210003748203,59.991634999999995,-170.631075,P-21,62,65,NA,7.6000000000000005,3.3000000000000003,229,44,15,1,3,ALL,EBS_SINGLE,123107,2021-VA-52,1,82.81,14.45,NA,0.3047,0.0924,0,4,EBS,0.30324909747292417,30.324909747292416,3.297619047619048
-20196,EBS,2021,94,202101,132,3,0,2021-07-02,0.516,2.894,17.447,N,2.548,0.0147210003748203,59.991634999999995,-170.631075,P-21,62,65,NA,7.6000000000000005,3.3000000000000003,229,44,15,1,3,ALL,EBS_SINGLE,123107,2021-VA-55,1,85.5,15.44,NA,0.3342,0.1081,0,4,EBS,0.3234590065828845,32.34590065828845,3.091581868640148
-20196,EBS,2021,94,202101,132,3,0,2021-07-02,0.516,2.894,17.447,N,2.548,0.0147210003748203,59.991634999999995,-170.631075,P-21,62,65,NA,7.6000000000000005,3.3000000000000003,229,44,15,1,3,ALL,EBS_SINGLE,123107,2021-VA-57,1,81.6,14.66,198,0.3348,0.1169,0,4,EBS,0.3491636798088411,34.91636798088411,2.8639863130881094
-20196,EBS,2021,94,202101,132,3,0,2021-07-02,0.516,2.894,17.447,N,2.548,0.0147210003748203,59.991634999999995,-170.631075,P-21,62,65,NA,7.6000000000000005,3.3000000000000003,229,44,15,1,3,ALL,EBS_SINGLE,123107,2021-VA-59,1,85.27,14.66,NA,0.3338,0.107,0,4,EBS,0.32055122828040744,32.055122828040744,3.119626168224299
-20259,EBS,2021,162,202101,143,3,0,2021-07-06,0.519,2.817,17.517,Y,2.408,0.0143868134700031,60.000665,-173.97722,P-26,95,100,NA,8.700000000000001,1.9000000000000001,320,44,15,1,3,ALL,STMATT_MTCA,7218,2021-AKK-15,1,76.53,13.8,155,0.3281,0.0973,0,4,EBS,0.29655592807071013,29.655592807071013,3.3720452209660845
-20259,EBS,2021,162,202101,143,3,0,2021-07-06,0.519,2.817,17.517,Y,2.408,0.0143868134700031,60.000665,-173.97722,P-26,95,100,NA,8.700000000000001,1.9000000000000001,320,44,15,1,3,ALL,STMATT_MTCA,7218,2021-AKK-16,1,83.03,15.52,219,0.394,0.1938,0,4,EBS,0.4918781725888325,49.18781725888325,2.0330237358101138
-20259,EBS,2021,162,202101,143,3,0,2021-07-06,0.519,2.817,17.517,Y,2.408,0.0143868134700031,60.000665,-173.97722,P-26,95,100,NA,8.700000000000001,1.9000000000000001,320,44,15,1,3,ALL,STMATT_MTCA,7218,2021-AKK-17,1,79.92,12.58,157,0.2889,0.1063,0,4,EBS,0.36794738663897547,36.79473866389755,2.7177798682972716
-20458,EBS,2021,94,202101,177,3,0,2021-07-17,0.515,2.588,18.204,Y,2.234,0.0137356474306392,60.011464999999994,-175.26673,P-28,115,117,NA,9.200000000000001,2.3000000000000003,366,44,15,1,3,ALL,EBS_SINGLE,123107,2021-VA-94,1,89.92,17,282,0.3921,0.2008,0,5,EBS,0.5121142565672022,51.21142565672022,1.9526892430278884
-20458,EBS,2021,94,202101,177,3,0,2021-07-17,0.515,2.588,18.204,Y,2.234,0.0137356474306392,60.011464999999994,-175.26673,P-28,115,117,NA,9.200000000000001,2.3000000000000003,366,44,15,1,3,ALL,EBS_SINGLE,123107,2021-VA-97,1,83.86,15.96,NA,0.3337,0.158,0,5,EBS,0.47347917290979924,47.34791729097992,2.1120253164556964
-20458,EBS,2021,94,202101,177,3,0,2021-07-17,0.515,2.588,18.204,Y,2.234,0.0137356474306392,60.011464999999994,-175.26673,P-28,115,117,NA,9.200000000000001,2.3000000000000003,366,44,15,1,3,ALL,EBS_SINGLE,123107,2021-VA-114,1,94.06,17.01,NA,0.3198,0.1583,0,5,EBS,0.49499687304565354,49.499687304565356,2.020214782059381
-20246,EBS,2021,94,202101,142,3,0,2021-07-05,0.35700000000000004,1.949,18.231,Y,2.173,0.010359537482383701,59.835044999999994,-172.905435,PO2524,77,79,NA,8.5,2,274,44,15,1,3,ALL,STMATT_MTCA,7218,2021-VA-39,1,89.76,16.4,276,0.4337,0.0938,0,4,EBS,0.21627853354853585,21.627853354853585,4.6236673773987205
-20246,EBS,2021,94,202101,142,3,0,2021-07-05,0.35700000000000004,1.949,18.231,Y,2.173,0.010359537482383701,59.835044999999994,-172.905435,PO2524,77,79,NA,8.5,2,274,44,15,1,3,ALL,STMATT_MTCA,7218,2021-VA-44,1,93.03,17.04,286,0.315,0.0734,0,4,EBS,0.23301587301587304,23.301587301587304,4.291553133514986
-20246,EBS,2021,94,202101,142,3,0,2021-07-05,0.35700000000000004,1.949,18.231,Y,2.173,0.010359537482383701,59.835044999999994,-172.905435,PO2524,77,79,NA,8.5,2,274,44,15,1,3,ALL,STMATT_MTCA,7218,2021-VA-45,1,87.4,15.79,262,0.307,0.0689,0,4,EBS,0.22442996742671012,22.442996742671014,4.455732946298983
-20246,EBS,2021,94,202101,142,3,0,2021-07-05,0.35700000000000004,1.949,18.231,Y,2.173,0.010359537482383701,59.835044999999994,-172.905435,PO2524,77,79,NA,8.5,2,274,44,15,1,3,ALL,STMATT_MTCA,7218,2021-VA-48,1,88.1,16.61,264,0.3135,0.0659,0,4,EBS,0.210207336523126,21.0207336523126,4.757207890743551
-20246,EBS,2021,94,202101,142,3,0,2021-07-05,0.35700000000000004,1.949,18.231,Y,2.173,0.010359537482383701,59.835044999999994,-172.905435,PO2524,77,79,NA,8.5,2,274,44,15,1,3,ALL,STMATT_MTCA,7218,2021-VA-49,1,92.21,18.07,292,0.6137,0.1331,0,4,EBS,0.21688121231872248,21.68812123187225,4.610818933132983
-20198,EBS,2021,94,202101,134,3,0,2021-07-03,0.534,3.0010000000000003,16.341,Y,2.543,0.0142975841503424,60.334165,-171.33297499999998,Q-22,64,67,NA,7.1000000000000005,2.3000000000000003,229,44,15,1,3,ALL,EBS_SINGLE,123107,2021-VA-38,1,88.7,17.99,266,0.4644,0.1218,0,4,EBS,0.26227390180878557,26.227390180878558,3.8128078817733986
-20198,EBS,2021,94,202101,134,3,0,2021-07-03,0.534,3.0010000000000003,16.341,Y,2.543,0.0142975841503424,60.334165,-171.33297499999998,Q-22,64,67,NA,7.1000000000000005,2.3000000000000003,229,44,15,1,3,ALL,EBS_SINGLE,123107,2021-VA-42,1,87.42,16.62,232,0.3132,0.0737,0,4,EBS,0.2353128991060026,23.531289910600258,4.24966078697422
-20198,EBS,2021,94,202101,134,3,0,2021-07-03,0.534,3.0010000000000003,16.341,Y,2.543,0.0142975841503424,60.334165,-171.33297499999998,Q-22,64,67,NA,7.1000000000000005,2.3000000000000003,229,44,15,1,3,ALL,EBS_SINGLE,123107,2021-VA-50,1,90.79,16.76,250,0.3106,0.0816,0,4,EBS,0.26271732131358666,26.271732131358664,3.806372549019607
-20198,EBS,2021,94,202101,134,3,0,2021-07-03,0.534,3.0010000000000003,16.341,Y,2.543,0.0142975841503424,60.334165,-171.33297499999998,Q-22,64,67,NA,7.1000000000000005,2.3000000000000003,229,44,15,1,3,ALL,EBS_SINGLE,123107,2021-VA-51,1,88.37,15.95,228,0.3161,0.0765,0,4,EBS,0.24201202151217968,24.201202151217966,4.132026143790849
-20198,EBS,2021,94,202101,134,3,0,2021-07-03,0.534,3.0010000000000003,16.341,Y,2.543,0.0142975841503424,60.334165,-171.33297499999998,Q-22,64,67,NA,7.1000000000000005,2.3000000000000003,229,44,15,1,3,ALL,EBS_SINGLE,123107,2021-VA-53,1,90.04,17.33,258,0.3293,0.0866,0,4,EBS,0.26298208320680233,26.29820832068023,3.802540415704388
-20198,EBS,2021,94,202101,134,3,0,2021-07-03,0.534,3.0010000000000003,16.341,Y,2.543,0.0142975841503424,60.334165,-171.33297499999998,Q-22,64,67,NA,7.1000000000000005,2.3000000000000003,229,44,15,1,3,ALL,EBS_SINGLE,123107,2021-VA-54,1,88.46,16.53,242,0.3961,0.0913,0,4,EBS,0.230497349154254,23.0497349154254,4.338444687842278
-20257,EBS,2021,162,202101,141,3,0,2021-07-06,0.522,2.847,17.591,Y,2.466,0.014601451547633,60.34057,-174.070425,Q-26,88,90,NA,8.6,2.1,320,44,15,1,3,ALL,STMATT_MTCA,7218,2021-AKK-13,1,78.89,13.77,194,0.3279,0.0762,0,4,EBS,0.232387923147301,23.2387923147301,4.303149606299213
-20439,EBS,2021,94,202101,171,3,0,2021-07-16,0.533,2.85,17.304000000000002,Y,2.134,0.01437836162994,60.317524999999996,-174.70463999999998,Q-27,101,103,NA,9.3,1.9000000000000001,320,44,15,1,3,ALL,STMATT_MTCA,7218,2021-VA-83,1,82.86,14.37,NA,0.3548,0.1631,0,5,EBS,0.459695603156708,45.9695603156708,2.175352544451257
-20439,EBS,2021,94,202101,171,3,0,2021-07-16,0.533,2.85,17.304000000000002,Y,2.134,0.01437836162994,60.317524999999996,-174.70463999999998,Q-27,101,103,NA,9.3,1.9000000000000001,320,44,15,1,3,ALL,STMATT_MTCA,7218,2021-VA-87,1,83.53,15.69,228,0.3709,0.1692,0,5,EBS,0.45618765165812886,45.61876516581289,2.192080378250591
-20457,EBS,2021,94,202101,176,3,0,2021-07-17,0.52,2.785,17.635,Y,2.077,0.014319198166391201,60.338539999999995,-175.388035,Q-28,109,111,NA,9.3,2,366,44,15,2,3,ALL,EBS_SINGLE,123107,2021-VA-74,1,86.91,16.81,NA,0.39,0.1915,0,5,EBS,0.491025641025641,49.1025641025641,2.0365535248041775
-20457,EBS,2021,94,202101,176,3,0,2021-07-17,0.52,2.785,17.635,Y,2.077,0.014319198166391201,60.338539999999995,-175.388035,Q-28,109,111,NA,9.3,2,366,44,15,2,3,ALL,EBS_SINGLE,123107,2021-VA-93,1,82.22,17.61,264,0.4036,0.201,1,5,EBS,0.49801783944499506,49.801783944499505,2.007960199004975
-20457,EBS,2021,94,202101,176,3,0,2021-07-17,0.52,2.785,17.635,Y,2.077,0.014319198166391201,60.338539999999995,-175.388035,Q-28,109,111,NA,9.3,2,366,44,15,2,3,ALL,EBS_SINGLE,123107,2021-VA-95,1,81.11,15.3,200,0.3631,0.1609,0,5,EBS,0.44312861470669235,44.31286147066923,2.256681168427595
-20457,EBS,2021,94,202101,176,3,0,2021-07-17,0.52,2.785,17.635,Y,2.077,0.014319198166391201,60.338539999999995,-175.388035,Q-28,109,111,NA,9.3,2,366,44,15,2,3,ALL,EBS_SINGLE,123107,2021-VA-96,1,75.9,13.51,166,0.3262,0.1429,0,5,EBS,0.43807480073574495,43.807480073574496,2.2827151854443666
-20457,EBS,2021,94,202101,176,3,0,2021-07-17,0.52,2.785,17.635,Y,2.077,0.014319198166391201,60.338539999999995,-175.388035,Q-28,109,111,NA,9.3,2,366,44,15,2,3,ALL,EBS_SINGLE,123107,2021-VA-108,1,85.87,18.34,294,0.3819,0.1929,1,5,EBS,0.5051060487038491,50.51060487038491,1.979782270606532
-20457,EBS,2021,94,202101,176,3,0,2021-07-17,0.52,2.785,17.635,Y,2.077,0.014319198166391201,60.338539999999995,-175.388035,Q-28,109,111,NA,9.3,2,366,44,15,2,3,ALL,EBS_SINGLE,123107,2021-VA-120,1,92.31,13,290,0.3282,0.1395,0,5,EBS,0.42504570383912255,42.50457038391225,2.3526881720430106
-20560,EBS,2021,162,202101,184,3,0,2021-07-20,0.513,2.833,17.391000000000002,Y,2.025,0.014364455409805101,60.323755,-177.3797,Q-31,144,146,NA,9,1.5,411,44,15,2,3,ALL,EBS_SINGLE,123107,2021-AKK-20,1,90.8,17.6,284,0.3518,0.1537,0,5,EBS,0.4368959636156907,43.68959636156907,2.2888744307091735
-20560,EBS,2021,162,202101,184,3,0,2021-07-20,0.513,2.833,17.391000000000002,Y,2.025,0.014364455409805101,60.323755,-177.3797,Q-31,144,146,NA,9,1.5,411,44,15,2,3,ALL,EBS_SINGLE,123107,2021-AKK-21,1,97.26,20.1,342,0.3249,0.1458,0,5,EBS,0.4487534626038781,44.87534626038781,2.228395061728395
-20560,EBS,2021,162,202101,184,3,0,2021-07-20,0.513,2.833,17.391000000000002,Y,2.025,0.014364455409805101,60.323755,-177.3797,Q-31,144,146,NA,9,1.5,411,44,15,2,3,ALL,EBS_SINGLE,123107,2021-AKK-22,1,100.07,19.62,401,0.369,0.1843,0,5,EBS,0.4994579945799458,49.945799457994575,2.0021703743895825
-20258,EBS,2021,162,202101,142,3,0,2021-07-06,0.505,2.7470000000000003,17.371000000000002,Y,2.444,0.013912382698109,60.176685,-174.34747,QP2726,97,99,NA,8.5,1.9000000000000001,320,44,15,1,3,ALL,STMATT_MTCA,7218,2021-AKK-10,1,77.29,12.8,184,0.2535,0.0505,0,4,EBS,0.19921104536489154,19.921104536489153,5.01980198019802
-20258,EBS,2021,162,202101,142,3,0,2021-07-06,0.505,2.7470000000000003,17.371000000000002,Y,2.444,0.013912382698109,60.176685,-174.34747,QP2726,97,99,NA,8.5,1.9000000000000001,320,44,15,1,3,ALL,STMATT_MTCA,7218,2021-AKK-11,1,81.18,14.07,211,0.3258,0.1226,0,4,EBS,0.376304481276857,37.6304481276857,2.65742251223491
-20258,EBS,2021,162,202101,142,3,0,2021-07-06,0.505,2.7470000000000003,17.371000000000002,Y,2.444,0.013912382698109,60.176685,-174.34747,QP2726,97,99,NA,8.5,1.9000000000000001,320,44,15,1,3,ALL,STMATT_MTCA,7218,2021-AKK-12,1,85.75,16.97,255,0.3044,0.0674,0,4,EBS,0.221419185282523,22.1419185282523,4.516320474777448
-20202,EBS,2021,94,202101,138,3,0,2021-07-04,0.519,2.821,16.982,Y,2.74,0.013967219509943701,60.68044,-172.11475000000002,R-23,58,61,NA,7.5,1.9000000000000001,229,44,15,1,3,ALL,EBS_SINGLE,123107,2021-VA-58,1,89.9,16.71,NA,0.308,0.0609,0,4,EBS,0.19772727272727275,19.772727272727273,5.057471264367816
-20256,EBS,2021,162,202101,140,3,0,2021-07-06,0.504,2.7680000000000002,17.229,Y,2.472,0.0139041419426712,60.669995,-174.12725,R-26,85,87,NA,9,2.3000000000000003,274,44,15,1,3,ALL,EBS_SINGLE,123107,2021-AKK-9,1,77.04,12.91,164,0.3781,0.0959,0,4,EBS,0.25363660407299654,25.363660407299655,3.9426485922836285
-20256,EBS,2021,162,202101,140,3,0,2021-07-06,0.504,2.7680000000000002,17.229,Y,2.472,0.0139041419426712,60.669995,-174.12725,R-26,85,87,NA,9,2.3000000000000003,274,44,15,1,3,ALL,EBS_SINGLE,123107,2021-AKK-14,1,84.14,14.66,206,0.2316,0.0637,0,4,EBS,0.2750431778929189,27.50431778929189,3.6357927786499213
-20440,EBS,2021,94,202101,172,3,0,2021-07-16,0.522,2.841,17.635,Y,2.083,0.0146071245927173,60.656295,-174.82539,R-27,96,98,NA,9.200000000000001,1.8,320,44,15,2,3,ALL,EBS_SINGLE,123107,2021-VA-65,1,80.97,15.04,216,0.3321,0.0699,0,4,EBS,0.2104787714543812,21.04787714543812,4.75107296137339
-20443,EBS,2021,94,202101,175,3,0,2021-07-16,0.52,2.821,18.387,N,2.325,0.0151227926704355,60.681214999999995,-175.45863500000002,R-28,105,107,NA,9.3,1.7,320,44,15,1,3,ALL,EBS_SINGLE,123107,2021-VA-77,1,88.19,17.38,272,0.3324,0.0777,0,5,EBS,0.2337545126353791,23.37545126353791,4.277992277992277
-20443,EBS,2021,94,202101,175,3,0,2021-07-16,0.52,2.821,18.387,N,2.325,0.0151227926704355,60.681214999999995,-175.45863500000002,R-28,105,107,NA,9.3,1.7,320,44,15,1,3,ALL,EBS_SINGLE,123107,2021-VA-90,1,93.37,17.21,306,0.3059,0.0772,0,5,EBS,0.2523700555737169,25.23700555737169,3.9624352331606216
-20473,EBS,2021,94,202101,187,3,0,2021-07-19,0.517,2.835,17.7,Y,2.0380000000000003,0.014630001326325,60.665645,-176.20071000000002,R-29,117,119,NA,9.4,1.9000000000000001,366,44,15,1,3,ALL,EBS_SINGLE,123107,2021-VA-105,1,91.25,17.83,NA,0.3431,0.1662,0,5,EBS,0.48440687846109,48.440687846109,2.064380264741276
-20473,EBS,2021,94,202101,187,3,0,2021-07-19,0.517,2.835,17.7,Y,2.0380000000000003,0.014630001326325,60.665645,-176.20071000000002,R-29,117,119,NA,9.4,1.9000000000000001,366,44,15,1,3,ALL,EBS_SINGLE,123107,2021-VA-107,1,81.06,15.14,216,0.449,0.2016,0,5,EBS,0.4489977728285078,44.89977728285078,2.2271825396825395
-20473,EBS,2021,94,202101,187,3,0,2021-07-19,0.517,2.835,17.7,Y,2.0380000000000003,0.014630001326325,60.665645,-176.20071000000002,R-29,117,119,NA,9.4,1.9000000000000001,366,44,15,1,3,ALL,EBS_SINGLE,123107,2021-VA-116,1,70.75,12.94,138,0.3835,0.167,0,5,EBS,0.43546284224250326,43.54628422425033,2.2964071856287425
-20472,EBS,2021,94,202101,186,3,0,2021-07-19,0.526,2.8920000000000003,18.77,N,2.209,0.015826343849514,60.656639999999996,-176.79444999999998,R-30,127,129,NA,9.4,1.9000000000000001,411,44,15,1,3,ALL,EBS_SINGLE,123107,2021-VA-92,1,78.6,15.11,204,0.3191,0.155,0,5,EBS,0.4857411469758696,48.574114697586964,2.0587096774193547
-20472,EBS,2021,94,202101,186,3,0,2021-07-19,0.526,2.8920000000000003,18.77,N,2.209,0.015826343849514,60.656639999999996,-176.79444999999998,R-30,127,129,NA,9.4,1.9000000000000001,411,44,15,1,3,ALL,EBS_SINGLE,123107,2021-VA-99,1,91.37,17.9,308,0.3195,0.137,0,5,EBS,0.4287949921752739,42.87949921752739,2.3321167883211675
-20561,EBS,2021,162,202101,185,3,0,2021-07-20,0.516,2.82,17.196,Y,2.0020000000000002,0.014138214966612,60.66455,-177.50948499999998,R-31,145,147,NA,9.200000000000001,1.8,457,44,15,2,3,ALL,EBS_SINGLE,123107,2021-AKK-23,1,92.37,18.93,317,0.3225,0.1263,0,5,EBS,0.39162790697674416,39.16279069767442,2.5534441805225656
-20561,EBS,2021,162,202101,185,3,0,2021-07-20,0.516,2.82,17.196,Y,2.0020000000000002,0.014138214966612,60.66455,-177.50948499999998,R-31,145,147,NA,9.200000000000001,1.8,457,44,15,2,3,ALL,EBS_SINGLE,123107,2021-AKK-24,1,86.61,16.12,262,0.4002,0.1918,0,5,EBS,0.47926036981509246,47.92603698150925,2.0865484880083423
-20561,EBS,2021,162,202101,185,3,0,2021-07-20,0.516,2.82,17.196,Y,2.0020000000000002,0.014138214966612,60.66455,-177.50948499999998,R-31,145,147,NA,9.200000000000001,1.8,457,44,15,2,3,ALL,EBS_SINGLE,123107,2021-AKK-25,1,88.56,18.78,272,0.3574,0.145,1,5,EBS,0.4057078903189703,40.57078903189703,2.464827586206897
-20200,EBS,2021,94,202101,136,3,0,2021-07-03,0.514,2.785,18.532,Y,2.66,0.015047540709927,60.975359999999995,-171.49696,S-22,58,61,NA,7.3,1.7,229,44,15,1,3,ALL,EBS_SINGLE,123107,2021-VA-35,1,84.31,15.32,NA,0.3097,0.0773,0,4,EBS,0.24959638359702938,24.959638359702936,4.00646830530401
-20200,EBS,2021,94,202101,136,3,0,2021-07-03,0.514,2.785,18.532,Y,2.66,0.015047540709927,60.975359999999995,-171.49696,S-22,58,61,NA,7.3,1.7,229,44,15,1,3,ALL,EBS_SINGLE,123107,2021-VA-40,1,78.81,14.72,NA,0.3247,0.093,0,4,EBS,0.2864182322143517,28.64182322143517,3.4913978494623654
-20201,EBS,2021,94,202101,137,3,0,2021-07-04,0.528,2.908,16.721,Y,3.0290000000000004,0.0141766848480378,61.001174999999996,-172.13922,S-23,61,64,NA,6.3,1.7,229,44,15,1,3,ALL,EBS_SINGLE,123107,2021-VA-32,1,93.86,16.29,NA,0.3066,0.0729,0,4,EBS,0.2377690802348337,23.77690802348337,4.205761316872428
-20201,EBS,2021,94,202101,137,3,0,2021-07-04,0.528,2.908,16.721,Y,3.0290000000000004,0.0141766848480378,61.001174999999996,-172.13922,S-23,61,64,NA,6.3,1.7,229,44,15,1,3,ALL,EBS_SINGLE,123107,2021-VA-41,1,70.37,13.38,144,0.3434,0.0635,0,4,EBS,0.18491555037856727,18.491555037856727,5.407874015748031
-20441,EBS,2021,94,202101,173,3,0,2021-07-16,0.48300000000000004,2.6260000000000003,18.044,Y,2.273,0.0138148309880724,60.98117,-174.876775,S-27,90,92,NA,9.1,1.7,320,44,15,1,3,ALL,EBS_SINGLE,123107,2021-VA-67,1,87.1,16.7,244,0.3173,0.0917,0,4,EBS,0.28900094547746613,28.900094547746612,3.4601962922573613
-20441,EBS,2021,94,202101,173,3,0,2021-07-16,0.48300000000000004,2.6260000000000003,18.044,Y,2.273,0.0138148309880724,60.98117,-174.876775,S-27,90,92,NA,9.1,1.7,320,44,15,1,3,ALL,EBS_SINGLE,123107,2021-VA-69,1,88.44,16.01,228,0.3081,0.1059,0,4,EBS,0.34371957156767285,34.37195715676729,2.909348441926346
-20441,EBS,2021,94,202101,173,3,0,2021-07-16,0.48300000000000004,2.6260000000000003,18.044,Y,2.273,0.0138148309880724,60.98117,-174.876775,S-27,90,92,NA,9.1,1.7,320,44,15,1,3,ALL,EBS_SINGLE,123107,2021-VA-72,1,88.1,15.11,248,0.3653,0.0813,0,4,EBS,0.222556802627977,22.2556802627977,4.493234932349324
-20441,EBS,2021,94,202101,173,3,0,2021-07-16,0.48300000000000004,2.6260000000000003,18.044,Y,2.273,0.0138148309880724,60.98117,-174.876775,S-27,90,92,NA,9.1,1.7,320,44,15,1,3,ALL,EBS_SINGLE,123107,2021-VA-79,1,85.24,16.81,256,0.3229,0.0848,0,4,EBS,0.26262000619386805,26.262000619386804,3.8077830188679247
-20441,EBS,2021,94,202101,173,3,0,2021-07-16,0.48300000000000004,2.6260000000000003,18.044,Y,2.273,0.0138148309880724,60.98117,-174.876775,S-27,90,92,NA,9.1,1.7,320,44,15,1,3,ALL,EBS_SINGLE,123107,2021-VA-80,1,95.27,17.11,288,0.3534,0.1063,0,4,EBS,0.30079230333899265,30.079230333899265,3.324553151458137
-20441,EBS,2021,94,202101,173,3,0,2021-07-16,0.48300000000000004,2.6260000000000003,18.044,Y,2.273,0.0138148309880724,60.98117,-174.876775,S-27,90,92,NA,9.1,1.7,320,44,15,1,3,ALL,EBS_SINGLE,123107,2021-VA-86,1,94.41,17.11,302,0.3228,0.0959,0,4,EBS,0.29708798017348204,29.708798017348204,3.3660062565172053
-20442,EBS,2021,94,202101,174,3,0,2021-07-16,0.513,2.77,17.737000000000002,Y,2.184,0.0143244504999915,61.00998,-175.54969,S-28,100,102,NA,9.3,1.5,320,44,15,1,3,ALL,EBS_SINGLE,123107,2021-VA-62,1,76.9,14.61,184,0.3428,0.1536,0,5,EBS,0.4480746791131855,44.80746791131855,2.2317708333333335
-20442,EBS,2021,94,202101,174,3,0,2021-07-16,0.513,2.77,17.737000000000002,Y,2.184,0.0143244504999915,61.00998,-175.54969,S-28,100,102,NA,9.3,1.5,320,44,15,1,3,ALL,EBS_SINGLE,123107,2021-VA-63,1,94.07,18.2,286,0.3226,0.1085,0,5,EBS,0.33632982021078733,33.63298202107873,2.973271889400922
-20442,EBS,2021,94,202101,174,3,0,2021-07-16,0.513,2.77,17.737000000000002,Y,2.184,0.0143244504999915,61.00998,-175.54969,S-28,100,102,NA,9.3,1.5,320,44,15,1,3,ALL,EBS_SINGLE,123107,2021-VA-66,1,91.41,16.21,262,0.3013,0.0923,0,5,EBS,0.3063391968138068,30.63391968138068,3.2643553629469126
-20442,EBS,2021,94,202101,174,3,0,2021-07-16,0.513,2.77,17.737000000000002,Y,2.184,0.0143244504999915,61.00998,-175.54969,S-28,100,102,NA,9.3,1.5,320,44,15,1,3,ALL,EBS_SINGLE,123107,2021-VA-75,1,88.57,17.21,NA,0.3302,0.1075,0,5,EBS,0.3255602665051484,32.55602665051484,3.0716279069767443
-20474,EBS,2021,94,202101,188,3,0,2021-07-19,0.523,2.692,17.841,Y,2.052,0.0140027161303062,60.97676,-176.268855,S-29,111,113,NA,9.4,1.6,366,44,15,1,3,ALL,EBS_SINGLE,123107,2021-VA-91,1,92.83,16.83,NA,0.3409,0.1576,0,5,EBS,0.46230566148430624,46.230566148430626,2.1630710659898478
-20474,EBS,2021,94,202101,188,3,0,2021-07-19,0.523,2.692,17.841,Y,2.052,0.0140027161303062,60.97676,-176.268855,S-29,111,113,NA,9.4,1.6,366,44,15,1,3,ALL,EBS_SINGLE,123107,2021-VA-106,1,86.66,16.5,NA,0.3077,0.1511,0,5,EBS,0.49106272343191426,49.10627234319143,2.036399735274652
-20242,EBS,2021,162,202101,137,3,0,2021-07-05,0.524,2.8480000000000003,17.051000000000002,Y,2.826,0.0141581945345808,61.322174999999994,-173.581905,T-25,71,74,NA,6.8,0.2,274,44,15,1,3,ALL,EBS_SINGLE,123107,2021-AKK-8,1,76.87,13.44,140,0.327,0.0929,0,4,EBS,0.2840978593272171,28.40978593272171,3.5199138858988164
-20555,EBS,2021,94,202101,190,3,0,2021-07-20,0.504,2.7190000000000003,17.891000000000002,Y,2.09,0.0141827960978072,61.3181,-175.00913500000001,T-27,85,87,NA,9.200000000000001,1.2,274,44,15,2,3,ALL,EBS_SINGLE,123107,2021-VA-104,1,87.91,15.98,NA,0.3207,0.0838,0,4,EBS,0.261303398815092,26.1303398815092,3.8269689737470167
-20555,EBS,2021,94,202101,190,3,0,2021-07-20,0.504,2.7190000000000003,17.891000000000002,Y,2.09,0.0141827960978072,61.3181,-175.00913500000001,T-27,85,87,NA,9.200000000000001,1.2,274,44,15,2,3,ALL,EBS_SINGLE,123107,2021-VA-109,1,80.31,13.91,190,0.3291,0.0851,0,4,EBS,0.2585840170161045,25.85840170161045,3.867215041128085
-20555,EBS,2021,94,202101,190,3,0,2021-07-20,0.504,2.7190000000000003,17.891000000000002,Y,2.09,0.0141827960978072,61.3181,-175.00913500000001,T-27,85,87,NA,9.200000000000001,1.2,274,44,15,2,3,ALL,EBS_SINGLE,123107,2021-VA-111,1,94.01,16.45,NA,0.3635,0.1059,0,4,EBS,0.29133425034387894,29.133425034387894,3.432483474976393
-20555,EBS,2021,94,202101,190,3,0,2021-07-20,0.504,2.7190000000000003,17.891000000000002,Y,2.09,0.0141827960978072,61.3181,-175.00913500000001,T-27,85,87,NA,9.200000000000001,1.2,274,44,15,2,3,ALL,EBS_SINGLE,123107,2021-VA-117,1,86.54,16.34,NA,0.3614,0.1054,0,4,EBS,0.2916436081903708,29.16436081903708,3.4288425047438333
-20555,EBS,2021,94,202101,190,3,0,2021-07-20,0.504,2.7190000000000003,17.891000000000002,Y,2.09,0.0141827960978072,61.3181,-175.00913500000001,T-27,85,87,NA,9.200000000000001,1.2,274,44,15,2,3,ALL,EBS_SINGLE,123107,2021-VA-118,1,92.79,15.82,NA,0.3534,0.1145,0,4,EBS,0.3239954725523486,32.399547255234864,3.0864628820960696
-20555,EBS,2021,94,202101,190,3,0,2021-07-20,0.504,2.7190000000000003,17.891000000000002,Y,2.09,0.0141827960978072,61.3181,-175.00913500000001,T-27,85,87,NA,9.200000000000001,1.2,274,44,15,2,3,ALL,EBS_SINGLE,123107,2021-VA-119,1,89.61,17.97,300,0.3643,0.0975,0,4,EBS,0.26763656327202856,26.763656327202856,3.7364102564102564
-20554,EBS,2021,94,202101,189,3,0,2021-07-20,0.40800000000000003,2.178,18.364,Y,2.225,0.0116611986968532,61.340875,-175.72778499999998,T-28,96,98,NA,9.200000000000001,1.5,320,44,15,1,3,ALL,EBS_SINGLE,123107,2021-VA-98,1,93.11,16.4,280,0.3874,0.1112,0,4,EBS,0.28704181724315947,28.704181724315948,3.483812949640288
-20554,EBS,2021,94,202101,189,3,0,2021-07-20,0.40800000000000003,2.178,18.364,Y,2.225,0.0116611986968532,61.340875,-175.72778499999998,T-28,96,98,NA,9.200000000000001,1.5,320,44,15,1,3,ALL,EBS_SINGLE,123107,2021-VA-100,1,81.47,14.71,198,0.3013,0.0957,0,4,EBS,0.31762363093262524,31.762363093262525,3.1483803552769074
-20554,EBS,2021,94,202101,189,3,0,2021-07-20,0.40800000000000003,2.178,18.364,Y,2.225,0.0116611986968532,61.340875,-175.72778499999998,T-28,96,98,NA,9.200000000000001,1.5,320,44,15,1,3,ALL,EBS_SINGLE,123107,2021-VA-102,1,92.31,17.6,276,0.3199,0.1036,0,4,EBS,0.3238512035010941,32.38512035010941,3.087837837837838
-20554,EBS,2021,94,202101,189,3,0,2021-07-20,0.40800000000000003,2.178,18.364,Y,2.225,0.0116611986968532,61.340875,-175.72778499999998,T-28,96,98,NA,9.200000000000001,1.5,320,44,15,1,3,ALL,EBS_SINGLE,123107,2021-VA-110,1,82.01,15.97,202,0.322,0.1045,0,4,EBS,0.3245341614906832,32.45341614906832,3.0813397129186604
-20554,EBS,2021,94,202101,189,3,0,2021-07-20,0.40800000000000003,2.178,18.364,Y,2.225,0.0116611986968532,61.340875,-175.72778499999998,T-28,96,98,NA,9.200000000000001,1.5,320,44,15,1,3,ALL,EBS_SINGLE,123107,2021-VA-112,1,93.18,18.11,298,0.301,0.1106,0,4,EBS,0.3674418604651163,36.74418604651163,2.721518987341772
-20554,EBS,2021,94,202101,189,3,0,2021-07-20,0.40800000000000003,2.178,18.364,Y,2.225,0.0116611986968532,61.340875,-175.72778499999998,T-28,96,98,NA,9.200000000000001,1.5,320,44,15,1,3,ALL,EBS_SINGLE,123107,2021-VA-115,1,90.57,17.67,278,0.327,0.0954,0,4,EBS,0.291743119266055,29.1743119266055,3.427672955974843
-20572,EBS,2021,94,202101,195,3,0,2021-07-21,0.509,2.8440000000000003,17.409000000000002,Y,2.351,0.014435155056306602,61.670584999999996,-173.66494999999998,U-25,67,69,NA,8.6,0.3,229,44,15,1,3,ALL,EBS_SINGLE,123107,2021-VA-142,2,44.36,0,30,0.3082,0.1041,0,4,EBS,0.3377676833225179,33.77676833225179,2.960614793467819
-20572,EBS,2021,94,202101,195,3,0,2021-07-21,0.509,2.8440000000000003,17.409000000000002,Y,2.351,0.014435155056306602,61.670584999999996,-173.66494999999998,U-25,67,69,NA,8.6,0.3,229,44,15,1,3,ALL,EBS_SINGLE,123107,2021-VA-144,2,46.55,0,34,0.1933,0.036,0,4,EBS,0.18623900672529745,18.623900672529743,5.3694444444444445
-20557,EBS,2021,94,202101,192,3,0,2021-07-20,0.512,2.775,17.469,Y,2.266,0.014133478682441301,61.667154999999994,-174.479945,U-26,75,77,NA,8.700000000000001,-0.2,274,44,15,1,3,ALL,EBS_SINGLE,123107,2021-VA-121,1,88.64,15.22,256,0.3135,0.0745,0,4,EBS,0.2376395534290271,23.763955342902708,4.208053691275168
-20557,EBS,2021,94,202101,192,3,0,2021-07-20,0.512,2.775,17.469,Y,2.266,0.014133478682441301,61.667154999999994,-174.479945,U-26,75,77,NA,8.700000000000001,-0.2,274,44,15,1,3,ALL,EBS_SINGLE,123107,2021-VA-129,1,88.35,15.62,234,0.3495,0.087,0,4,EBS,0.24892703862660945,24.892703862660944,4.017241379310345
-20557,EBS,2021,94,202101,192,3,0,2021-07-20,0.512,2.775,17.469,Y,2.266,0.014133478682441301,61.667154999999994,-174.479945,U-26,75,77,NA,8.700000000000001,-0.2,274,44,15,1,3,ALL,EBS_SINGLE,123107,2021-VA-135,1,92.23,16.69,NA,0.3432,0.0977,0,4,EBS,0.28467365967365965,28.467365967365964,3.5127942681678612
-20557,EBS,2021,94,202101,192,3,0,2021-07-20,0.512,2.775,17.469,Y,2.266,0.014133478682441301,61.667154999999994,-174.479945,U-26,75,77,NA,8.700000000000001,-0.2,274,44,15,1,3,ALL,EBS_SINGLE,123107,2021-VA-137,1,90.81,16.75,NA,0.3079,0.0937,0,4,EBS,0.3043195842806106,30.431958428061062,3.286019210245464
-20557,EBS,2021,94,202101,192,3,0,2021-07-20,0.512,2.775,17.469,Y,2.266,0.014133478682441301,61.667154999999994,-174.479945,U-26,75,77,NA,8.700000000000001,-0.2,274,44,15,1,3,ALL,EBS_SINGLE,123107,2021-VA-140,1,82.23,12.79,194,0.3357,0.0893,0,4,EBS,0.2660113196306226,26.601131963062258,3.759238521836506
-20556,EBS,2021,94,202101,191,3,0,2021-07-20,0.512,2.795,18.832,Y,1.9680000000000002,0.015346038860724,61.655789999999996,-175.08603499999998,U-27,83,85,NA,9.1,0.3,274,44,15,1,3,ALL,EBS_SINGLE,123107,2021-VA-101,1,86.61,16.78,208,0.3379,0.1005,0,4,EBS,0.2974252737496301,29.74252737496301,3.3621890547263678
-20556,EBS,2021,94,202101,191,3,0,2021-07-20,0.512,2.795,18.832,Y,1.9680000000000002,0.015346038860724,61.655789999999996,-175.08603499999998,U-27,83,85,NA,9.1,0.3,274,44,15,1,3,ALL,EBS_SINGLE,123107,2021-VA-103,1,90.77,18.45,302,0.3526,0.1085,0,4,EBS,0.30771412365286444,30.771412365286444,3.2497695852534565
-20556,EBS,2021,94,202101,191,3,0,2021-07-20,0.512,2.795,18.832,Y,1.9680000000000002,0.015346038860724,61.655789999999996,-175.08603499999998,U-27,83,85,NA,9.1,0.3,274,44,15,1,3,ALL,EBS_SINGLE,123107,2021-VA-113,1,94.88,17.64,320,0.4638,0.134,0,4,EBS,0.2889176369124623,28.89176369124623,3.461194029850746
-20556,EBS,2021,94,202101,191,3,0,2021-07-20,0.512,2.795,18.832,Y,1.9680000000000002,0.015346038860724,61.655789999999996,-175.08603499999998,U-27,83,85,NA,9.1,0.3,274,44,15,1,3,ALL,EBS_SINGLE,123107,2021-VA-131,1,91.95,17.73,274,0.2023,0.0597,0,4,EBS,0.29510627780523974,29.510627780523972,3.388609715242881
-20556,EBS,2021,94,202101,191,3,0,2021-07-20,0.512,2.795,18.832,Y,1.9680000000000002,0.015346038860724,61.655789999999996,-175.08603499999998,U-27,83,85,NA,9.1,0.3,274,44,15,1,3,ALL,EBS_SINGLE,123107,2021-VA-132,1,92.47,16.56,248,0.3189,0.081,0,4,EBS,0.2539981185324553,25.39981185324553,3.937037037037037
-20556,EBS,2021,94,202101,191,3,0,2021-07-20,0.512,2.795,18.832,Y,1.9680000000000002,0.015346038860724,61.655789999999996,-175.08603499999998,U-27,83,85,NA,9.1,0.3,274,44,15,1,3,ALL,EBS_SINGLE,123107,2021-VA-139,1,90.34,17.14,288,0.3762,0.1134,0,4,EBS,0.3014354066985646,30.14354066985646,3.317460317460317
-20571,EBS,2021,94,202101,194,3,0,2021-07-21,0.514,2.67,17.468,Y,2.278,0.013597919960525999,61.98327,-173.75065999999998,V-25,61,63,NA,8.5,-0.3,229,44,15,1,3,ALL,EBS_SINGLE,123107,2021-VA-141,2,47.3,0,38,0.3083,0.1127,0,4,EBS,0.3655530327602984,36.55530327602984,2.7355811889973385
-20571,EBS,2021,94,202101,194,3,0,2021-07-21,0.514,2.67,17.468,Y,2.278,0.013597919960525999,61.98327,-173.75065999999998,V-25,61,63,NA,8.5,-0.3,229,44,15,1,3,ALL,EBS_SINGLE,123107,2021-VA-159,2,46.89,0,32,0.3457,0.1144,0,4,EBS,0.33092276540352905,33.092276540352906,3.0218531468531467
-20571,EBS,2021,94,202101,194,3,0,2021-07-21,0.514,2.67,17.468,Y,2.278,0.013597919960525999,61.98327,-173.75065999999998,V-25,61,63,NA,8.5,-0.3,229,44,15,1,3,ALL,EBS_SINGLE,123107,2021-VA-160,2,47.07,0,NA,0.3461,0.105,0,4,EBS,0.30338052585957814,30.338052585957815,3.2961904761904766
-20570,EBS,2021,94,202101,193,3,0,2021-07-21,0.51,2.846,17.289,Y,2.285,0.014345735060754901,62.015989999999995,-174.49611,V-26,71,73,NA,8.6,-0.6,229,44,15,1,3,ALL,EBS_SINGLE,123107,2021-VA-122,2,51.91,0,52,0.3085,0.0999,0,4,EBS,0.3238249594813614,32.38249594813614,3.088088088088088
-20570,EBS,2021,94,202101,193,3,0,2021-07-21,0.51,2.846,17.289,Y,2.285,0.014345735060754901,62.015989999999995,-174.49611,V-26,71,73,NA,8.6,-0.6,229,44,15,1,3,ALL,EBS_SINGLE,123107,2021-VA-123,2,56.09,0,58,0.345,0.1158,0,4,EBS,0.33565217391304353,33.56521739130435,2.9792746113989637
-20570,EBS,2021,94,202101,193,3,0,2021-07-21,0.51,2.846,17.289,Y,2.285,0.014345735060754901,62.015989999999995,-174.49611,V-26,71,73,NA,8.6,-0.6,229,44,15,1,3,ALL,EBS_SINGLE,123107,2021-VA-124,2,53.58,0,48,0.3188,0.1041,0,4,EBS,0.3265370138017566,32.65370138017566,3.062439961575408
-20570,EBS,2021,94,202101,193,3,0,2021-07-21,0.51,2.846,17.289,Y,2.285,0.014345735060754901,62.015989999999995,-174.49611,V-26,71,73,NA,8.6,-0.6,229,44,15,1,3,ALL,EBS_SINGLE,123107,2021-VA-125,2,52.48,0,48,0.3101,0.1183,0,4,EBS,0.381489841986456,38.1489841986456,2.621301775147929
-20570,EBS,2021,94,202101,193,3,0,2021-07-21,0.51,2.846,17.289,Y,2.285,0.014345735060754901,62.015989999999995,-174.49611,V-26,71,73,NA,8.6,-0.6,229,44,15,1,3,ALL,EBS_SINGLE,123107,2021-VA-126,2,49.59,0,44,0.3548,0.109,0,4,EBS,0.30721533258173617,30.721533258173615,3.255045871559633
-20570,EBS,2021,94,202101,193,3,0,2021-07-21,0.51,2.846,17.289,Y,2.285,0.014345735060754901,62.015989999999995,-174.49611,V-26,71,73,NA,8.6,-0.6,229,44,15,1,3,ALL,EBS_SINGLE,123107,2021-VA-127,2,51.43,0,48,0.3226,0.1363,0,4,EBS,0.42250464972101676,42.250464972101675,2.366837857666911
-20570,EBS,2021,94,202101,193,3,0,2021-07-21,0.51,2.846,17.289,Y,2.285,0.014345735060754901,62.015989999999995,-174.49611,V-26,71,73,NA,8.6,-0.6,229,44,15,1,3,ALL,EBS_SINGLE,123107,2021-VA-128,2,49.26,0,44,0.332,0.0959,0,4,EBS,0.288855421686747,28.8855421686747,3.461939520333681
-20570,EBS,2021,94,202101,193,3,0,2021-07-21,0.51,2.846,17.289,Y,2.285,0.014345735060754901,62.015989999999995,-174.49611,V-26,71,73,NA,8.6,-0.6,229,44,15,1,3,ALL,EBS_SINGLE,123107,2021-VA-130,2,46.84,0,36,0.3208,0.095,0,4,EBS,0.2961346633416459,29.61346633416459,3.3768421052631576
-20570,EBS,2021,94,202101,193,3,0,2021-07-21,0.51,2.846,17.289,Y,2.285,0.014345735060754901,62.015989999999995,-174.49611,V-26,71,73,NA,8.6,-0.6,229,44,15,1,3,ALL,EBS_SINGLE,123107,2021-VA-133,2,51.79,0,44,0.3207,0.1258,0,4,EBS,0.39226691612098535,39.226691612098534,2.5492845786963434
-20570,EBS,2021,94,202101,193,3,0,2021-07-21,0.51,2.846,17.289,Y,2.285,0.014345735060754901,62.015989999999995,-174.49611,V-26,71,73,NA,8.6,-0.6,229,44,15,1,3,ALL,EBS_SINGLE,123107,2021-VA-134,2,55.44,0,62,0.3405,0.1275,0,4,EBS,0.3744493392070484,37.44493392070484,2.670588235294118
-20570,EBS,2021,94,202101,193,3,0,2021-07-21,0.51,2.846,17.289,Y,2.285,0.014345735060754901,62.015989999999995,-174.49611,V-26,71,73,NA,8.6,-0.6,229,44,15,1,3,ALL,EBS_SINGLE,123107,2021-VA-136,2,46.17,0,36,0.3048,0.1238,0,4,EBS,0.40616797900262464,40.61679790026246,2.4620355411954766
-20570,EBS,2021,94,202101,193,3,0,2021-07-21,0.51,2.846,17.289,Y,2.285,0.014345735060754901,62.015989999999995,-174.49611,V-26,71,73,NA,8.6,-0.6,229,44,15,1,3,ALL,EBS_SINGLE,123107,2021-VA-138,2,55.61,0,56,0.3342,0.1064,0,4,EBS,0.31837223219628963,31.837223219628964,3.1409774436090228
-20570,EBS,2021,94,202101,193,3,0,2021-07-21,0.51,2.846,17.289,Y,2.285,0.014345735060754901,62.015989999999995,-174.49611,V-26,71,73,NA,8.6,-0.6,229,44,15,1,3,ALL,EBS_SINGLE,123107,2021-VA-152,2,53.19,0,50,0.305,0.1231,0,4,EBS,0.4036065573770492,40.36065573770492,2.47766043866775
-20570,EBS,2021,94,202101,193,3,0,2021-07-21,0.51,2.846,17.289,Y,2.285,0.014345735060754901,62.015989999999995,-174.49611,V-26,71,73,NA,8.6,-0.6,229,44,15,1,3,ALL,EBS_SINGLE,123107,2021-VA-154,2,52.27,0,44,0.3225,0.1114,0,4,EBS,0.3454263565891473,34.542635658914726,2.8949730700179535
-20570,EBS,2021,94,202101,193,3,0,2021-07-21,0.51,2.846,17.289,Y,2.285,0.014345735060754901,62.015989999999995,-174.49611,V-26,71,73,NA,8.6,-0.6,229,44,15,1,3,ALL,EBS_SINGLE,123107,2021-VA-157,2,52.52,0,52,0.1773,0.0814,0,4,EBS,0.4591088550479413,45.91088550479413,2.178132678132678
-20570,EBS,2021,94,202101,193,3,0,2021-07-21,0.51,2.846,17.289,Y,2.285,0.014345735060754901,62.015989999999995,-174.49611,V-26,71,73,NA,8.6,-0.6,229,44,15,1,3,ALL,EBS_SINGLE,123107,2021-VA-158,2,52.93,0,50,0.3456,0.1579,0,4,EBS,0.45688657407407407,45.688657407407405,2.188727042431919
-21360,EBS,2022,94,202201,94,3,0,2022-06-27,0.525,2.912,17.029,Y,2.001,0.014457678135700801,57.655355,-168.40506499999998,I-18,68,70,NA,6.9,1,229,44,15,2,3,ALL,PRIB_MTCA,10025,2022-VA-2,2,50.31,0,NA,0.2795,0.0857,0,2,EBS,0.30661896243291586,30.661896243291586,3.2613768961493586
-21360,EBS,2022,94,202201,94,3,0,2022-06-27,0.525,2.912,17.029,Y,2.001,0.014457678135700801,57.655355,-168.40506499999998,I-18,68,70,NA,6.9,1,229,44,15,2,3,ALL,PRIB_MTCA,10025,2022-VA-3,2,52.4,0,NA,0.3103,0.092,0,2,EBS,0.2964872703834998,29.648727038349982,3.372826086956522
-21360,EBS,2022,94,202201,94,3,0,2022-06-27,0.525,2.912,17.029,Y,2.001,0.014457678135700801,57.655355,-168.40506499999998,I-18,68,70,NA,6.9,1,229,44,15,2,3,ALL,PRIB_MTCA,10025,2022-VA-6,2,53.77,0,NA,0.2087,0.0654,0,2,EBS,0.31336847149017727,31.33684714901773,3.191131498470948
-21360,EBS,2022,94,202201,94,3,0,2022-06-27,0.525,2.912,17.029,Y,2.001,0.014457678135700801,57.655355,-168.40506499999998,I-18,68,70,NA,6.9,1,229,44,15,2,3,ALL,PRIB_MTCA,10025,2022-VA-15,2,49.17,0,NA,0.2689,0.0849,0,2,EBS,0.31573075492748237,31.573075492748238,3.1672555948174317
-21360,EBS,2022,94,202201,94,3,0,2022-06-27,0.525,2.912,17.029,Y,2.001,0.014457678135700801,57.655355,-168.40506499999998,I-18,68,70,NA,6.9,1,229,44,15,2,3,ALL,PRIB_MTCA,10025,2022-VA-16,2,49.47,0,NA,0.2707,0.0817,0,2,EBS,0.3018101219061692,30.18101219061692,3.313341493268054
-21359,EBS,2022,94,202201,93,3,0,2022-06-27,0.503,2.9330000000000003,17.052,Y,1.8330000000000002,0.0145816081350786,57.48975,-168.7529,IH1918,70,72,NA,7.3,1.3,229,44,15,2,3,ALL,PRIB_MTCA,10025,2022-VA-20,2,50.38,0,NA,0.3022,0.0852,0,2,EBS,0.2819324950363997,28.193249503639972,3.546948356807512
-21668,EBS,2022,162,202201,164,3,0,2022-07-19,0.524,2.9730000000000003,18.254,Y,2.132,0.0158223501517257,58.00653,-172.854035,J-25,107,109,NA,8.8,2.7,366,44,15,2,3,ALL,EBS_SINGLE,123107,2022-AKK-177,1,75.45,13.44,163,0.3281,0.1037,0,6,EBS,0.3160621761658031,31.606217616580313,3.1639344262295084
-21401,EBS,2022,94,202201,107,3,0,2022-07-01,0.526,2.826,17.445,Y,1.7570000000000001,0.014373454787059502,57.82862,-169.977105,JI2120,70,72,NA,6.3,0.5,229,44,15,2,3,ALL,PRIB_MTCA,10025,2022-VA-22,1,93.06,16.66,NA,0.3229,0.0679,0,2,EBS,0.21028182099721276,21.028182099721278,4.755522827687776
-21389,EBS,2022,94,202201,97,3,0,2022-06-28,0.5840000000000001,3.2350000000000003,16.646,Y,1.899,0.0157000925023635,58.311139999999995,-167.834765,K-01,59,61,NA,7,0.8,229,44,15,2,3,ALL,EBS_SINGLE,123107,2022-VA-14,2,45.47,0,NA,0.3202,0.0946,0,3,EBS,0.29544034978138667,29.54403497813867,3.3847780126849893
-21408,EBS,2022,94,202201,110,3,0,2022-07-02,0.53,2.7430000000000003,17.215,N,1.786,0.0137673663942458,58.33895,-169.11491999999998,K-19,66,68,NA,6.5,0.9,229,44,15,2,3,ALL,EBS_SINGLE,123107,2022-VA-1,2,59.11,0,NA,0.2925,0.0795,0,3,EBS,0.27179487179487183,27.179487179487182,3.6792452830188678
-21408,EBS,2022,94,202201,110,3,0,2022-07-02,0.53,2.7430000000000003,17.215,N,1.786,0.0137673663942458,58.33895,-169.11491999999998,K-19,66,68,NA,6.5,0.9,229,44,15,2,3,ALL,EBS_SINGLE,123107,2022-VA-9,2,47.25,0,34,0.3463,0.0923,0,3,EBS,0.266531908749639,26.6531908749639,3.7518959913326113
-21471,EBS,2022,162,202201,128,3,0,2022-07-05,0.518,2.918,17.335,Y,1.786,0.0147477976263255,58.33725,-170.38538,K-21,73,75,NA,7.2,0,274,44,15,2,3,ALL,EBS_SINGLE,123107,2022-AKK-184,1,93.14,18.31,211,0.3584,0.114,0,3,EBS,0.31808035714285715,31.808035714285715,3.143859649122807
-21475,EBS,2022,162,202201,129,3,0,2022-07-06,0.48800000000000004,2.708,16.974,Y,2.295,0.0134014223323332,58.338155,-171.01677999999998,K-22,82,84,NA,7.3,-0.6,274,44,15,1,3,ALL,EBS_SINGLE,123107,2022-AKK-174,1,94.22,17.41,340,0.3083,0.06,0,3,EBS,0.19461563412260782,19.461563412260784,5.138333333333334
-21470,EBS,2022,162,202201,127,3,0,2022-07-05,0.515,2.922,18.083000000000002,Y,1.532,0.015405249264362101,58.66451,-170.433435,L-21,72,74,NA,6.6000000000000005,-0.1,274,44,15,1,3,ALL,EBS_SINGLE,123107,2022-AKK-193,1,104.35,19.36,397,0.3282,0.0941,0,3,EBS,0.28671541742839735,28.671541742839736,3.487778958554729
-21470,EBS,2022,162,202201,127,3,0,2022-07-05,0.515,2.922,18.083000000000002,Y,1.532,0.015405249264362101,58.66451,-170.433435,L-21,72,74,NA,6.6000000000000005,-0.1,274,44,15,1,3,ALL,EBS_SINGLE,123107,2022-AKK-194,1,98.57,18.28,268,0.3774,0.1048,0,3,EBS,0.27768945416004237,27.768945416004236,3.601145038167939
-21470,EBS,2022,162,202201,127,3,0,2022-07-05,0.515,2.922,18.083000000000002,Y,1.532,0.015405249264362101,58.66451,-170.433435,L-21,72,74,NA,6.6000000000000005,-0.1,274,44,15,1,3,ALL,EBS_SINGLE,123107,2022-AKK-198,1,95.81,17.86,256,0.3774,0.119,0,3,EBS,0.3153153153153153,31.53153153153153,3.1714285714285717
-21470,EBS,2022,162,202201,127,3,0,2022-07-05,0.515,2.922,18.083000000000002,Y,1.532,0.015405249264362101,58.66451,-170.433435,L-21,72,74,NA,6.6000000000000005,-0.1,274,44,15,1,3,ALL,EBS_SINGLE,123107,2022-AKK-199,1,96.21,17.5,220,0.3011,0.0844,0,3,EBS,0.2803055463301229,28.03055463301229,3.5675355450236963
-21470,EBS,2022,162,202201,127,3,0,2022-07-05,0.515,2.922,18.083000000000002,Y,1.532,0.015405249264362101,58.66451,-170.433435,L-21,72,74,NA,6.6000000000000005,-0.1,274,44,15,1,3,ALL,EBS_SINGLE,123107,2022-AKK-189,1,98.65,18.66,310,0.3117,0.0842,0,3,EBS,0.27013153673403917,27.013153673403917,3.701900237529691
-21469,EBS,2022,162,202201,126,3,0,2022-07-05,0.52,2.91,18.442,Y,1.502,0.015646566222837,58.664654999999996,-171.084695,L-22,81,83,NA,6.9,-0.4,274,44,15,1,3,ALL,EBS_SINGLE,123107,2022-AKK-170,1,90.57,17.17,337,0.3355,0.0906,0,3,EBS,0.2700447093889717,27.004470938897168,3.7030905077262695
-21526,EBS,2022,94,202201,134,3,0,2022-07-12,0.532,2.8080000000000003,17.047,Y,2.34,0.0139560687605196,58.660235,-171.7168,L-23,89,91,NA,7.8,-0.2,320,44,15,1,3,ALL,EBS_SINGLE,123107,2022-VA-5,1,76.8,15.33,186,0.3209,0.0896,0,3,EBS,0.27921470863197256,27.921470863197257,3.5814732142857144
-21410,EBS,2022,94,202201,112,3,0,2022-07-02,0.525,2.775,16.491,Y,1.9580000000000002,0.013342217468208701,58.98863,-169.17239,M-19,52,54,NA,6.5,1.6,183,44,15,2,3,ALL,EBS_SINGLE,123107,2022-VA-8,1,91.56,16.92,NA,0.3848,0.1209,0,3,EBS,0.3141891891891892,31.41891891891892,3.182795698924731
-21410,EBS,2022,94,202201,112,3,0,2022-07-02,0.525,2.775,16.491,Y,1.9580000000000002,0.013342217468208701,58.98863,-169.17239,M-19,52,54,NA,6.5,1.6,183,44,15,2,3,ALL,EBS_SINGLE,123107,2022-VA-12,2,51.4,0,NA,0.326,0.1077,0,3,EBS,0.3303680981595092,33.03680981595092,3.0269266480965644
-21410,EBS,2022,94,202201,112,3,0,2022-07-02,0.525,2.775,16.491,Y,1.9580000000000002,0.013342217468208701,58.98863,-169.17239,M-19,52,54,NA,6.5,1.6,183,44,15,2,3,ALL,EBS_SINGLE,123107,2022-VA-27,2,46.02,0,NA,0.3016,0.0913,0,3,EBS,0.30271883289124674,30.271883289124673,3.3033953997809413
-21448,EBS,2022,94,202201,117,3,0,2022-07-04,0.54,2.887,17.163,N,1.8330000000000002,0.0144463463316463,59.0026,-169.83127000000002,M-20,61,63,NA,6.9,0.9,229,44,15,2,3,ALL,EBS_SINGLE,123107,2022-VA-18,2,53.74,0,NA,0.2703,0.0874,0,3,EBS,0.32334443211246766,32.334443211246764,3.092677345537757
-21453,EBS,2022,162,202201,124,3,0,2022-07-04,0.516,2.869,18.747,Y,1.5690000000000002,0.015681238621879,59.010344999999994,-170.48345,M-21,69,71,NA,6.7,0.1,229,44,15,2,3,ALL,EBS_SINGLE,123107,2022-AKK-165,1,93.41,17.06,231,0.3141,0.096,0,3,EBS,0.30563514804202485,30.563514804202484,3.2718749999999996
-21528,EBS,2022,94,202201,135,3,0,2022-07-13,0.516,2.729,17.598000000000003,Y,2.2640000000000002,0.0140018327236557,58.99078,-171.778945,M-23,85,87,NA,7.9,0.1,274,44,15,1,3,ALL,EBS_SINGLE,123107,2022-VA-30,1,92.7,18.74,328,0.3116,0.1128,0,3,EBS,0.362002567394095,36.2002567394095,2.7624113475177303
-21528,EBS,2022,94,202201,135,3,0,2022-07-13,0.516,2.729,17.598000000000003,Y,2.2640000000000002,0.0140018327236557,58.99078,-171.778945,M-23,85,87,NA,7.9,0.1,274,44,15,1,3,ALL,EBS_SINGLE,123107,2022-VA-31,1,71.72,11.92,138,0.3597,0.1198,0,3,EBS,0.33305532388101194,33.30553238810119,3.0025041736227047
-21430,EBS,2022,94,202201,115,3,0,2022-07-03,0.533,2.9330000000000003,16.778000000000002,Y,1.8980000000000001,0.0143473036177779,59.345864999999996,-169.22528,N-19,48,50,NA,6.6000000000000005,2.5,183,44,15,2,3,ALL,EBS_SINGLE,123107,2022-VA-4,1,85.13,16.39,NA,0.3084,0.1082,0,3,EBS,0.3508430609597925,35.08430609597925,2.8502772643253236
-21431,EBS,2022,94,202201,116,3,0,2022-07-03,0.54,2.8850000000000002,17.528000000000002,Y,1.8780000000000001,0.014743351437738,59.327239999999996,-169.886235,N-20,59,61,NA,6.9,0.8,229,44,15,2,3,ALL,EBS_SINGLE,123107,2022-VA-7,2,48.03,0,NA,0.0603,0.025,0,3,EBS,0.41459369817578773,41.459369817578775,2.412
-21431,EBS,2022,94,202201,116,3,0,2022-07-03,0.54,2.8850000000000002,17.528000000000002,Y,1.8780000000000001,0.014743351437738,59.327239999999996,-169.886235,N-20,59,61,NA,6.9,0.8,229,44,15,2,3,ALL,EBS_SINGLE,123107,2022-VA-24,2,50.48,0,NA,0.3066,0.108,0,3,EBS,0.35225048923679064,35.22504892367906,2.8388888888888886
-21431,EBS,2022,94,202201,116,3,0,2022-07-03,0.54,2.8850000000000002,17.528000000000002,Y,1.8780000000000001,0.014743351437738,59.327239999999996,-169.886235,N-20,59,61,NA,6.9,0.8,229,44,15,2,3,ALL,EBS_SINGLE,123107,2022-VA-37,2,43.71,0,NA,0.2688,0.0903,0,3,EBS,0.33593750000000006,33.59375000000001,2.976744186046511
-21452,EBS,2022,162,202201,123,3,0,2022-07-04,0.512,2.875,18.627000000000002,Y,1.618,0.015613447220043802,59.327439999999996,-170.53788,N-21,67,69,NA,6.9,0.1,229,44,15,1,3,ALL,EBS_SINGLE,123107,2022-AKK-162,1,98.91,18.48,348,0.312,0.0862,0,3,EBS,0.2762820512820513,27.62820512820513,3.6194895591647334
-21452,EBS,2022,162,202201,123,3,0,2022-07-04,0.512,2.875,18.627000000000002,Y,1.618,0.015613447220043802,59.327439999999996,-170.53788,N-21,67,69,NA,6.9,0.1,229,44,15,1,3,ALL,EBS_SINGLE,123107,2022-AKK-200,1,87.15,15.57,NA,0.3129,0.0694,0,3,EBS,0.22179610099073185,22.179610099073184,4.508645533141211
-21530,EBS,2022,94,202201,137,3,0,2022-07-13,0.511,2.8440000000000003,17.836000000000002,Y,2.1020000000000003,0.0147892139459064,59.321645,-171.17434,N-22,72,74,NA,7.9,-0.2,274,44,15,1,3,ALL,EBS_SINGLE,123107,2022-VA-13,1,82.5,12.78,186,0.3664,0.1054,0,3,EBS,0.28766375545851525,28.766375545851524,3.4762808349146113
-21529,EBS,2022,94,202201,136,3,0,2022-07-13,0.52,2.858,17.475,Y,2.1470000000000002,0.0145612093133925,59.333724999999994,-171.84187,N-23,77,79,NA,7.9,-0.5,274,44,15,1,3,ALL,EBS_SINGLE,123107,2022-VA-10,1,90.56,14.37,NA,0.3143,0.0876,0,3,EBS,0.2787146038816417,27.87146038816417,3.5878995433789957
-21529,EBS,2022,94,202201,136,3,0,2022-07-13,0.52,2.858,17.475,Y,2.1470000000000002,0.0145612093133925,59.333724999999994,-171.84187,N-23,77,79,NA,7.9,-0.5,274,44,15,1,3,ALL,EBS_SINGLE,123107,2022-VA-11,1,74.13,10.66,NA,0.3711,0.1055,0,3,EBS,0.2842899488008623,28.42899488008623,3.5175355450236965
-21594,EBS,2022,162,202201,150,3,0,2022-07-16,0.513,2.8760000000000003,18.14,Y,1.9560000000000002,0.015210524863644,59.334300000000006,-172.502165,N-24,86,88,NA,8.2,-0.1,274,44,15,1,3,ALL,STMATT_MTCA,7218,2022-AKK-172,1,99.68,18.86,342,0.3135,0.0936,0,3,EBS,0.2985645933014354,29.856459330143544,3.3493589743589745
-21531,EBS,2022,94,202201,138,3,0,2022-07-13,0.515,2.745,17.434,Y,2.1670000000000003,0.0139526733302055,59.666885,-171.25353,O-22,69,71,NA,7.8,-0.2,229,44,15,1,3,ALL,EBS_SINGLE,123107,2022-VA-21,1,73,11.05,128,0.3243,0.1006,0,3,EBS,0.31020659882824547,31.020659882824546,3.2236580516898607
-21531,EBS,2022,94,202201,138,3,0,2022-07-13,0.515,2.745,17.434,Y,2.1670000000000003,0.0139526733302055,59.666885,-171.25353,O-22,69,71,NA,7.8,-0.2,229,44,15,1,3,ALL,EBS_SINGLE,123107,2022-VA-23,1,73.13,10.12,124,0.3662,0.1154,0,3,EBS,0.3151283451665756,31.512834516657563,3.173310225303293
-21531,EBS,2022,94,202201,138,3,0,2022-07-13,0.515,2.745,17.434,Y,2.1670000000000003,0.0139526733302055,59.666885,-171.25353,O-22,69,71,NA,7.8,-0.2,229,44,15,1,3,ALL,EBS_SINGLE,123107,2022-VA-35,1,74.69,11.27,144,0.3688,0.1116,0,3,EBS,0.30260303687635576,30.260303687635577,3.304659498207885
-21531,EBS,2022,94,202201,138,3,0,2022-07-13,0.515,2.745,17.434,Y,2.1670000000000003,0.0139526733302055,59.666885,-171.25353,O-22,69,71,NA,7.8,-0.2,229,44,15,1,3,ALL,EBS_SINGLE,123107,2022-VA-38,1,85.92,13.37,202,0.308,0.0864,0,3,EBS,0.28051948051948056,28.051948051948056,3.5648148148148144
-21531,EBS,2022,94,202201,138,3,0,2022-07-13,0.515,2.745,17.434,Y,2.1670000000000003,0.0139526733302055,59.666885,-171.25353,O-22,69,71,NA,7.8,-0.2,229,44,15,1,3,ALL,EBS_SINGLE,123107,2022-VA-39,1,78.46,11.95,176,0.3155,0.0937,0,3,EBS,0.29698890649762283,29.698890649762284,3.367129135538954
-21531,EBS,2022,94,202201,138,3,0,2022-07-13,0.515,2.745,17.434,Y,2.1670000000000003,0.0139526733302055,59.666885,-171.25353,O-22,69,71,NA,7.8,-0.2,229,44,15,1,3,ALL,EBS_SINGLE,123107,2022-VA-40,1,77.42,11.01,164,0.3205,0.0979,0,3,EBS,0.30546021840873633,30.54602184087363,3.2737487231869253
-21561,EBS,2022,94,202201,139,3,0,2022-07-14,0.52,2.8240000000000003,18.127000000000002,Y,2.1,0.0149248049130708,59.66055,-171.86433,O-23,75,77,NA,7.9,-0.7000000000000001,274,44,15,1,3,ALL,STMATT_MTCA,7218,2022-VA-58,1,71.07,12.97,150,0.3305,0.0975,0,3,EBS,0.2950075642965204,29.500756429652043,3.3897435897435897
-21595,EBS,2022,162,202201,151,3,0,2022-07-16,0.524,2.9370000000000003,17.445,Y,2.065,0.0149380172362327,59.6709,-172.57502,O-24,82,84,NA,8.1,-0.5,274,44,15,1,3,ALL,STMATT_MTCA,7218,2022-AKK-179,1,89.51,16.56,265,0.3921,0.1152,0,3,EBS,0.29380260137719966,29.380260137719965,3.4036458333333335
-21595,EBS,2022,162,202201,151,3,0,2022-07-16,0.524,2.9370000000000003,17.445,Y,2.065,0.0149380172362327,59.6709,-172.57502,O-24,82,84,NA,8.1,-0.5,274,44,15,1,3,ALL,STMATT_MTCA,7218,2022-AKK-182,1,83.96,16.71,252,0.3029,0.0876,0,3,EBS,0.28920435787388576,28.920435787388577,3.4577625570776256
-21595,EBS,2022,162,202201,151,3,0,2022-07-16,0.524,2.9370000000000003,17.445,Y,2.065,0.0149380172362327,59.6709,-172.57502,O-24,82,84,NA,8.1,-0.5,274,44,15,1,3,ALL,STMATT_MTCA,7218,2022-AKK-185,1,75.34,12.28,159,0.3936,0.1163,0,3,EBS,0.29547764227642276,29.547764227642276,3.3843508168529666
-21595,EBS,2022,162,202201,151,3,0,2022-07-16,0.524,2.9370000000000003,17.445,Y,2.065,0.0149380172362327,59.6709,-172.57502,O-24,82,84,NA,8.1,-0.5,274,44,15,1,3,ALL,STMATT_MTCA,7218,2022-AKK-190,1,78.44,14.23,195,0.3258,0.1014,0,3,EBS,0.3112338858195212,31.12338858195212,3.2130177514792897
-21595,EBS,2022,162,202201,151,3,0,2022-07-16,0.524,2.9370000000000003,17.445,Y,2.065,0.0149380172362327,59.6709,-172.57502,O-24,82,84,NA,8.1,-0.5,274,44,15,1,3,ALL,STMATT_MTCA,7218,2022-AKK-192,1,85.78,14.12,241,0.3844,0.1176,0,3,EBS,0.3059313215400624,30.59313215400624,3.2687074829931975
-21595,EBS,2022,162,202201,151,3,0,2022-07-16,0.524,2.9370000000000003,17.445,Y,2.065,0.0149380172362327,59.6709,-172.57502,O-24,82,84,NA,8.1,-0.5,274,44,15,1,3,ALL,STMATT_MTCA,7218,2022-AKK-195,1,80.79,19.49,194,0.3276,0.1065,1,3,EBS,0.3250915750915751,32.50915750915751,3.076056338028169
-21706,EBS,2022,94,202201,178,3,0,2022-07-23,0.532,2.791,18.494,N,1.603,0.0150490375448259,59.665994999999995,-175.829675,O-29,134,136,NA,9.6,1.9000000000000001,411,44,15,2,3,ALL,EBS_SINGLE,123107,2022-VA-86,2,59.74,0,NA,0.3818,0.1305,0,5,EBS,0.3418019905709796,34.18019905709796,2.925670498084291
-21427,EBS,2022,162,202201,120,3,0,2022-07-03,0.509,2.837,17.650000000000002,Y,1.554,0.014598965472217501,59.999959999999994,-169.97629,P-20,53,55,NA,6.8,1,183,44,15,2,3,ALL,EBS_SINGLE,123107,2022-AKK-161,1,84.28,15.07,234,0.3067,0.0687,0,4,EBS,0.22399739158787088,22.39973915878709,4.46433770014556
-21564,EBS,2022,94,202201,142,3,0,2022-07-14,0.519,2.782,17.605,Y,2.184,0.0142794404938185,59.98028,-171.29979500000002,P-22,66,68,NA,8,-0.2,229,44,15,1,3,ALL,EBS_SINGLE,123107,2022-VA-17,1,84.01,11.15,222,0.3803,0.1104,0,4,EBS,0.2902971338417039,29.029713384170392,3.4447463768115947
-21564,EBS,2022,94,202201,142,3,0,2022-07-14,0.519,2.782,17.605,Y,2.184,0.0142794404938185,59.98028,-171.29979500000002,P-22,66,68,NA,8,-0.2,229,44,15,1,3,ALL,EBS_SINGLE,123107,2022-VA-19,1,71.89,10.38,148,0.3733,0.1049,0,4,EBS,0.2810072327886418,28.10072327886418,3.558627264061011
-21564,EBS,2022,94,202201,142,3,0,2022-07-14,0.519,2.782,17.605,Y,2.184,0.0142794404938185,59.98028,-171.29979500000002,P-22,66,68,NA,8,-0.2,229,44,15,1,3,ALL,EBS_SINGLE,123107,2022-VA-25,2,57.41,0,NA,0.3637,0.1317,0,4,EBS,0.3621116304646687,36.21116304646687,2.761579347000759
-21564,EBS,2022,94,202201,142,3,0,2022-07-14,0.519,2.782,17.605,Y,2.184,0.0142794404938185,59.98028,-171.29979500000002,P-22,66,68,NA,8,-0.2,229,44,15,1,3,ALL,EBS_SINGLE,123107,2022-VA-26,1,70.75,10.18,124,0.3327,0.1208,0,4,EBS,0.36308987075443344,36.30898707544334,2.754139072847682
-21564,EBS,2022,94,202201,142,3,0,2022-07-14,0.519,2.782,17.605,Y,2.184,0.0142794404938185,59.98028,-171.29979500000002,P-22,66,68,NA,8,-0.2,229,44,15,1,3,ALL,EBS_SINGLE,123107,2022-VA-29,2,56.36,0,58,0.361,0.1399,0,4,EBS,0.3875346260387812,38.75346260387812,2.5804145818441744
-21564,EBS,2022,94,202201,142,3,0,2022-07-14,0.519,2.782,17.605,Y,2.184,0.0142794404938185,59.98028,-171.29979500000002,P-22,66,68,NA,8,-0.2,229,44,15,1,3,ALL,EBS_SINGLE,123107,2022-VA-32,1,73.24,10.9,NA,0.2984,0.1008,0,4,EBS,0.3378016085790885,33.78016085790885,2.9603174603174605
-21564,EBS,2022,94,202201,142,3,0,2022-07-14,0.519,2.782,17.605,Y,2.184,0.0142794404938185,59.98028,-171.29979500000002,P-22,66,68,NA,8,-0.2,229,44,15,1,3,ALL,EBS_SINGLE,123107,2022-VA-33,1,79.32,12.53,174,0.3253,0.1014,0,4,EBS,0.31171226560098375,31.171226560098376,3.2080867850098618
-21564,EBS,2022,94,202201,142,3,0,2022-07-14,0.519,2.782,17.605,Y,2.184,0.0142794404938185,59.98028,-171.29979500000002,P-22,66,68,NA,8,-0.2,229,44,15,1,3,ALL,EBS_SINGLE,123107,2022-VA-34,2,60.02,0,66,0.3154,0.1167,0,4,EBS,0.37000634115409003,37.00063411540901,2.702656383890317
-21564,EBS,2022,94,202201,142,3,0,2022-07-14,0.519,2.782,17.605,Y,2.184,0.0142794404938185,59.98028,-171.29979500000002,P-22,66,68,NA,8,-0.2,229,44,15,1,3,ALL,EBS_SINGLE,123107,2022-VA-36,1,78.2,11.87,184,0.3473,0.1048,0,4,EBS,0.30175640656492947,30.17564065649295,3.3139312977099236
-21707,EBS,2022,94,202201,179,3,0,2022-07-24,0.548,3.015,17.265,Y,1.5150000000000001,0.0151765107920663,60.007200000000005,-176.718235,P-30,139,141,NA,9.700000000000001,2,411,44,15,2,3,ALL,EBS_SINGLE,123107,2022-VA-85,1,87.2,16.43,280,0.3599,0.1444,0,5,EBS,0.40122256182272853,40.12225618227285,2.492382271468144
-21562,EBS,2022,94,202201,140,3,0,2022-07-14,0.518,2.754,17.8,Y,2.161,0.01429229508102,59.82478,-172.252735,PO2423,73,75,NA,8,-0.6,274,44,15,1,3,ALL,STMATT_MTCA,7218,2022-VA-28,1,75.04,12.58,146,0.3194,0.0913,0,4,EBS,0.2858484658735128,28.584846587351283,3.498357064622125
-21562,EBS,2022,94,202201,140,3,0,2022-07-14,0.518,2.754,17.8,Y,2.161,0.01429229508102,59.82478,-172.252735,PO2423,73,75,NA,8,-0.6,274,44,15,1,3,ALL,STMATT_MTCA,7218,2022-VA-79,2,45.49,0,NA,0.3084,0.0994,0,4,EBS,0.3223086900129702,32.230869001297016,3.10261569416499
-21628,EBS,2022,162,202201,157,3,0,2022-07-18,0.515,2.8960000000000004,18.346,Y,2.289,0.015490234150353601,59.829575,-172.933125,PO2524,78,80,NA,8,-0.5,274,44,15,1,3,ALL,STMATT_MTCA,7218,2022-AKK-178,1,75.68,13.24,187,0.3381,0.0702,0,4,EBS,0.20763087843833183,20.763087843833183,4.816239316239317
-21574,EBS,2022,94,202201,143,3,0,2022-07-15,0.518,2.742,17.268,Y,2.399,0.013804717585467599,60.32517,-171.3717,Q-22,63,65,NA,7.4,0,229,44,15,1,3,ALL,EBS_SINGLE,123107,2022-VA-42,1,76.53,12.17,172,0.3391,0.1005,0,4,EBS,0.29637275140076674,29.637275140076675,3.3741293532338306
-21574,EBS,2022,94,202201,143,3,0,2022-07-15,0.518,2.742,17.268,Y,2.399,0.013804717585467599,60.32517,-171.3717,Q-22,63,65,NA,7.4,0,229,44,15,1,3,ALL,EBS_SINGLE,123107,2022-VA-53,1,83.19,11.75,220,0.3283,0.1071,0,4,EBS,0.326226012793177,32.6226012793177,3.0653594771241828
-21574,EBS,2022,94,202201,143,3,0,2022-07-15,0.518,2.742,17.268,Y,2.399,0.013804717585467599,60.32517,-171.3717,Q-22,63,65,NA,7.4,0,229,44,15,1,3,ALL,EBS_SINGLE,123107,2022-VA-54,1,84.07,12.55,216,0.3102,0.0974,0,4,EBS,0.3139909735654417,31.39909735654417,3.1848049281314164
-21574,EBS,2022,94,202201,143,3,0,2022-07-15,0.518,2.742,17.268,Y,2.399,0.013804717585467599,60.32517,-171.3717,Q-22,63,65,NA,7.4,0,229,44,15,1,3,ALL,EBS_SINGLE,123107,2022-VA-60,1,83.67,12.89,NA,0.3678,0.1023,0,4,EBS,0.27814029363784665,27.814029363784666,3.595307917888563
-21574,EBS,2022,94,202201,143,3,0,2022-07-15,0.518,2.742,17.268,Y,2.399,0.013804717585467599,60.32517,-171.3717,Q-22,63,65,NA,7.4,0,229,44,15,1,3,ALL,EBS_SINGLE,123107,2022-VA-63,1,78.09,12.31,184,0.3374,0.1221,0,4,EBS,0.3618850029638412,36.18850029638412,2.763308763308763
-21574,EBS,2022,94,202201,143,3,0,2022-07-15,0.518,2.742,17.268,Y,2.399,0.013804717585467599,60.32517,-171.3717,Q-22,63,65,NA,7.4,0,229,44,15,1,3,ALL,EBS_SINGLE,123107,2022-VA-74,1,73.82,10.33,142,0.3534,0.0916,0,4,EBS,0.2591963780418789,25.91963780418789,3.858078602620087
-21585,EBS,2022,94,202201,149,3,0,2022-07-16,0.526,2.7760000000000002,16.079,Y,2.314,0.013013572409468401,60.349505,-172.067645,Q-23,57,59,NA,6.3,0.1,229,44,15,2,3,ALL,STMATT_MTCA,7218,2022-VA-41,2,54.39,0,52,0.3127,0.1079,0,4,EBS,0.34505916213623283,34.50591621362328,2.8980537534754403
-21585,EBS,2022,94,202201,149,3,0,2022-07-16,0.526,2.7760000000000002,16.079,Y,2.314,0.013013572409468401,60.349505,-172.067645,Q-23,57,59,NA,6.3,0.1,229,44,15,2,3,ALL,STMATT_MTCA,7218,2022-VA-50,2,50.95,0,42,0.3261,0.1108,0,4,EBS,0.3397730757436369,33.97730757436369,2.943140794223827
-21738,EBS,2022,162,202201,186,3,0,2022-07-26,0.539,3.0660000000000003,18.814,Y,1.8780000000000001,0.0168178829726754,60.335845,-177.37448,Q-31,147,149,NA,9.3,1.6,457,44,15,1,3,ALL,EBS_SINGLE,123107,2022-AKK-163,2,41.01,0,29,0.3287,0.0862,0,5,EBS,0.26224520839671434,26.224520839671435,3.8132250580046403
-21738,EBS,2022,162,202201,186,3,0,2022-07-26,0.539,3.0660000000000003,18.814,Y,1.8780000000000001,0.0168178829726754,60.335845,-177.37448,Q-31,147,149,NA,9.3,1.6,457,44,15,1,3,ALL,EBS_SINGLE,123107,2022-AKK-175,2,32,0,43.7,0.3289,0.1256,0,5,EBS,0.3818789905746427,38.18789905746427,2.618630573248408
-21738,EBS,2022,162,202201,186,3,0,2022-07-26,0.539,3.0660000000000003,18.814,Y,1.8780000000000001,0.0168178829726754,60.335845,-177.37448,Q-31,147,149,NA,9.3,1.6,457,44,15,1,3,ALL,EBS_SINGLE,123107,2022-AKK-188,2,58.05,0,71,0.3591,0.0977,0,5,EBS,0.27206906154274574,27.206906154274574,3.6755373592630503
-21624,EBS,2022,162,202201,153,3,0,2022-07-17,0.544,3.071,18.022000000000002,Y,1.994,0.0161361840087327,60.135635,-173.760495,QP2625,86,88,NA,8.1,-0.2,320,44,15,1,3,ALL,STMATT_MTCA,7218,2022-AKK-186,1,94.9,19.13,374,0.3597,0.138,0,4,EBS,0.38365304420350294,38.36530442035029,2.6065217391304345
-21575,EBS,2022,94,202201,144,3,0,2022-07-15,0.526,2.705,17.208000000000002,Y,2.321,0.013571120376594002,60.656029999999994,-171.434115,R-22,60,62,NA,8,0.2,229,44,15,1,3,ALL,EBS_SINGLE,123107,2022-VA-52,1,72.14,10.42,NA,0.3064,0.0907,0,4,EBS,0.2960182767624021,29.601827676240212,3.378169790518192
-21584,EBS,2022,94,202201,148,3,5.5,2022-07-16,0.526,2.8890000000000002,17.414,Y,2.119,0.0146677708966041,60.681284999999995,-172.11482,R-23,58,60,NA,7.4,-0.2,229,44,15,1,3,ALL,EBS_SINGLE,123107,2022-VA-43,2,51.15,0,NA,0.3141,0.103,0,4,EBS,0.32792104425342244,32.792104425342245,3.049514563106796
-21584,EBS,2022,94,202201,148,3,5.5,2022-07-16,0.526,2.8890000000000002,17.414,Y,2.119,0.0146677708966041,60.681284999999995,-172.11482,R-23,58,60,NA,7.4,-0.2,229,44,15,1,3,ALL,EBS_SINGLE,123107,2022-VA-47,2,49.58,0,NA,0.3209,0.1219,0,4,EBS,0.37986911810532875,37.986911810532874,2.632485643970468
-21584,EBS,2022,94,202201,148,3,5.5,2022-07-16,0.526,2.8890000000000002,17.414,Y,2.119,0.0146677708966041,60.681284999999995,-172.11482,R-23,58,60,NA,7.4,-0.2,229,44,15,1,3,ALL,EBS_SINGLE,123107,2022-VA-48,2,48.21,0,NA,0.3221,0.1142,0,4,EBS,0.35454827693262964,35.45482769326296,2.820490367775832
-21584,EBS,2022,94,202201,148,3,5.5,2022-07-16,0.526,2.8890000000000002,17.414,Y,2.119,0.0146677708966041,60.681284999999995,-172.11482,R-23,58,60,NA,7.4,-0.2,229,44,15,1,3,ALL,EBS_SINGLE,123107,2022-VA-49,1,74.39,10.7,NA,0.3112,0.093,0,4,EBS,0.2988431876606684,29.88431876606684,3.346236559139785
-21584,EBS,2022,94,202201,148,3,5.5,2022-07-16,0.526,2.8890000000000002,17.414,Y,2.119,0.0146677708966041,60.681284999999995,-172.11482,R-23,58,60,NA,7.4,-0.2,229,44,15,1,3,ALL,EBS_SINGLE,123107,2022-VA-57,2,48.21,0,36,0.3417,0.1134,0,4,EBS,0.33187006145741876,33.187006145741876,3.013227513227513
-21584,EBS,2022,94,202201,148,3,5.5,2022-07-16,0.526,2.8890000000000002,17.414,Y,2.119,0.0146677708966041,60.681284999999995,-172.11482,R-23,58,60,NA,7.4,-0.2,229,44,15,1,3,ALL,EBS_SINGLE,123107,2022-VA-67,2,47.35,0,34,0.3091,0.1227,0,4,EBS,0.3969589129731479,39.69589129731479,2.5191524042379787
-21584,EBS,2022,94,202201,148,3,5.5,2022-07-16,0.526,2.8890000000000002,17.414,Y,2.119,0.0146677708966041,60.681284999999995,-172.11482,R-23,58,60,NA,7.4,-0.2,229,44,15,1,3,ALL,EBS_SINGLE,123107,2022-VA-73,2,54.48,0,NA,0.3033,0.1212,0,4,EBS,0.39960435212660733,39.960435212660734,2.5024752475247527
-21584,EBS,2022,94,202201,148,3,5.5,2022-07-16,0.526,2.8890000000000002,17.414,Y,2.119,0.0146677708966041,60.681284999999995,-172.11482,R-23,58,60,NA,7.4,-0.2,229,44,15,1,3,ALL,EBS_SINGLE,123107,2022-VA-76,2,49.67,0,NA,0.3111,0.1073,0,4,EBS,0.34490517518482805,34.490517518482804,2.8993476234855544
-21584,EBS,2022,94,202201,148,3,5.5,2022-07-16,0.526,2.8890000000000002,17.414,Y,2.119,0.0146677708966041,60.681284999999995,-172.11482,R-23,58,60,NA,7.4,-0.2,229,44,15,1,3,ALL,EBS_SINGLE,123107,2022-VA-78,1,75.86,14.24,180,0.3261,0.1165,0,4,EBS,0.3572523765716038,35.72523765716038,2.7991416309012873
-21599,EBS,2022,94,202201,155,3,6.3,2022-07-17,0.516,2.938,16.984,Y,2.547,0.0145482182792232,60.66665,-173.446385,R-25,61,64,NA,5.6000000000000005,3.2,229,44,15,2,3,ALL,EBS_SINGLE,123107,2022-VA-55,2,47.76,0,32,0.3092,0.1018,0,4,EBS,0.32923673997412684,32.923673997412685,3.037328094302554
-21599,EBS,2022,94,202201,155,3,6.3,2022-07-17,0.516,2.938,16.984,Y,2.547,0.0145482182792232,60.66665,-173.446385,R-25,61,64,NA,5.6000000000000005,3.2,229,44,15,2,3,ALL,EBS_SINGLE,123107,2022-VA-65,2,47.69,0,36,0.3123,0.1095,0,4,EBS,0.35062439961575403,35.0624399615754,2.8520547945205483
-21599,EBS,2022,94,202201,155,3,6.3,2022-07-17,0.516,2.938,16.984,Y,2.547,0.0145482182792232,60.66665,-173.446385,R-25,61,64,NA,5.6000000000000005,3.2,229,44,15,2,3,ALL,EBS_SINGLE,123107,2022-VA-69,2,49.78,0,NA,0.3136,0.0962,0,4,EBS,0.3067602040816326,30.67602040816326,3.25987525987526
-21599,EBS,2022,94,202201,155,3,6.3,2022-07-17,0.516,2.938,16.984,Y,2.547,0.0145482182792232,60.66665,-173.446385,R-25,61,64,NA,5.6000000000000005,3.2,229,44,15,2,3,ALL,EBS_SINGLE,123107,2022-VA-80,2,46.87,0,36,0.3134,0.1083,0,4,EBS,0.3455647734524569,34.55647734524569,2.893813481071099
-21619,EBS,2022,94,202201,156,3,0,2022-07-18,0.516,2.706,17.73,Y,2.119,0.013987965863223002,60.67961,-174.144715,R-26,84,86,NA,8.2,-0.5,274,44,15,1,3,ALL,EBS_SINGLE,123107,2022-VA-44,2,55.66,0,NA,0.3103,0.0991,0,4,EBS,0.31936835320657425,31.936835320657426,3.1311806256306767
-21619,EBS,2022,94,202201,156,3,0,2022-07-18,0.516,2.706,17.73,Y,2.119,0.013987965863223002,60.67961,-174.144715,R-26,84,86,NA,8.2,-0.5,274,44,15,1,3,ALL,EBS_SINGLE,123107,2022-VA-45,1,80.16,12.22,162,0.3382,0.0966,0,4,EBS,0.2856298048492017,28.56298048492017,3.5010351966873703
-21619,EBS,2022,94,202201,156,3,0,2022-07-18,0.516,2.706,17.73,Y,2.119,0.013987965863223002,60.67961,-174.144715,R-26,84,86,NA,8.2,-0.5,274,44,15,1,3,ALL,EBS_SINGLE,123107,2022-VA-46,2,49.03,0,40,0.3732,0.1467,0,4,EBS,0.39308681672025725,39.30868167202573,2.543967280163599
-21619,EBS,2022,94,202201,156,3,0,2022-07-18,0.516,2.706,17.73,Y,2.119,0.013987965863223002,60.67961,-174.144715,R-26,84,86,NA,8.2,-0.5,274,44,15,1,3,ALL,EBS_SINGLE,123107,2022-VA-56,1,72.44,10.59,130,0.3151,0.0874,0,4,EBS,0.2773722627737227,27.73722627737227,3.6052631578947367
-21619,EBS,2022,94,202201,156,3,0,2022-07-18,0.516,2.706,17.73,Y,2.119,0.013987965863223002,60.67961,-174.144715,R-26,84,86,NA,8.2,-0.5,274,44,15,1,3,ALL,EBS_SINGLE,123107,2022-VA-61,1,76.71,11.31,158,0.3412,0.1109,0,4,EBS,0.32502930832356386,32.502930832356384,3.0766456266907123
-21619,EBS,2022,94,202201,156,3,0,2022-07-18,0.516,2.706,17.73,Y,2.119,0.013987965863223002,60.67961,-174.144715,R-26,84,86,NA,8.2,-0.5,274,44,15,1,3,ALL,EBS_SINGLE,123107,2022-VA-72,1,75.63,11.43,156,0.3065,0.096,0,4,EBS,0.31321370309951063,31.321370309951064,3.192708333333333
-21619,EBS,2022,94,202201,156,3,0,2022-07-18,0.516,2.706,17.73,Y,2.119,0.013987965863223002,60.67961,-174.144715,R-26,84,86,NA,8.2,-0.5,274,44,15,1,3,ALL,EBS_SINGLE,123107,2022-VA-75,1,74.13,11.32,140,0.3344,0.102,0,4,EBS,0.3050239234449761,30.502392344497608,3.2784313725490195
-21619,EBS,2022,94,202201,156,3,0,2022-07-18,0.516,2.706,17.73,Y,2.119,0.013987965863223002,60.67961,-174.144715,R-26,84,86,NA,8.2,-0.5,274,44,15,1,3,ALL,EBS_SINGLE,123107,2022-VA-77,1,80.54,12.61,186,0.3028,0.0824,0,4,EBS,0.2721268163804491,27.212681638044913,3.674757281553398
-21745,EBS,2022,94,202201,190,3,0,2022-07-27,0.533,2.7840000000000003,18.115000000000002,Y,1.6580000000000001,0.014703665195736,60.655744999999996,-174.819355,R-27,95,97,NA,8.5,0.7000000000000001,320,44,15,1,3,ALL,EBS_SINGLE,123107,2022-VA-91,2,51.43,0,NA,0.305,0.0956,0,4,EBS,0.3134426229508197,31.344262295081972,3.1903765690376567
-21745,EBS,2022,94,202201,190,3,0,2022-07-27,0.533,2.7840000000000003,18.115000000000002,Y,1.6580000000000001,0.014703665195736,60.655744999999996,-174.819355,R-27,95,97,NA,8.5,0.7000000000000001,320,44,15,1,3,ALL,EBS_SINGLE,123107,2022-VA-92,1,65.17,13.49,NA,0.3321,0.1225,1,4,EBS,0.3688647997591087,36.886479975910866,2.7110204081632654
-21736,EBS,2022,94,202201,187,3,0,2022-07-26,0.522,2.835,18.406000000000002,Y,1.564,0.0152135482718835,60.68487,-175.456605,R-28,104,106,NA,8.6,1.1,320,44,15,1,3,ALL,EBS_SINGLE,123107,2022-VA-89,2,55.58,0,60,0.3181,0.1031,0,5,EBS,0.32411191449229804,32.411191449229804,3.0853540252182348
-21736,EBS,2022,94,202201,187,3,0,2022-07-26,0.522,2.835,18.406000000000002,Y,1.564,0.0152135482718835,60.68487,-175.456605,R-28,104,106,NA,8.6,1.1,320,44,15,1,3,ALL,EBS_SINGLE,123107,2022-VA-90,2,60.22,0,72,0.3306,0.1135,0,5,EBS,0.3433151845130067,34.33151845130067,2.912775330396476
-21577,EBS,2022,94,202201,147,3,0,2022-07-15,0.522,2.75,17.199,Y,2.237,0.013789671683287501,61.004855,-172.15954499999998,S-23,60,62,NA,7.6000000000000005,-0.4,229,44,15,1,3,ALL,EBS_SINGLE,123107,2022-VA-51,2,52.25,0,46,0.3018,0.105,0,4,EBS,0.3479125248508946,34.79125248508946,2.8742857142857146
-21577,EBS,2022,94,202201,147,3,0,2022-07-15,0.522,2.75,17.199,Y,2.237,0.013789671683287501,61.004855,-172.15954499999998,S-23,60,62,NA,7.6000000000000005,-0.4,229,44,15,1,3,ALL,EBS_SINGLE,123107,2022-VA-59,1,75.99,13.85,170,0.3873,0.0891,0,4,EBS,0.2300542215336948,23.00542215336948,4.346801346801347
-21577,EBS,2022,94,202201,147,3,0,2022-07-15,0.522,2.75,17.199,Y,2.237,0.013789671683287501,61.004855,-172.15954499999998,S-23,60,62,NA,7.6000000000000005,-0.4,229,44,15,1,3,ALL,EBS_SINGLE,123107,2022-VA-64,1,85.2,13.62,198,0.3328,0.0947,0,4,EBS,0.2845552884615385,28.45552884615385,3.514255543822597
-21577,EBS,2022,94,202201,147,3,0,2022-07-15,0.522,2.75,17.199,Y,2.237,0.013789671683287501,61.004855,-172.15954499999998,S-23,60,62,NA,7.6000000000000005,-0.4,229,44,15,1,3,ALL,EBS_SINGLE,123107,2022-VA-66,2,52.51,0,48,0.3213,0.0981,0,4,EBS,0.30532212885154064,30.532212885154063,3.275229357798165
-21577,EBS,2022,94,202201,147,3,0,2022-07-15,0.522,2.75,17.199,Y,2.237,0.013789671683287501,61.004855,-172.15954499999998,S-23,60,62,NA,7.6000000000000005,-0.4,229,44,15,1,3,ALL,EBS_SINGLE,123107,2022-VA-68,2,45.25,0,30,0.324,0.1152,0,4,EBS,0.3555555555555555,35.55555555555555,2.8125
-21577,EBS,2022,94,202201,147,3,0,2022-07-15,0.522,2.75,17.199,Y,2.237,0.013789671683287501,61.004855,-172.15954499999998,S-23,60,62,NA,7.6000000000000005,-0.4,229,44,15,1,3,ALL,EBS_SINGLE,123107,2022-VA-70,2,51.16,0,46,0.3085,0.1067,0,4,EBS,0.3458670988654781,34.58670988654781,2.8912839737582003
-21577,EBS,2022,94,202201,147,3,0,2022-07-15,0.522,2.75,17.199,Y,2.237,0.013789671683287501,61.004855,-172.15954499999998,S-23,60,62,NA,7.6000000000000005,-0.4,229,44,15,1,3,ALL,EBS_SINGLE,123107,2022-VA-71,2,49.39,0,NA,0.3429,0.1127,0,4,EBS,0.32866724992709245,32.866724992709244,3.0425909494232477
-21598,EBS,2022,94,202201,154,3,0,2022-07-17,0.532,2.902,17.818,Y,2.209,0.0150755928070506,60.998335,-173.48327999999998,S-25,72,74,NA,8.3,-0.8,274,44,15,1,3,ALL,EBS_SINGLE,123107,2022-VA-62,2,48.69,0,NA,0.3292,0.118,0,4,EBS,0.35844471445929527,35.84447144592953,2.7898305084745765
-21598,EBS,2022,94,202201,154,3,0,2022-07-17,0.532,2.902,17.818,Y,2.209,0.0150755928070506,60.998335,-173.48327999999998,S-25,72,74,NA,8.3,-0.8,274,44,15,1,3,ALL,EBS_SINGLE,123107,2022-VA-81,2,41.61,0,NA,0.3075,0.1073,0,4,EBS,0.34894308943089436,34.894308943089435,2.8657968313140723
-21598,EBS,2022,94,202201,154,3,0,2022-07-17,0.532,2.902,17.818,Y,2.209,0.0150755928070506,60.998335,-173.48327999999998,S-25,72,74,NA,8.3,-0.8,274,44,15,1,3,ALL,EBS_SINGLE,123107,2022-VA-82,2,47.69,0,30,0.317,0.1113,0,4,EBS,0.35110410094637223,35.110410094637224,2.8481581311769992
-21598,EBS,2022,94,202201,154,3,0,2022-07-17,0.532,2.902,17.818,Y,2.209,0.0150755928070506,60.998335,-173.48327999999998,S-25,72,74,NA,8.3,-0.8,274,44,15,1,3,ALL,EBS_SINGLE,123107,2022-VA-83,2,48.16,0,NA,0.3066,0.1182,0,4,EBS,0.3855185909980431,38.55185909980431,2.593908629441624
-21598,EBS,2022,94,202201,154,3,0,2022-07-17,0.532,2.902,17.818,Y,2.209,0.0150755928070506,60.998335,-173.48327999999998,S-25,72,74,NA,8.3,-0.8,274,44,15,1,3,ALL,EBS_SINGLE,123107,2022-VA-84,2,50.44,0,NA,0.3427,0.1164,0,4,EBS,0.33965567551794573,33.96556755179457,2.9441580756013743
-21746,EBS,2022,94,202201,191,3,0,2022-07-27,0.536,2.853,18.242,Y,1.598,0.015173726749127099,60.989419999999996,-174.88081499999998,S-27,89,91,NA,8.3,0,320,44,15,1,3,ALL,EBS_SINGLE,123107,2022-VA-93,1,102.73,16.94,NA,0.3671,0.0917,0,4,EBS,0.24979569599564153,24.97956959956415,4.003271537622682
-21746,EBS,2022,94,202201,191,3,0,2022-07-27,0.536,2.853,18.242,Y,1.598,0.015173726749127099,60.989419999999996,-174.88081499999998,S-27,89,91,NA,8.3,0,320,44,15,1,3,ALL,EBS_SINGLE,123107,2022-VA-94,1,79.32,11.05,NA,0.3073,0.1022,0,4,EBS,0.3325740318906606,33.25740318906606,3.0068493150684934
-21746,EBS,2022,94,202201,191,3,0,2022-07-27,0.536,2.853,18.242,Y,1.598,0.015173726749127099,60.989419999999996,-174.88081499999998,S-27,89,91,NA,8.3,0,320,44,15,1,3,ALL,EBS_SINGLE,123107,2022-VA-95,1,94.73,14.33,NA,0.3194,0.0857,0,4,EBS,0.26831559173450215,26.831559173450216,3.7269544924154028
-21728,EBS,2022,94,202201,184,3,0,2022-07-25,0.534,2.875,18.199,Y,1.54,0.0152546908228687,60.991155,-176.275375,S-29,109,111,NA,8.5,1.2,366,44,15,1,3,ALL,EBS_SINGLE,123107,2022-VA-87,1,92.03,15.13,306,0.298,0.1251,0,5,EBS,0.4197986577181208,41.97986577181208,2.382094324540368
-21728,EBS,2022,94,202201,184,3,0,2022-07-25,0.534,2.875,18.199,Y,1.54,0.0152546908228687,60.991155,-176.275375,S-29,109,111,NA,8.5,1.2,366,44,15,1,3,ALL,EBS_SINGLE,123107,2022-VA-88,2,46.51,0,38,0.3106,0.1046,0,5,EBS,0.33676754668383774,33.67675466838377,2.9694072657743784
-21766,EBS,2022,162,202201,190,3,0,2022-07-27,0.527,2.9040000000000004,18.485,Y,1.8820000000000001,0.015650712111474,61.008874999999996,-176.96670999999998,S-30,120,122,NA,9.200000000000001,1.6,366,44,15,1,3,ALL,EBS_SINGLE,123107,2022-AKK-171,1,99.08,18.71,364,0.3504,0.1243,0,5,EBS,0.3547374429223744,35.47374429223744,2.818986323411102
-21766,EBS,2022,162,202201,190,3,0,2022-07-27,0.527,2.9040000000000004,18.485,Y,1.8820000000000001,0.015650712111474,61.008874999999996,-176.96670999999998,S-30,120,122,NA,9.200000000000001,1.6,366,44,15,1,3,ALL,EBS_SINGLE,123107,2022-AKK-183,1,107.01,21.31,451,0.3319,0.1015,0,5,EBS,0.3058150045194336,30.58150045194336,3.269950738916256
-21741,EBS,2022,162,202201,189,3,0,2022-07-26,0.539,3.0540000000000003,18.815,Y,1.724,0.016752949959883502,61.007889999999996,-177.63240000000002,S-31,133,135,NA,9.6,1.5,411,44,15,2,3,ALL,EBS_SINGLE,123107,2022-AKK-196,1,84.07,13.27,191,0.3233,0.1516,0,5,EBS,0.4689143210640273,46.89143210640273,2.1325857519788913
-21747,EBS,2022,94,202201,192,3,0,2022-07-27,0.522,2.794,19.867,Y,1.5090000000000001,0.0161836593900333,61.32121,-175.008305,T-27,85,87,NA,8.2,-0.6,274,44,15,1,3,ALL,EBS_SINGLE,123107,2022-VA-96,2,50.05,0,44,0.314,0.1058,0,4,EBS,0.3369426751592357,33.69426751592357,2.9678638941398865
-21747,EBS,2022,94,202201,192,3,0,2022-07-27,0.522,2.794,19.867,Y,1.5090000000000001,0.0161836593900333,61.32121,-175.008305,T-27,85,87,NA,8.2,-0.6,274,44,15,1,3,ALL,EBS_SINGLE,123107,2022-VA-97,2,50.8,0,46,0.366,0.1382,0,4,EBS,0.37759562841530053,37.759562841530055,2.648335745296672
-21747,EBS,2022,94,202201,192,3,0,2022-07-27,0.522,2.794,19.867,Y,1.5090000000000001,0.0161836593900333,61.32121,-175.008305,T-27,85,87,NA,8.2,-0.6,274,44,15,1,3,ALL,EBS_SINGLE,123107,2022-VA-98,2,56.04,0,60,0.308,0.1214,0,4,EBS,0.39415584415584415,39.41558441558441,2.5370675453047777
-21747,EBS,2022,94,202201,192,3,0,2022-07-27,0.522,2.794,19.867,Y,1.5090000000000001,0.0161836593900333,61.32121,-175.008305,T-27,85,87,NA,8.2,-0.6,274,44,15,1,3,ALL,EBS_SINGLE,123107,2022-VA-99,2,52.34,0,50,0.3118,0.0992,0,4,EBS,0.3181526619627966,31.815266196279662,3.143145161290323
-21747,EBS,2022,94,202201,192,3,0,2022-07-27,0.522,2.794,19.867,Y,1.5090000000000001,0.0161836593900333,61.32121,-175.008305,T-27,85,87,NA,8.2,-0.6,274,44,15,1,3,ALL,EBS_SINGLE,123107,2022-VA-100,2,49.8,0,42,0.311,0.1177,0,4,EBS,0.3784565916398714,37.845659163987136,2.6423109600679693
-21747,EBS,2022,94,202201,192,3,0,2022-07-27,0.522,2.794,19.867,Y,1.5090000000000001,0.0161836593900333,61.32121,-175.008305,T-27,85,87,NA,8.2,-0.6,274,44,15,1,3,ALL,EBS_SINGLE,123107,2022-VA-101,2,56.48,0,60,0.3225,0.1085,0,4,EBS,0.3364341085271318,33.64341085271318,2.9723502304147464
-21768,EBS,2022,162,202201,192,3,0,2022-07-27,0.51,2.859,18.181,Y,1.996,0.0151547912337046,61.33116,-176.30919,T-29,104,106,NA,8.6,0.9,320,44,15,1,3,ALL,EBS_SINGLE,123107,2022-AKK-164,2,46.06,0,32,0.3453,0.1273,0,5,EBS,0.3686649290472053,36.86649290472053,2.7124901806755695
-21768,EBS,2022,162,202201,192,3,0,2022-07-27,0.51,2.859,18.181,Y,1.996,0.0151547912337046,61.33116,-176.30919,T-29,104,106,NA,8.6,0.9,320,44,15,1,3,ALL,EBS_SINGLE,123107,2022-AKK-167,2,57.73,0,66,0.3213,0.118,0,5,EBS,0.36725801431683786,36.725801431683784,2.7228813559322034
-21768,EBS,2022,162,202201,192,3,0,2022-07-27,0.51,2.859,18.181,Y,1.996,0.0151547912337046,61.33116,-176.30919,T-29,104,106,NA,8.6,0.9,320,44,15,1,3,ALL,EBS_SINGLE,123107,2022-AKK-168,2,52.02,0,47,0.3984,0.1445,0,5,EBS,0.3627008032128514,36.27008032128514,2.7570934256055364
-21768,EBS,2022,162,202201,192,3,0,2022-07-27,0.51,2.859,18.181,Y,1.996,0.0151547912337046,61.33116,-176.30919,T-29,104,106,NA,8.6,0.9,320,44,15,1,3,ALL,EBS_SINGLE,123107,2022-AKK-169,2,59.76,0,72,0.3105,0.0777,0,5,EBS,0.25024154589371983,25.02415458937198,3.996138996138996
-21768,EBS,2022,162,202201,192,3,0,2022-07-27,0.51,2.859,18.181,Y,1.996,0.0151547912337046,61.33116,-176.30919,T-29,104,106,NA,8.6,0.9,320,44,15,1,3,ALL,EBS_SINGLE,123107,2022-AKK-181,1,113.18,22.52,591,0.3456,0.1107,0,5,EBS,0.3203125,32.03125,3.1219512195121952
-21768,EBS,2022,162,202201,192,3,0,2022-07-27,0.51,2.859,18.181,Y,1.996,0.0151547912337046,61.33116,-176.30919,T-29,104,106,NA,8.6,0.9,320,44,15,1,3,ALL,EBS_SINGLE,123107,2022-AKK-191,2,47.61,0,25,0.3261,0.1172,0,5,EBS,0.35939895737503835,35.93989573750383,2.782423208191126
-21768,EBS,2022,162,202201,192,3,0,2022-07-27,0.51,2.859,18.181,Y,1.996,0.0151547912337046,61.33116,-176.30919,T-29,104,106,NA,8.6,0.9,320,44,15,1,3,ALL,EBS_SINGLE,123107,2022-AKK-197,2,51.71,0,45,0.3609,0.1175,0,5,EBS,0.32557495151011356,32.55749515101136,3.071489361702128
-21776,EBS,2022,94,202201,194,3,0,2022-07-28,0.518,2.8320000000000003,17.233,Y,2.488,0.014228927709717601,61.66746,-174.474245,U-26,74,76,NA,8.6,-1.4000000000000001,274,44,15,1,3,ALL,EBS_SINGLE,123107,2022-VA-102,2,51.46,0,48,0.3188,0.1062,0,4,EBS,0.33312421580928486,33.312421580928486,3.0018832391713746
-21776,EBS,2022,94,202201,194,3,0,2022-07-28,0.518,2.8320000000000003,17.233,Y,2.488,0.014228927709717601,61.66746,-174.474245,U-26,74,76,NA,8.6,-1.4000000000000001,274,44,15,1,3,ALL,EBS_SINGLE,123107,2022-VA-103,2,47.62,0,42,0.3015,0.1094,0,4,EBS,0.3628524046434494,36.285240464344945,2.7559414990859232
-21769,EBS,2022,162,202201,193,3,0,2022-07-27,0.508,2.8280000000000003,19.732,Y,1.752,0.0162692880258216,61.664925,-176.472655,U-29,103,105,NA,8.2,0,320,44,15,1,3,ALL,EBS_SINGLE,123107,2022-AKK-166,1,74.52,13.26,159,0.3124,0.1105,0,5,EBS,0.35371318822023046,35.37131882202304,2.8271493212669685
-21769,EBS,2022,162,202201,193,3,0,2022-07-27,0.508,2.8280000000000003,19.732,Y,1.752,0.0162692880258216,61.664925,-176.472655,U-29,103,105,NA,8.2,0,320,44,15,1,3,ALL,EBS_SINGLE,123107,2022-AKK-173,1,72.52,13.68,145,0.3229,0.1094,0,5,EBS,0.33880458346237224,33.880458346237226,2.951553930530165
-21769,EBS,2022,162,202201,193,3,0,2022-07-27,0.508,2.8280000000000003,19.732,Y,1.752,0.0162692880258216,61.664925,-176.472655,U-29,103,105,NA,8.2,0,320,44,15,1,3,ALL,EBS_SINGLE,123107,2022-AKK-180,2,56.2,0,60,0.2967,0.0998,0,5,EBS,0.33636670037074484,33.63667003707448,2.972945891783567
-22464,EBS,2023,134,202301,86,3,0,2023-06-20,0.518,2.8930000000000002,18.139,Y,1.9520000000000002,0.0152995906218755,56.345735,-167.05705,E-02,111,111,NA,7.2,4.5,366,44,15,1,3,ALL,EBS_SINGLE,123107,2023-393,1,82.08,18.16,246,0.3167,0.1309,1,1,EBS,0.413324913167035,41.3324913167035,2.419404125286478
-22520,EBS,2023,134,202301,100,3,0,2023-06-23,0.516,2.833,17.744,N,1.923,0.0146560230459192,56.81727,-168.60692,GF1918,96,98,NA,7.8,3.9,320,44,15,2,3,ALL,PRIB_MTCA,10025,2023-369,1,72.77,16.68,174,0.3084,0.0932,1,2,EBS,0.30220492866407267,30.220492866407266,3.3090128755364807
-22520,EBS,2023,134,202301,100,3,0,2023-06-23,0.516,2.833,17.744,N,1.923,0.0146560230459192,56.81727,-168.60692,GF1918,96,98,NA,7.8,3.9,320,44,15,2,3,ALL,PRIB_MTCA,10025,2023-384,1,90.85,20.21,342,0.3098,0.0985,1,2,EBS,0.31794706262104583,31.794706262104583,3.1451776649746193
-22520,EBS,2023,134,202301,100,3,0,2023-06-23,0.516,2.833,17.744,N,1.923,0.0146560230459192,56.81727,-168.60692,GF1918,96,98,NA,7.8,3.9,320,44,15,2,3,ALL,PRIB_MTCA,10025,2023-391,1,71.41,15.38,154,0.3205,0.0945,1,2,EBS,0.2948517940717629,29.485179407176286,3.3915343915343916
-22520,EBS,2023,134,202301,100,3,0,2023-06-23,0.516,2.833,17.744,N,1.923,0.0146560230459192,56.81727,-168.60692,GF1918,96,98,NA,7.8,3.9,320,44,15,2,3,ALL,PRIB_MTCA,10025,2023-396,1,78.78,17.56,184,0.3417,0.1215,1,2,EBS,0.3555750658472344,35.55750658472344,2.812345679012346
-22491,EBS,2023,162,202301,110,3,0,2023-06-21,0.533,2.9530000000000003,16.371000000000002,Y,1.945,0.0140947277435861,57.33481,-168.36853,H-18,71,73,NA,7.4,3.1,274,44,15,2,3,ALL,PRIB_MTCA,10025,2023-1,2,65.68,0,NA,0.3503,0.1214,0,2,EBS,0.34656009135027116,34.65600913502712,2.885502471169687
-22491,EBS,2023,162,202301,110,3,0,2023-06-21,0.533,2.9530000000000003,16.371000000000002,Y,1.945,0.0140947277435861,57.33481,-168.36853,H-18,71,73,NA,7.4,3.1,274,44,15,2,3,ALL,PRIB_MTCA,10025,2023-2,2,60.4,0,NA,0.3024,0.0942,0,2,EBS,0.3115079365079365,31.150793650793652,3.2101910828025475
-22491,EBS,2023,162,202301,110,3,0,2023-06-21,0.533,2.9530000000000003,16.371000000000002,Y,1.945,0.0140947277435861,57.33481,-168.36853,H-18,71,73,NA,7.4,3.1,274,44,15,2,3,ALL,PRIB_MTCA,10025,2023-3,2,68.85,0,95,0.3122,0.1129,0,2,EBS,0.3616271620755926,36.16271620755926,2.7652790079716563
-22491,EBS,2023,162,202301,110,3,0,2023-06-21,0.533,2.9530000000000003,16.371000000000002,Y,1.945,0.0140947277435861,57.33481,-168.36853,H-18,71,73,NA,7.4,3.1,274,44,15,2,3,ALL,PRIB_MTCA,10025,2023-4,2,64.26,0,85,0.3096,0.1038,0,2,EBS,0.3352713178294574,33.52713178294574,2.982658959537572
-22491,EBS,2023,162,202301,110,3,0,2023-06-21,0.533,2.9530000000000003,16.371000000000002,Y,1.945,0.0140947277435861,57.33481,-168.36853,H-18,71,73,NA,7.4,3.1,274,44,15,2,3,ALL,PRIB_MTCA,10025,2023-5,2,71.15,0,115,0.3158,0.1111,0,2,EBS,0.3518049398353388,35.18049398353388,2.8424842484248427
-22608,EBS,2023,162,202301,138,3,0,2023-06-29,0.53,2.899,17.267,N,1.832,0.0145942956622106,57.3367,-169.59332,H-20,62,64,NA,6.5,1.7,229,44,15,2,3,ALL,PRIB_MTCA,10025,2023-41,2,64.45,0,90,0.3233,0.1068,0,2,EBS,0.3303433343643675,33.034333436436754,3.0271535580524342
-22608,EBS,2023,162,202301,138,3,0,2023-06-29,0.53,2.899,17.267,N,1.832,0.0145942956622106,57.3367,-169.59332,H-20,62,64,NA,6.5,1.7,229,44,15,2,3,ALL,PRIB_MTCA,10025,2023-42,2,55.35,0,58,0.315,0.1225,0,2,EBS,0.3888888888888889,38.88888888888889,2.5714285714285716
-22608,EBS,2023,162,202301,138,3,0,2023-06-29,0.53,2.899,17.267,N,1.832,0.0145942956622106,57.3367,-169.59332,H-20,62,64,NA,6.5,1.7,229,44,15,2,3,ALL,PRIB_MTCA,10025,2023-43,2,52.13,0,50,0.2501,0.0944,0,2,EBS,0.37744902039184325,37.744902039184325,2.649364406779661
-22608,EBS,2023,162,202301,138,3,0,2023-06-29,0.53,2.899,17.267,N,1.832,0.0145942956622106,57.3367,-169.59332,H-20,62,64,NA,6.5,1.7,229,44,15,2,3,ALL,PRIB_MTCA,10025,2023-44,2,51.84,0,48,0.3298,0.1353,0,2,EBS,0.41024863553668894,41.024863553668894,2.4375461936437546
-22608,EBS,2023,162,202301,138,3,0,2023-06-29,0.53,2.899,17.267,N,1.832,0.0145942956622106,57.3367,-169.59332,H-20,62,64,NA,6.5,1.7,229,44,15,2,3,ALL,PRIB_MTCA,10025,2023-45,2,51.43,0,46,0.287,0.1177,0,2,EBS,0.4101045296167248,41.01045296167248,2.4384027187765502
-22496,EBS,2023,162,202301,111,3,0,2023-06-22,0.516,2.833,16.979,Y,1.725,0.014024155505898401,57.670815,-168.39596999999998,I-18,69,71,NA,6.7,2.7,229,44,15,1,3,ALL,PRIB_MTCA,10025,2023-12,2,49.26,0,40,0.3025,0.0994,0,2,EBS,0.32859504132231404,32.85950413223141,3.043259557344064
-22496,EBS,2023,162,202301,111,3,0,2023-06-22,0.516,2.833,16.979,Y,1.725,0.014024155505898401,57.670815,-168.39596999999998,I-18,69,71,NA,6.7,2.7,229,44,15,1,3,ALL,PRIB_MTCA,10025,2023-13,2,56.7,0,60,0.3034,0.0996,0,2,EBS,0.3282794990112063,32.827949901120625,3.0461847389558234
-22496,EBS,2023,162,202301,111,3,0,2023-06-22,0.516,2.833,16.979,Y,1.725,0.014024155505898401,57.670815,-168.39596999999998,I-18,69,71,NA,6.7,2.7,229,44,15,1,3,ALL,PRIB_MTCA,10025,2023-14,2,56.16,0,60,0.3084,0.1087,0,2,EBS,0.3524643320363165,35.246433203631646,2.8371665133394663
-22496,EBS,2023,162,202301,111,3,0,2023-06-22,0.516,2.833,16.979,Y,1.725,0.014024155505898401,57.670815,-168.39596999999998,I-18,69,71,NA,6.7,2.7,229,44,15,1,3,ALL,PRIB_MTCA,10025,2023-15,2,56.08,0,60,0.316,0.0995,0,2,EBS,0.314873417721519,31.4873417721519,3.1758793969849246
-22496,EBS,2023,162,202301,111,3,0,2023-06-22,0.516,2.833,16.979,Y,1.725,0.014024155505898401,57.670815,-168.39596999999998,I-18,69,71,NA,6.7,2.7,229,44,15,1,3,ALL,PRIB_MTCA,10025,2023-16,2,63.35,0,70,0.2665,0.0518,0,2,EBS,0.19437148217636022,19.43714821763602,5.1447876447876455
-22606,EBS,2023,162,202301,136,3,0,2023-06-29,0.516,2.833,17.255000000000003,N,1.853,0.0142521234026903,57.65951,-169.65312,I-20,69,71,NA,7,1.8,229,44,15,2,3,ALL,PRIB_MTCA,10025,2023-28,2,67.99,0,110,0.3041,0.0994,0,2,EBS,0.32686616244656364,32.68661624465636,3.0593561368209254
-22606,EBS,2023,162,202301,136,3,0,2023-06-29,0.516,2.833,17.255000000000003,N,1.853,0.0142521234026903,57.65951,-169.65312,I-20,69,71,NA,7,1.8,229,44,15,2,3,ALL,PRIB_MTCA,10025,2023-29,2,46.43,0,35,0.3032,0.1113,0,2,EBS,0.36708443271767804,36.708443271767806,2.7241689128481585
-22606,EBS,2023,162,202301,136,3,0,2023-06-29,0.516,2.833,17.255000000000003,N,1.853,0.0142521234026903,57.65951,-169.65312,I-20,69,71,NA,7,1.8,229,44,15,2,3,ALL,PRIB_MTCA,10025,2023-30,2,52.92,0,55,0.3094,0.1026,0,2,EBS,0.33160956690368454,33.16095669036845,3.0155945419103314
-22606,EBS,2023,162,202301,136,3,0,2023-06-29,0.516,2.833,17.255000000000003,N,1.853,0.0142521234026903,57.65951,-169.65312,I-20,69,71,NA,7,1.8,229,44,15,2,3,ALL,PRIB_MTCA,10025,2023-31,2,49.16,0,40,0.3114,0.1016,0,2,EBS,0.3262684649967887,32.62684649967887,3.06496062992126
-22606,EBS,2023,162,202301,136,3,0,2023-06-29,0.516,2.833,17.255000000000003,N,1.853,0.0142521234026903,57.65951,-169.65312,I-20,69,71,NA,7,1.8,229,44,15,2,3,ALL,PRIB_MTCA,10025,2023-32,2,49.46,0,45,0.2149,0.0785,0,2,EBS,0.3652861796184272,36.52861796184272,2.737579617834395
-22606,EBS,2023,162,202301,136,3,0,2023-06-29,0.516,2.833,17.255000000000003,N,1.853,0.0142521234026903,57.65951,-169.65312,I-20,69,71,NA,7,1.8,229,44,15,2,3,ALL,PRIB_MTCA,10025,2023-38,2,47.89,0,38,0.3214,0.1082,0,2,EBS,0.33665214685749845,33.665214685749845,2.9704251386321627
-22606,EBS,2023,162,202301,136,3,0,2023-06-29,0.516,2.833,17.255000000000003,N,1.853,0.0142521234026903,57.65951,-169.65312,I-20,69,71,NA,7,1.8,229,44,15,2,3,ALL,PRIB_MTCA,10025,2023-39,2,45.06,0,NA,0.2326,0.0779,0,2,EBS,0.3349097162510748,33.49097162510748,2.9858793324775355
-22606,EBS,2023,162,202301,136,3,0,2023-06-29,0.516,2.833,17.255000000000003,N,1.853,0.0142521234026903,57.65951,-169.65312,I-20,69,71,NA,7,1.8,229,44,15,2,3,ALL,PRIB_MTCA,10025,2023-40,2,45.6,0,32,0.103,0.0319,0,2,EBS,0.30970873786407765,30.970873786407765,3.2288401253918497
-22607,EBS,2023,162,202301,137,3,0,2023-06-29,0.535,2.938,16.686,Y,1.84,0.014292956324017801,57.49803,-169.376485,IH2019,68,70,NA,6.5,2.3000000000000003,229,44,15,1,3,ALL,PRIB_MTCA,10025,2023-33,2,66.45,0,92,0.3051,0.1116,0,2,EBS,0.36578171091445433,36.578171091445434,2.733870967741935
-22607,EBS,2023,162,202301,137,3,0,2023-06-29,0.535,2.938,16.686,Y,1.84,0.014292956324017801,57.49803,-169.376485,IH2019,68,70,NA,6.5,2.3000000000000003,229,44,15,1,3,ALL,PRIB_MTCA,10025,2023-34,2,68.9,0,106,0.3525,0.1269,0,2,EBS,0.36000000000000004,36.00000000000001,2.7777777777777772
-22607,EBS,2023,162,202301,137,3,0,2023-06-29,0.535,2.938,16.686,Y,1.84,0.014292956324017801,57.49803,-169.376485,IH2019,68,70,NA,6.5,2.3000000000000003,229,44,15,1,3,ALL,PRIB_MTCA,10025,2023-35,2,68.48,0,NA,0.311,0.1019,0,2,EBS,0.3276527331189711,32.76527331189711,3.0520117762512267
-22607,EBS,2023,162,202301,137,3,0,2023-06-29,0.535,2.938,16.686,Y,1.84,0.014292956324017801,57.49803,-169.376485,IH2019,68,70,NA,6.5,2.3000000000000003,229,44,15,1,3,ALL,PRIB_MTCA,10025,2023-36,2,70.46,0,NA,0.333,0.1111,0,2,EBS,0.33363363363363363,33.36336336336336,2.9972997299729975
-22607,EBS,2023,162,202301,137,3,0,2023-06-29,0.535,2.938,16.686,Y,1.84,0.014292956324017801,57.49803,-169.376485,IH2019,68,70,NA,6.5,2.3000000000000003,229,44,15,1,3,ALL,PRIB_MTCA,10025,2023-37,2,70.29,0,NA,0.3125,0.1126,0,2,EBS,0.36032000000000003,36.032000000000004,2.775310834813499
-22631,EBS,2023,134,202301,129,3,0,2023-07-01,0.515,2.944,16.711000000000002,Y,2.3640000000000003,0.0143436038057664,57.507715,-169.962345,IH2120,66,68,NA,6.7,2.3000000000000003,229,44,15,2,3,ALL,PRIB_MTCA,10025,2023-321,2,52.96,0,50,0.3113,0.1109,0,2,EBS,0.3562479922903951,35.62479922903951,2.807033363390442
-22631,EBS,2023,134,202301,129,3,0,2023-07-01,0.515,2.944,16.711000000000002,Y,2.3640000000000003,0.0143436038057664,57.507715,-169.962345,IH2120,66,68,NA,6.7,2.3000000000000003,229,44,15,2,3,ALL,PRIB_MTCA,10025,2023-324,2,50.91,0,40,0.3007,0.1219,0,2,EBS,0.40538742933155963,40.538742933155966,2.466776045939295
-22631,EBS,2023,134,202301,129,3,0,2023-07-01,0.515,2.944,16.711000000000002,Y,2.3640000000000003,0.0143436038057664,57.507715,-169.962345,IH2120,66,68,NA,6.7,2.3000000000000003,229,44,15,2,3,ALL,PRIB_MTCA,10025,2023-332,2,45.75,0,34,0.3207,0.1128,0,2,EBS,0.3517305893358279,35.17305893358279,2.8430851063829787
-22631,EBS,2023,134,202301,129,3,0,2023-07-01,0.515,2.944,16.711000000000002,Y,2.3640000000000003,0.0143436038057664,57.507715,-169.962345,IH2120,66,68,NA,6.7,2.3000000000000003,229,44,15,2,3,ALL,PRIB_MTCA,10025,2023-341,2,49.55,0,42,0.306,0.1211,0,2,EBS,0.3957516339869281,39.57516339869281,2.526837324525186
-22631,EBS,2023,134,202301,129,3,0,2023-07-01,0.515,2.944,16.711000000000002,Y,2.3640000000000003,0.0143436038057664,57.507715,-169.962345,IH2120,66,68,NA,6.7,2.3000000000000003,229,44,15,2,3,ALL,PRIB_MTCA,10025,2023-342,2,48.88,0,34,0.308,0.1157,0,2,EBS,0.3756493506493506,37.564935064935064,2.662057044079516
-22631,EBS,2023,134,202301,129,3,0,2023-07-01,0.515,2.944,16.711000000000002,Y,2.3640000000000003,0.0143436038057664,57.507715,-169.962345,IH2120,66,68,NA,6.7,2.3000000000000003,229,44,15,2,3,ALL,PRIB_MTCA,10025,2023-346,2,53.64,0,46,0.2969,0.117,0,2,EBS,0.39407207814078815,39.40720781407882,2.5376068376068375
-22631,EBS,2023,134,202301,129,3,0,2023-07-01,0.515,2.944,16.711000000000002,Y,2.3640000000000003,0.0143436038057664,57.507715,-169.962345,IH2120,66,68,NA,6.7,2.3000000000000003,229,44,15,2,3,ALL,PRIB_MTCA,10025,2023-366,1,52.3,7.37,68,0.3147,0.0979,0,2,EBS,0.3110899269145218,31.10899269145218,3.214504596527068
-22631,EBS,2023,134,202301,129,3,0,2023-07-01,0.515,2.944,16.711000000000002,Y,2.3640000000000003,0.0143436038057664,57.507715,-169.962345,IH2120,66,68,NA,6.7,2.3000000000000003,229,44,15,2,3,ALL,PRIB_MTCA,10025,2023-375,2,47.15,0,35,0.3087,0.1111,0,2,EBS,0.3598963394881763,35.98963394881763,2.7785778577857783
-22631,EBS,2023,134,202301,129,3,0,2023-07-01,0.515,2.944,16.711000000000002,Y,2.3640000000000003,0.0143436038057664,57.507715,-169.962345,IH2120,66,68,NA,6.7,2.3000000000000003,229,44,15,2,3,ALL,PRIB_MTCA,10025,2023-377,2,47.99,0,36,0.2951,0.1133,0,2,EBS,0.3839376482548289,38.39376482548289,2.6045895851721093
-22498,EBS,2023,162,202301,113,3,0,2023-06-22,0.513,2.7880000000000003,16.712,Y,1.764,0.0135843615635376,58.004324999999994,-168.42941,J-18,67,69,NA,6.3,2,229,44,15,2,3,ALL,PRIB_MTCA,10025,2023-17,1,70.56,12.83,115,0.3164,0.0917,0,2,EBS,0.28982300884955753,28.98230088495575,3.450381679389313
-22498,EBS,2023,162,202301,113,3,0,2023-06-22,0.513,2.7880000000000003,16.712,Y,1.764,0.0135843615635376,58.004324999999994,-168.42941,J-18,67,69,NA,6.3,2,229,44,15,2,3,ALL,PRIB_MTCA,10025,2023-18,2,58.87,0,70,0.3093,0.1008,0,2,EBS,0.3258971871968962,32.58971871968962,3.068452380952381
-22498,EBS,2023,162,202301,113,3,0,2023-06-22,0.513,2.7880000000000003,16.712,Y,1.764,0.0135843615635376,58.004324999999994,-168.42941,J-18,67,69,NA,6.3,2,229,44,15,2,3,ALL,PRIB_MTCA,10025,2023-19,2,46.31,0,35,0.2928,0.0963,0,2,EBS,0.3288934426229508,32.889344262295076,3.0404984423676016
-22498,EBS,2023,162,202301,113,3,0,2023-06-22,0.513,2.7880000000000003,16.712,Y,1.764,0.0135843615635376,58.004324999999994,-168.42941,J-18,67,69,NA,6.3,2,229,44,15,2,3,ALL,PRIB_MTCA,10025,2023-20,2,57.68,0,60,0.3383,0.1069,0,2,EBS,0.3159917233224948,31.59917233224948,3.1646398503274087
-22498,EBS,2023,162,202301,113,3,0,2023-06-22,0.513,2.7880000000000003,16.712,Y,1.764,0.0135843615635376,58.004324999999994,-168.42941,J-18,67,69,NA,6.3,2,229,44,15,2,3,ALL,PRIB_MTCA,10025,2023-21,2,56.05,0,55,0.306,0.0904,0,2,EBS,0.2954248366013072,29.54248366013072,3.3849557522123894
-22498,EBS,2023,162,202301,113,3,0,2023-06-22,0.513,2.7880000000000003,16.712,Y,1.764,0.0135843615635376,58.004324999999994,-168.42941,J-18,67,69,NA,6.3,2,229,44,15,2,3,ALL,PRIB_MTCA,10025,2023-22,2,48.52,0,40,0.2488,0.0945,0,2,EBS,0.37982315112540194,37.98231511254019,2.632804232804233
-22585,EBS,2023,162,202301,134,3,0,2023-06-28,0.507,2.7960000000000003,17.368000000000002,N,1.669,0.0141581012375088,57.998895,-169.7099,J-20,68,70,NA,6.5,1.2,229,44,15,2,3,ALL,PRIB_MTCA,10025,2023-23,2,47.06,0,25,0.2515,0.0818,0,2,EBS,0.32524850894632207,32.52485089463221,3.0745721271393642
-22585,EBS,2023,162,202301,134,3,0,2023-06-28,0.507,2.7960000000000003,17.368000000000002,N,1.669,0.0141581012375088,57.998895,-169.7099,J-20,68,70,NA,6.5,1.2,229,44,15,2,3,ALL,PRIB_MTCA,10025,2023-24,2,48.72,0,40,0.3325,0.1226,0,2,EBS,0.3687218045112782,36.87218045112782,2.712071778140294
-22585,EBS,2023,162,202301,134,3,0,2023-06-28,0.507,2.7960000000000003,17.368000000000002,N,1.669,0.0141581012375088,57.998895,-169.7099,J-20,68,70,NA,6.5,1.2,229,44,15,2,3,ALL,PRIB_MTCA,10025,2023-25,2,48.29,0,35,0.2804,0.0944,0,2,EBS,0.33666191155492153,33.66619115549215,2.9703389830508473
-22585,EBS,2023,162,202301,134,3,0,2023-06-28,0.507,2.7960000000000003,17.368000000000002,N,1.669,0.0141581012375088,57.998895,-169.7099,J-20,68,70,NA,6.5,1.2,229,44,15,2,3,ALL,PRIB_MTCA,10025,2023-26,2,49.18,0,NA,0.2999,0.1034,0,2,EBS,0.34478159386462154,34.47815938646215,2.9003868471953576
-22585,EBS,2023,162,202301,134,3,0,2023-06-28,0.507,2.7960000000000003,17.368000000000002,N,1.669,0.0141581012375088,57.998895,-169.7099,J-20,68,70,NA,6.5,1.2,229,44,15,2,3,ALL,PRIB_MTCA,10025,2023-27,2,51.09,0,NA,0.3009,0.094,0,2,EBS,0.31239614489863743,31.239614489863744,3.201063829787234
-22621,EBS,2023,134,202301,124,3,0,2023-06-30,0.508,2.887,17.772000000000002,Y,1.945,0.0149589504752094,57.988989999999994,-170.96913999999998,J-22,84,86,NA,7.1000000000000005,2.3000000000000003,274,44,15,2,3,ALL,PRIB_MTCA,10025,2023-336,2,50.47,0,46,0.3116,0.1219,0,2,EBS,0.39120667522464697,39.1206675224647,2.5561936013125512
-22621,EBS,2023,134,202301,124,3,0,2023-06-30,0.508,2.887,17.772000000000002,Y,1.945,0.0149589504752094,57.988989999999994,-170.96913999999998,J-22,84,86,NA,7.1000000000000005,2.3000000000000003,274,44,15,2,3,ALL,PRIB_MTCA,10025,2023-337,2,68,0,98,0.3043,0.1109,0,2,EBS,0.3644429838974696,36.44429838974696,2.7439134355275026
-22621,EBS,2023,134,202301,124,3,0,2023-06-30,0.508,2.887,17.772000000000002,Y,1.945,0.0149589504752094,57.988989999999994,-170.96913999999998,J-22,84,86,NA,7.1000000000000005,2.3000000000000003,274,44,15,2,3,ALL,PRIB_MTCA,10025,2023-351,2,52.08,0,46,0.3231,0.116,0,2,EBS,0.35902197462086044,35.90219746208604,2.785344827586207
-22621,EBS,2023,134,202301,124,3,0,2023-06-30,0.508,2.887,17.772000000000002,Y,1.945,0.0149589504752094,57.988989999999994,-170.96913999999998,J-22,84,86,NA,7.1000000000000005,2.3000000000000003,274,44,15,2,3,ALL,PRIB_MTCA,10025,2023-362,2,59.32,0,70,0.302,0.112,0,2,EBS,0.3708609271523179,37.086092715231786,2.696428571428571
-22621,EBS,2023,134,202301,124,3,0,2023-06-30,0.508,2.887,17.772000000000002,Y,1.945,0.0149589504752094,57.988989999999994,-170.96913999999998,J-22,84,86,NA,7.1000000000000005,2.3000000000000003,274,44,15,2,3,ALL,PRIB_MTCA,10025,2023-398,2,50.38,0,42,0.3052,0.1185,0,2,EBS,0.38826998689384007,38.826998689384006,2.575527426160338
-22745,EBS,2023,162,202301,163,3,0,2023-07-10,0.511,2.8560000000000003,17.674,Y,2.088,0.014716722120962401,57.999055,-172.857835,J-25,107,109,NA,8.9,3,366,44,15,1,3,ALL,EBS_SINGLE,123107,2023-56,1,93.77,17.05,NA,0.3668,0.1701,0,6,EBS,0.46374045801526714,46.37404580152671,2.1563786008230452
-22744,EBS,2023,162,202301,162,3,0,2023-07-10,0.528,2.8960000000000004,17.439,Y,2.121,0.014724419129402401,58.001515,-173.454465,J-26,115,117,NA,8.6,3.3000000000000003,366,44,15,2,3,ALL,EBS_SINGLE,123107,2023-46,1,101.26,19.19,NA,0.3207,0.1622,0,6,EBS,0.5057686311194263,50.57686311194263,1.977188655980271
-22497,EBS,2023,162,202301,112,3,0,2023-06-22,0.53,2.887,17.283,Y,1.6820000000000002,0.014547352074220301,57.832345,-168.73590000000002,JI1918,69,71,NA,6.4,2,229,44,15,2,3,ALL,PRIB_MTCA,10025,2023-7,2,48.42,0,35,0.3166,0.0899,0,2,EBS,0.28395451674036637,28.395451674036636,3.521690767519466
-22497,EBS,2023,162,202301,112,3,0,2023-06-22,0.53,2.887,17.283,Y,1.6820000000000002,0.014547352074220301,57.832345,-168.73590000000002,JI1918,69,71,NA,6.4,2,229,44,15,2,3,ALL,PRIB_MTCA,10025,2023-8,2,50.01,0,40,0.347,0.1022,0,2,EBS,0.29452449567723343,29.452449567723342,3.395303326810176
-22497,EBS,2023,162,202301,112,3,0,2023-06-22,0.53,2.887,17.283,Y,1.6820000000000002,0.014547352074220301,57.832345,-168.73590000000002,JI1918,69,71,NA,6.4,2,229,44,15,2,3,ALL,PRIB_MTCA,10025,2023-9,2,46.87,0,35,0.2152,0.0699,0,2,EBS,0.32481412639405205,32.48141263940521,3.0786838340486407
-22497,EBS,2023,162,202301,112,3,0,2023-06-22,0.53,2.887,17.283,Y,1.6820000000000002,0.014547352074220301,57.832345,-168.73590000000002,JI1918,69,71,NA,6.4,2,229,44,15,2,3,ALL,PRIB_MTCA,10025,2023-10,2,45.12,0,30,0.3356,0.0904,0,2,EBS,0.26936829558998804,26.936829558998802,3.712389380530974
-22497,EBS,2023,162,202301,112,3,0,2023-06-22,0.53,2.887,17.283,Y,1.6820000000000002,0.014547352074220301,57.832345,-168.73590000000002,JI1918,69,71,NA,6.4,2,229,44,15,2,3,ALL,PRIB_MTCA,10025,2023-11,2,44.95,0,30,0.144,0.0325,0,2,EBS,0.22569444444444448,22.569444444444446,4.43076923076923
-22605,EBS,2023,134,202301,122,3,0,2023-06-29,0.525,3.0170000000000003,17.519000000000002,N,1.93,0.0154100007093071,58.329494999999994,-170.38641,K-21,72,74,NA,5.9,-0.2,274,44,15,1,3,ALL,EBS_SINGLE,123107,2023-325,2,49.93,0,40,0.3009,0.098,0,3,EBS,0.3256895978730475,32.56895978730475,3.070408163265306
-22605,EBS,2023,134,202301,122,3,0,2023-06-29,0.525,3.0170000000000003,17.519000000000002,N,1.93,0.0154100007093071,58.329494999999994,-170.38641,K-21,72,74,NA,5.9,-0.2,274,44,15,1,3,ALL,EBS_SINGLE,123107,2023-331,2,49.54,0,40,0.3128,0.1108,0,3,EBS,0.3542199488491048,35.42199488491048,2.8231046931407944
-22605,EBS,2023,134,202301,122,3,0,2023-06-29,0.525,3.0170000000000003,17.519000000000002,N,1.93,0.0154100007093071,58.329494999999994,-170.38641,K-21,72,74,NA,5.9,-0.2,274,44,15,1,3,ALL,EBS_SINGLE,123107,2023-334,2,56.63,0,60,0.3128,0.0996,0,3,EBS,0.31841432225063937,31.841432225063937,3.1405622489959844
-22605,EBS,2023,134,202301,122,3,0,2023-06-29,0.525,3.0170000000000003,17.519000000000002,N,1.93,0.0154100007093071,58.329494999999994,-170.38641,K-21,72,74,NA,5.9,-0.2,274,44,15,1,3,ALL,EBS_SINGLE,123107,2023-335,1,71.76,10.35,116,0.3172,0.1177,0,3,EBS,0.37105926860025223,37.10592686002522,2.6949872557349193
-22605,EBS,2023,134,202301,122,3,0,2023-06-29,0.525,3.0170000000000003,17.519000000000002,N,1.93,0.0154100007093071,58.329494999999994,-170.38641,K-21,72,74,NA,5.9,-0.2,274,44,15,1,3,ALL,EBS_SINGLE,123107,2023-345,2,47.02,0,34,0.3029,0.1181,0,3,EBS,0.3898976559920766,38.98976559920766,2.5647756138865367
-22605,EBS,2023,134,202301,122,3,0,2023-06-29,0.525,3.0170000000000003,17.519000000000002,N,1.93,0.0154100007093071,58.329494999999994,-170.38641,K-21,72,74,NA,5.9,-0.2,274,44,15,1,3,ALL,EBS_SINGLE,123107,2023-348,2,48.11,0,36,0.3019,0.113,0,3,EBS,0.3742961245445512,37.42961245445512,2.6716814159292035
-22605,EBS,2023,134,202301,122,3,0,2023-06-29,0.525,3.0170000000000003,17.519000000000002,N,1.93,0.0154100007093071,58.329494999999994,-170.38641,K-21,72,74,NA,5.9,-0.2,274,44,15,1,3,ALL,EBS_SINGLE,123107,2023-354,1,77.82,11.35,130,0.3043,0.092,0,3,EBS,0.3023332237923102,30.23332237923102,3.307608695652174
-22605,EBS,2023,134,202301,122,3,0,2023-06-29,0.525,3.0170000000000003,17.519000000000002,N,1.93,0.0154100007093071,58.329494999999994,-170.38641,K-21,72,74,NA,5.9,-0.2,274,44,15,1,3,ALL,EBS_SINGLE,123107,2023-372,1,77.38,13.21,160,0.3021,0.1,0,3,EBS,0.33101621979477,33.101621979476995,3.0209999999999995
-22605,EBS,2023,134,202301,122,3,0,2023-06-29,0.525,3.0170000000000003,17.519000000000002,N,1.93,0.0154100007093071,58.329494999999994,-170.38641,K-21,72,74,NA,5.9,-0.2,274,44,15,1,3,ALL,EBS_SINGLE,123107,2023-380,1,90.05,14.22,228,0.3061,0.0901,0,3,EBS,0.29434825220516175,29.434825220516174,3.397336293007769
-22605,EBS,2023,134,202301,122,3,0,2023-06-29,0.525,3.0170000000000003,17.519000000000002,N,1.93,0.0154100007093071,58.329494999999994,-170.38641,K-21,72,74,NA,5.9,-0.2,274,44,15,1,3,ALL,EBS_SINGLE,123107,2023-383,1,70.38,12.13,138,0.3066,0.1091,0,3,EBS,0.3558382257012394,35.58382257012394,2.810265811182401
-22604,EBS,2023,134,202301,121,3,0,2023-06-29,0.516,2.853,17.528000000000002,N,1.9120000000000001,0.0145798203299364,58.334374999999994,-170.990815,K-22,81,83,NA,6.5,1.6,274,44,15,2,3,ALL,EBS_SINGLE,123107,2023-343,1,72.97,10.78,140,0.3089,0.1138,0,3,EBS,0.3684040142440919,36.840401424409194,2.7144112478031635
-22604,EBS,2023,134,202301,121,3,0,2023-06-29,0.516,2.853,17.528000000000002,N,1.9120000000000001,0.0145798203299364,58.334374999999994,-170.990815,K-22,81,83,NA,6.5,1.6,274,44,15,2,3,ALL,EBS_SINGLE,123107,2023-381,1,82.42,14.49,198,0.3189,0.1081,0,3,EBS,0.3389777359673879,33.89777359673879,2.95004625346901
-22751,EBS,2023,162,202301,165,3,0,2023-07-11,0.524,2.9170000000000003,17.617,Y,2.145,0.0149825735853932,58.331745,-172.29598,K-24,100,102,NA,9.1,2.8000000000000003,320,44,15,2,3,ALL,EBS_SINGLE,123107,2023-60,1,86.01,13.89,268,0.309,0.1396,0,6,EBS,0.4517799352750809,45.17799352750809,2.213467048710602
-22751,EBS,2023,162,202301,165,3,0,2023-07-11,0.524,2.9170000000000003,17.617,Y,2.145,0.0149825735853932,58.331745,-172.29598,K-24,100,102,NA,9.1,2.8000000000000003,320,44,15,2,3,ALL,EBS_SINGLE,123107,2023-70,1,89.1,15.03,280,0.3172,0.1318,0,6,EBS,0.4155107187894073,41.55107187894073,2.4066767830045523
-22751,EBS,2023,162,202301,165,3,0,2023-07-11,0.524,2.9170000000000003,17.617,Y,2.145,0.0149825735853932,58.331745,-172.29598,K-24,100,102,NA,9.1,2.8000000000000003,320,44,15,2,3,ALL,EBS_SINGLE,123107,2023-72,1,88.6,15.84,252,0.3134,0.1533,0,6,EBS,0.48915124441608165,48.915124441608164,2.0443574690150035
-22751,EBS,2023,162,202301,165,3,0,2023-07-11,0.524,2.9170000000000003,17.617,Y,2.145,0.0149825735853932,58.331745,-172.29598,K-24,100,102,NA,9.1,2.8000000000000003,320,44,15,2,3,ALL,EBS_SINGLE,123107,2023-74,1,92.41,17.68,318,0.3281,0.169,0,6,EBS,0.5150868637610485,51.50868637610485,1.9414201183431952
-22751,EBS,2023,162,202301,165,3,0,2023-07-11,0.524,2.9170000000000003,17.617,Y,2.145,0.0149825735853932,58.331745,-172.29598,K-24,100,102,NA,9.1,2.8000000000000003,320,44,15,2,3,ALL,EBS_SINGLE,123107,2023-79,1,96.82,17.82,354,0.3223,0.1713,0,6,EBS,0.5314923983865965,53.149239838659646,1.8814944541739635
-22751,EBS,2023,162,202301,165,3,0,2023-07-11,0.524,2.9170000000000003,17.617,Y,2.145,0.0149825735853932,58.331745,-172.29598,K-24,100,102,NA,9.1,2.8000000000000003,320,44,15,2,3,ALL,EBS_SINGLE,123107,2023-98,1,91.44,17.23,306,0.313,0.1529,0,6,EBS,0.4884984025559106,48.84984025559106,2.0470896010464354
-22837,EBS,2023,134,202301,169,3,0,2023-07-19,0.531,2.991,18.248,Y,1.8,0.015912914202622797,58.33699,-173.57419,K-26,114,116,NA,9.1,3.5,366,44,15,1,3,ALL,EBS_SINGLE,123107,2023-471,1,83.53,14.13,218,0.3452,0.1295,0,6,EBS,0.37514484356894556,37.514484356894556,2.665637065637066
-22602,EBS,2023,134,202301,119,3,0,2023-06-29,0.531,3.0300000000000002,17.902,Y,2.027,0.015814745857251,58.669174999999996,-170.43077,L-21,71,73,NA,5.4,-0.5,274,44,15,1,3,ALL,EBS_SINGLE,123107,2023-355,2,47.4,0,38,0.3151,0.1146,0,3,EBS,0.3636940653760711,36.369406537607105,2.74956369982548
-22602,EBS,2023,134,202301,119,3,0,2023-06-29,0.531,3.0300000000000002,17.902,Y,2.027,0.015814745857251,58.669174999999996,-170.43077,L-21,71,73,NA,5.4,-0.5,274,44,15,1,3,ALL,EBS_SINGLE,123107,2023-368,2,47.9,0,40,0.3024,0.111,0,3,EBS,0.3670634920634921,36.70634920634921,2.7243243243243245
-22602,EBS,2023,134,202301,119,3,0,2023-06-29,0.531,3.0300000000000002,17.902,Y,2.027,0.015814745857251,58.669174999999996,-170.43077,L-21,71,73,NA,5.4,-0.5,274,44,15,1,3,ALL,EBS_SINGLE,123107,2023-370,2,46.44,0,34,0.3224,0.115,0,3,EBS,0.3566997518610422,35.66997518610422,2.803478260869565
-22602,EBS,2023,134,202301,119,3,0,2023-06-29,0.531,3.0300000000000002,17.902,Y,2.027,0.015814745857251,58.669174999999996,-170.43077,L-21,71,73,NA,5.4,-0.5,274,44,15,1,3,ALL,EBS_SINGLE,123107,2023-387,2,48.52,0,34,0.3411,0.1249,0,3,EBS,0.366168279097039,36.6168279097039,2.7309847878302644
-22602,EBS,2023,134,202301,119,3,0,2023-06-29,0.531,3.0300000000000002,17.902,Y,2.027,0.015814745857251,58.669174999999996,-170.43077,L-21,71,73,NA,5.4,-0.5,274,44,15,1,3,ALL,EBS_SINGLE,123107,2023-394,2,49.64,0,44,0.3163,0.1059,0,3,EBS,0.33480872589313937,33.48087258931394,2.986779981114259
-22603,EBS,2023,134,202301,120,3,0,2023-06-29,0.518,2.908,18.255000000000003,Y,2.011,0.015477267023559,58.66657,-171.08787,L-22,80,82,NA,5.5,0.6,274,44,15,1,3,ALL,EBS_SINGLE,123107,2023-340,1,88.17,14.8,236,0.3122,0.0934,0,3,EBS,0.299167200512492,29.9167200512492,3.342612419700214
-22603,EBS,2023,134,202301,120,3,0,2023-06-29,0.518,2.908,18.255000000000003,Y,2.011,0.015477267023559,58.66657,-171.08787,L-22,80,82,NA,5.5,0.6,274,44,15,1,3,ALL,EBS_SINGLE,123107,2023-358,2,49.89,0,44,0.2965,0.1044,0,3,EBS,0.35210792580101186,35.210792580101185,2.840038314176245
-22603,EBS,2023,134,202301,120,3,0,2023-06-29,0.518,2.908,18.255000000000003,Y,2.011,0.015477267023559,58.66657,-171.08787,L-22,80,82,NA,5.5,0.6,274,44,15,1,3,ALL,EBS_SINGLE,123107,2023-360,2,49.31,0,38,0.3006,0.1094,0,3,EBS,0.3639387890884897,36.39387890884897,2.7477148080438756
-22603,EBS,2023,134,202301,120,3,0,2023-06-29,0.518,2.908,18.255000000000003,Y,2.011,0.015477267023559,58.66657,-171.08787,L-22,80,82,NA,5.5,0.6,274,44,15,1,3,ALL,EBS_SINGLE,123107,2023-364,2,49.08,0,38,0.3272,0.1182,0,3,EBS,0.36124694376528116,36.12469437652812,2.7681895093062603
-22603,EBS,2023,134,202301,120,3,0,2023-06-29,0.518,2.908,18.255000000000003,Y,2.011,0.015477267023559,58.66657,-171.08787,L-22,80,82,NA,5.5,0.6,274,44,15,1,3,ALL,EBS_SINGLE,123107,2023-386,1,95.94,16.32,308,0.3946,0.1306,0,3,EBS,0.3309680689305626,33.09680689305626,3.0214395099540585
-22603,EBS,2023,134,202301,120,3,0,2023-06-29,0.518,2.908,18.255000000000003,Y,2.011,0.015477267023559,58.66657,-171.08787,L-22,80,82,NA,5.5,0.6,274,44,15,1,3,ALL,EBS_SINGLE,123107,2023-399,2,48.19,0,38,0.316,0.1045,0,3,EBS,0.33069620253164556,33.06962025316456,3.023923444976077
-22752,EBS,2023,162,202301,166,3,0,2023-07-11,0.518,2.8850000000000002,17.742,Y,2.025,0.0149233535604945,58.678615,-172.36946999999998,L-24,99,101,NA,8.6,2.3000000000000003,320,44,15,2,3,ALL,EBS_SINGLE,123107,2023-97,2,49.01,0,NA,0.2466,0.0682,0,6,EBS,0.2765612327656123,27.656123276561228,3.6158357771261
-22576,EBS,2023,134,202301,118,3,0,2023-06-28,0.516,2.861,17.197,N,1.9460000000000002,0.014344604708417,59.02424,-170.491675,M-21,69,71,NA,5.5,0.1,229,44,15,1,3,ALL,EBS_SINGLE,123107,2023-339,2,46.77,0,32,0.2989,0.0989,0,3,EBS,0.3308798929407829,33.08798929407829,3.0222446916076846
-22576,EBS,2023,134,202301,118,3,0,2023-06-28,0.516,2.861,17.197,N,1.9460000000000002,0.014344604708417,59.02424,-170.491675,M-21,69,71,NA,5.5,0.1,229,44,15,1,3,ALL,EBS_SINGLE,123107,2023-357,2,52.14,0,46,0.314,0.1174,0,3,EBS,0.37388535031847137,37.388535031847134,2.6746166950596253
-22576,EBS,2023,134,202301,118,3,0,2023-06-28,0.516,2.861,17.197,N,1.9460000000000002,0.014344604708417,59.02424,-170.491675,M-21,69,71,NA,5.5,0.1,229,44,15,1,3,ALL,EBS_SINGLE,123107,2023-371,2,45.41,0,28,0.3174,0.1249,0,3,EBS,0.39350976685570255,39.35097668557025,2.5412329863891117
-22576,EBS,2023,134,202301,118,3,0,2023-06-28,0.516,2.861,17.197,N,1.9460000000000002,0.014344604708417,59.02424,-170.491675,M-21,69,71,NA,5.5,0.1,229,44,15,1,3,ALL,EBS_SINGLE,123107,2023-374,2,52.44,0,46,0.3019,0.1022,0,3,EBS,0.33852268963232857,33.85226896323286,2.9540117416829745
-22763,EBS,2023,134,202301,146,3,0,2023-07-12,0.505,2.823,17.204,N,2.541,0.0141598400616882,58.9881,-171.12291499999998,M-22,75,78,NA,7.8,-0.6,274,44,15,1,3,ALL,EBS_SINGLE,123107,2023-326,2,48,0,38,0.2999,0.0988,0,3,EBS,0.32944314771590527,32.94431477159053,3.035425101214575
-22763,EBS,2023,134,202301,146,3,0,2023-07-12,0.505,2.823,17.204,N,2.541,0.0141598400616882,58.9881,-171.12291499999998,M-22,75,78,NA,7.8,-0.6,274,44,15,1,3,ALL,EBS_SINGLE,123107,2023-338,2,45.37,0,30,0.324,0.112,0,3,EBS,0.345679012345679,34.5679012345679,2.892857142857143
-22763,EBS,2023,134,202301,146,3,0,2023-07-12,0.505,2.823,17.204,N,2.541,0.0141598400616882,58.9881,-171.12291499999998,M-22,75,78,NA,7.8,-0.6,274,44,15,1,3,ALL,EBS_SINGLE,123107,2023-352,2,46.11,0,30,0.2977,0.1073,0,3,EBS,0.3604299630500504,36.04299630500504,2.7744641192917054
-22763,EBS,2023,134,202301,146,3,0,2023-07-12,0.505,2.823,17.204,N,2.541,0.0141598400616882,58.9881,-171.12291499999998,M-22,75,78,NA,7.8,-0.6,274,44,15,1,3,ALL,EBS_SINGLE,123107,2023-359,1,71,15.18,NA,0.3147,0.1089,1,3,EBS,0.34604385128693993,34.60438512869399,2.889807162534435
-22763,EBS,2023,134,202301,146,3,0,2023-07-12,0.505,2.823,17.204,N,2.541,0.0141598400616882,58.9881,-171.12291499999998,M-22,75,78,NA,7.8,-0.6,274,44,15,1,3,ALL,EBS_SINGLE,123107,2023-379,1,72.5,12.92,136,0.321,0.1171,0,3,EBS,0.36479750778816195,36.4797507788162,2.7412467976088815
-22763,EBS,2023,134,202301,146,3,0,2023-07-12,0.505,2.823,17.204,N,2.541,0.0141598400616882,58.9881,-171.12291499999998,M-22,75,78,NA,7.8,-0.6,274,44,15,1,3,ALL,EBS_SINGLE,123107,2023-388,2,46.27,0,32,0.3109,0.1061,0,3,EBS,0.3412672885172081,34.12672885172081,2.9302544769085768
-22763,EBS,2023,134,202301,146,3,0,2023-07-12,0.505,2.823,17.204,N,2.541,0.0141598400616882,58.9881,-171.12291499999998,M-22,75,78,NA,7.8,-0.6,274,44,15,1,3,ALL,EBS_SINGLE,123107,2023-392,2,49.61,0,38,0.3089,0.1057,0,3,EBS,0.3421819359015863,34.21819359015863,2.922421948912015
-22763,EBS,2023,134,202301,146,3,0,2023-07-12,0.505,2.823,17.204,N,2.541,0.0141598400616882,58.9881,-171.12291499999998,M-22,75,78,NA,7.8,-0.6,274,44,15,1,3,ALL,EBS_SINGLE,123107,2023-404,1,78.33,12.97,166,0.3215,0.1044,0,3,EBS,0.32472783825816487,32.472783825816485,3.079501915708812
-22757,EBS,2023,134,202301,145,3,0,2023-07-11,0.503,2.806,17.636,Y,2.593,0.0144279886749636,58.995844999999996,-171.77934499999998,M-23,85,88,NA,7.4,0.7000000000000001,274,44,15,1,3,ALL,EBS_SINGLE,123107,2023-323,1,86.88,5.05,232,0.3569,0.1162,0,3,EBS,0.32558139534883723,32.55813953488372,3.0714285714285716
-22889,EBS,2023,162,202301,191,3,0,2023-07-22,0.434,2.48,17.608,Y,2.337,0.012731505039263999,59.004484999999995,-174.38614,M-27,124,126,NA,9.700000000000001,2.4,411,44,15,2,3,ALL,EBS_SINGLE,123107,2023-95,1,91.05,17.62,262,0.307,0.1028,0,5,EBS,0.33485342019543973,33.48534201954397,2.9863813229571985
-22575,EBS,2023,134,202301,117,3,0,2023-06-28,0.513,2.8720000000000003,17.821,Y,1.873,0.0149222579030052,59.331055,-170.551235,N-21,66,68,NA,5.3,-0.3,229,44,15,2,3,ALL,EBS_SINGLE,123107,2023-397,1,86.15,15.02,234,0.3162,0.0893,0,3,EBS,0.282416192283365,28.2416192283365,3.54087346024636
-22761,EBS,2023,134,202301,147,3,0,2023-07-12,0.511,2.857,17.157,N,2.6310000000000002,0.0142912306197391,59.33304,-171.18505,N-22,72,75,NA,7.8,-0.4,274,44,15,1,3,ALL,EBS_SINGLE,123107,2023-327,1,80.7,13.33,190,0.3089,0.0926,0,3,EBS,0.2997733894464228,29.97733894464228,3.33585313174946
-22761,EBS,2023,134,202301,147,3,0,2023-07-12,0.511,2.857,17.157,N,2.6310000000000002,0.0142912306197391,59.33304,-171.18505,N-22,72,75,NA,7.8,-0.4,274,44,15,1,3,ALL,EBS_SINGLE,123107,2023-333,2,56.36,0,56,0.3376,0.1166,0,3,EBS,0.3453791469194313,34.53791469194313,2.8953687821612353
-22761,EBS,2023,134,202301,147,3,0,2023-07-12,0.511,2.857,17.157,N,2.6310000000000002,0.0142912306197391,59.33304,-171.18505,N-22,72,75,NA,7.8,-0.4,274,44,15,1,3,ALL,EBS_SINGLE,123107,2023-378,2,54.28,0,48,0.3079,0.1081,0,3,EBS,0.3510880155894771,35.10880155894771,2.8482886216466237
-22789,EBS,2023,134,202301,159,3,0,2023-07-15,0.497,2.82,17.124000000000002,N,2.6950000000000003,0.014079017974428,59.330585,-171.85060000000001,N-23,77,80,NA,8.1,-0.8,274,44,15,1,3,ALL,EBS_SINGLE,123107,2023-367,1,82.35,19.01,367,0.3205,0.0869,1,3,EBS,0.27113884555382217,27.113884555382217,3.6881472957422323
-22789,EBS,2023,134,202301,159,3,0,2023-07-15,0.497,2.82,17.124000000000002,N,2.6950000000000003,0.014079017974428,59.330585,-171.85060000000001,N-23,77,80,NA,8.1,-0.8,274,44,15,1,3,ALL,EBS_SINGLE,123107,2023-403,1,78.34,16.94,NA,0.3295,0.0988,1,3,EBS,0.2998482549317147,29.984825493171467,3.33502024291498
-22790,EBS,2023,134,202301,160,3,0,2023-07-15,0.496,2.7310000000000003,17.171,N,2.604,0.0136721030864534,59.33728,-172.50563499999998,N-24,85,88,NA,8.1,0.9,274,44,15,1,3,ALL,STMATT_MTCA,7218,2023-407,1,79.58,14.07,192,0.3399,0.0953,0,3,EBS,0.28037658134745513,28.037658134745513,3.5666316894018886
-22790,EBS,2023,134,202301,160,3,0,2023-07-15,0.496,2.7310000000000003,17.171,N,2.604,0.0136721030864534,59.33728,-172.50563499999998,N-24,85,88,NA,8.1,0.9,274,44,15,1,3,ALL,STMATT_MTCA,7218,2023-414,1,72.11,12.28,150,0.3175,0.0921,0,3,EBS,0.2900787401574803,29.00787401574803,3.447339847991314
-22790,EBS,2023,134,202301,160,3,0,2023-07-15,0.496,2.7310000000000003,17.171,N,2.604,0.0136721030864534,59.33728,-172.50563499999998,N-24,85,88,NA,8.1,0.9,274,44,15,1,3,ALL,STMATT_MTCA,7218,2023-417,1,72.6,12.7,NA,0.3152,0.1041,0,3,EBS,0.33026649746192893,33.026649746192895,3.0278578290105664
-22873,EBS,2023,162,202301,187,3,0,2023-07-21,0.497,2.718,17.829,Y,2.032,0.0141284485124937,59.320015,-174.43518,N-27,118,120,NA,9.8,2,366,44,15,1,3,ALL,EBS_SINGLE,123107,2023-51,2,57.3,0,NA,0.313,0.0792,0,5,EBS,0.25303514376996805,25.303514376996805,3.9520202020202015
-22873,EBS,2023,162,202301,187,3,0,2023-07-21,0.497,2.718,17.829,Y,2.032,0.0141284485124937,59.320015,-174.43518,N-27,118,120,NA,9.8,2,366,44,15,1,3,ALL,EBS_SINGLE,123107,2023-58,2,53.26,0,NA,0.32,0.0929,0,5,EBS,0.2903125,29.031249999999996,3.4445640473627557
-22904,EBS,2023,162,202301,194,3,0,2023-07-23,0.48600000000000004,2.67,17.495,Y,2.247,0.013618938041527499,59.33743,-175.76101,N-29,134,136,NA,9.5,2.1,411,44,15,2,3,ALL,EBS_SINGLE,123107,2023-68,2,56.13,0,NA,0.3147,0.1216,0,5,EBS,0.3863997457896409,38.63997457896409,2.5879934210526314
-22858,EBS,2023,162,202301,183,3,0,2023-07-20,0.49300000000000005,2.6990000000000003,18.105,Y,2.04,0.0142468696113233,59.676624999999994,-173.872185,O-26,102,104,NA,9.700000000000001,0.9,320,44,15,1,3,ALL,STMATT_MTCA,7218,2023-59,2,62.05,0,82,0.3023,0.09,0,5,EBS,0.29771749917300694,29.771749917300696,3.358888888888889
-22762,EBS,2023,134,202301,149,3,0,2023-07-12,0.497,2.789,17.703,Y,2.799,0.0143950580156345,59.991279999999996,-171.30482999999998,P-22,67,70,NA,7.6000000000000005,-1.2,229,44,15,1,3,ALL,EBS_SINGLE,123107,2023-329,2,54.08,0,56,0.3236,0.1035,0,4,EBS,0.31983930778739184,31.983930778739182,3.126570048309179
-22762,EBS,2023,134,202301,149,3,0,2023-07-12,0.497,2.789,17.703,Y,2.799,0.0143950580156345,59.991279999999996,-171.30482999999998,P-22,67,70,NA,7.6000000000000005,-1.2,229,44,15,1,3,ALL,EBS_SINGLE,123107,2023-344,2,56.12,0,NA,0.3105,0.0886,0,4,EBS,0.2853462157809984,28.534621578099838,3.50451467268623
-22762,EBS,2023,134,202301,149,3,0,2023-07-12,0.497,2.789,17.703,Y,2.799,0.0143950580156345,59.991279999999996,-171.30482999999998,P-22,67,70,NA,7.6000000000000005,-1.2,229,44,15,1,3,ALL,EBS_SINGLE,123107,2023-347,2,53.78,0,50,0.326,0.0968,0,4,EBS,0.2969325153374233,29.69325153374233,3.3677685950413228
-22762,EBS,2023,134,202301,149,3,0,2023-07-12,0.497,2.789,17.703,Y,2.799,0.0143950580156345,59.991279999999996,-171.30482999999998,P-22,67,70,NA,7.6000000000000005,-1.2,229,44,15,1,3,ALL,EBS_SINGLE,123107,2023-361,2,57.88,0,56,0.3173,0.095,0,4,EBS,0.2994011976047904,29.94011976047904,3.3400000000000003
-22762,EBS,2023,134,202301,149,3,0,2023-07-12,0.497,2.789,17.703,Y,2.799,0.0143950580156345,59.991279999999996,-171.30482999999998,P-22,67,70,NA,7.6000000000000005,-1.2,229,44,15,1,3,ALL,EBS_SINGLE,123107,2023-382,1,82.34,14.38,184,0.313,0.0994,0,4,EBS,0.31757188498402555,31.757188498402556,3.1488933601609657
-22762,EBS,2023,134,202301,149,3,0,2023-07-12,0.497,2.789,17.703,Y,2.799,0.0143950580156345,59.991279999999996,-171.30482999999998,P-22,67,70,NA,7.6000000000000005,-1.2,229,44,15,1,3,ALL,EBS_SINGLE,123107,2023-389,2,56.91,0,60,0.3179,0.0989,0,4,EBS,0.3111041207927021,31.110412079270212,3.2143579373104147
-22846,EBS,2023,162,202301,177,3,0,2023-07-19,0.524,2.8480000000000003,18.029,Y,2.007,0.0149702709086832,60.010425,-173.943755,P-26,94,96,NA,9.700000000000001,0.4,320,44,15,1,3,ALL,STMATT_MTCA,7218,2023-52,1,72.09,10.85,134,0.3457,0.1051,0,4,EBS,0.3040208273069135,30.402082730691347,3.2892483349191246
-22846,EBS,2023,162,202301,177,3,0,2023-07-19,0.524,2.8480000000000003,18.029,Y,2.007,0.0149702709086832,60.010425,-173.943755,P-26,94,96,NA,9.700000000000001,0.4,320,44,15,1,3,ALL,STMATT_MTCA,7218,2023-62,1,72.39,12.61,128,0.2967,0.0899,0,4,EBS,0.30299966295921804,30.299966295921806,3.3003337041156846
-22846,EBS,2023,162,202301,177,3,0,2023-07-19,0.524,2.8480000000000003,18.029,Y,2.007,0.0149702709086832,60.010425,-173.943755,P-26,94,96,NA,9.700000000000001,0.4,320,44,15,1,3,ALL,STMATT_MTCA,7218,2023-78,1,72.31,11.75,138,0.3253,0.1075,0,4,EBS,0.33046418690439594,33.046418690439594,3.0260465116279067
-22846,EBS,2023,162,202301,177,3,0,2023-07-19,0.524,2.8480000000000003,18.029,Y,2.007,0.0149702709086832,60.010425,-173.943755,P-26,94,96,NA,9.700000000000001,0.4,320,44,15,1,3,ALL,STMATT_MTCA,7218,2023-88,1,78.72,11.25,186,0.3111,0.0905,0,4,EBS,0.29090324654451943,29.090324654451944,3.437569060773481
-22846,EBS,2023,162,202301,177,3,0,2023-07-19,0.524,2.8480000000000003,18.029,Y,2.007,0.0149702709086832,60.010425,-173.943755,P-26,94,96,NA,9.700000000000001,0.4,320,44,15,1,3,ALL,STMATT_MTCA,7218,2023-93,1,73.73,11.91,154,0.3951,0.1228,0,4,EBS,0.31080739053404205,31.080739053404205,3.21742671009772
-22846,EBS,2023,162,202301,177,3,0,2023-07-19,0.524,2.8480000000000003,18.029,Y,2.007,0.0149702709086832,60.010425,-173.943755,P-26,94,96,NA,9.700000000000001,0.4,320,44,15,1,3,ALL,STMATT_MTCA,7218,2023-94,1,71.68,12.21,138,0.3104,0.0886,0,4,EBS,0.2854381443298969,28.543814432989688,3.503386004514673
-22846,EBS,2023,162,202301,177,3,0,2023-07-19,0.524,2.8480000000000003,18.029,Y,2.007,0.0149702709086832,60.010425,-173.943755,P-26,94,96,NA,9.700000000000001,0.4,320,44,15,1,3,ALL,STMATT_MTCA,7218,2023-96,1,75.04,12.15,160,0.3186,0.1005,0,4,EBS,0.3154425612052731,31.544256120527308,3.170149253731343
-22913,EBS,2023,134,202301,186,3,0,2023-07-23,0.51,2.8440000000000003,17.843,N,2.097,0.014795018189998201,60.012225,-175.26854500000002,P-28,115,117,NA,9.700000000000001,1.6,366,44,15,1,3,ALL,EBS_SINGLE,123107,2023-349,1,88.83,16.57,NA,0.3574,0.1507,0,5,EBS,0.4216564073866816,42.16564073866816,2.371599203715992
-22913,EBS,2023,134,202301,186,3,0,2023-07-23,0.51,2.8440000000000003,17.843,N,2.097,0.014795018189998201,60.012225,-175.26854500000002,P-28,115,117,NA,9.700000000000001,1.6,366,44,15,1,3,ALL,EBS_SINGLE,123107,2023-373,1,89.03,15.73,NA,0.3189,0.1398,0,5,EBS,0.43838193791157104,43.8381937911571,2.281115879828326
-22913,EBS,2023,134,202301,186,3,0,2023-07-23,0.51,2.8440000000000003,17.843,N,2.097,0.014795018189998201,60.012225,-175.26854500000002,P-28,115,117,NA,9.700000000000001,1.6,366,44,15,1,3,ALL,EBS_SINGLE,123107,2023-406,1,95.68,17.25,NA,0.3107,0.1377,0,5,EBS,0.4431927904731252,44.31927904731252,2.256354393609296
-22913,EBS,2023,134,202301,186,3,0,2023-07-23,0.51,2.8440000000000003,17.843,N,2.097,0.014795018189998201,60.012225,-175.26854500000002,P-28,115,117,NA,9.700000000000001,1.6,366,44,15,1,3,ALL,EBS_SINGLE,123107,2023-408,1,91.53,16.13,294,0.3477,0.1493,0,5,EBS,0.42939315501869424,42.93931550186942,2.32886805090422
-22913,EBS,2023,134,202301,186,3,0,2023-07-23,0.51,2.8440000000000003,17.843,N,2.097,0.014795018189998201,60.012225,-175.26854500000002,P-28,115,117,NA,9.700000000000001,1.6,366,44,15,1,3,ALL,EBS_SINGLE,123107,2023-418,1,97.94,17.06,362,0.3123,0.1404,0,5,EBS,0.44956772334293943,44.956772334293944,2.2243589743589745
-22906,EBS,2023,162,202301,196,3,0,2023-07-23,0.5,2.75,17.807000000000002,Y,2.299,0.0142771488844875,60.0046,-175.917315,P-29,126,128,NA,10,1.8,411,44,15,1,3,ALL,EBS_SINGLE,123107,2023-89,1,89.6,18.3,276,0.3054,0.1157,0,5,EBS,0.3788474132285527,37.88474132285527,2.6395851339671563
-22907,EBS,2023,162,202301,197,3,0,2023-07-23,0.48800000000000004,2.694,17.747,Y,2.266,0.0139392875328003,60.00591,-176.687895,P-30,138,140,NA,9.700000000000001,1.7,411,44,15,1,3,ALL,EBS_SINGLE,123107,2023-76,2,64.09,0,NA,0.336,0.1139,0,5,EBS,0.3389880952380952,33.89880952380952,2.9499561018437226
-22907,EBS,2023,162,202301,197,3,0,2023-07-23,0.48800000000000004,2.694,17.747,Y,2.266,0.0139392875328003,60.00591,-176.687895,P-30,138,140,NA,9.700000000000001,1.7,411,44,15,1,3,ALL,EBS_SINGLE,123107,2023-90,2,57.14,0,66,0.3199,0.1164,0,5,EBS,0.36386370740856516,36.38637074085651,2.7482817869415808
-22771,EBS,2023,134,202301,150,3,0,2023-07-13,0.501,2.7510000000000003,18.024,Y,2.714,0.014456388303680399,60.325500000000005,-171.342755,Q-22,64,67,NA,7.5,-1.6,229,44,15,1,3,ALL,EBS_SINGLE,123107,2023-328,2,51.33,0,46,0.3256,0.1006,0,4,EBS,0.30896805896805896,30.896805896805894,3.2365805168986084
-22771,EBS,2023,134,202301,150,3,0,2023-07-13,0.501,2.7510000000000003,18.024,Y,2.714,0.014456388303680399,60.325500000000005,-171.342755,Q-22,64,67,NA,7.5,-1.6,229,44,15,1,3,ALL,EBS_SINGLE,123107,2023-350,2,52.34,0,44,0.3128,0.0885,0,4,EBS,0.28292838874680304,28.292838874680303,3.5344632768361586
-22771,EBS,2023,134,202301,150,3,0,2023-07-13,0.501,2.7510000000000003,18.024,Y,2.714,0.014456388303680399,60.325500000000005,-171.342755,Q-22,64,67,NA,7.5,-1.6,229,44,15,1,3,ALL,EBS_SINGLE,123107,2023-363,2,54.12,0,54,0.3394,0.0922,0,4,EBS,0.2716558632881556,27.16558632881556,3.6811279826464203
-22771,EBS,2023,134,202301,150,3,0,2023-07-13,0.501,2.7510000000000003,18.024,Y,2.714,0.014456388303680399,60.325500000000005,-171.342755,Q-22,64,67,NA,7.5,-1.6,229,44,15,1,3,ALL,EBS_SINGLE,123107,2023-376,2,53.51,0,52,0.3026,0.082,0,4,EBS,0.27098479841374756,27.098479841374758,3.690243902439024
-22771,EBS,2023,134,202301,150,3,0,2023-07-13,0.501,2.7510000000000003,18.024,Y,2.714,0.014456388303680399,60.325500000000005,-171.342755,Q-22,64,67,NA,7.5,-1.6,229,44,15,1,3,ALL,EBS_SINGLE,123107,2023-390,2,49.98,0,40,0.3322,0.1009,0,4,EBS,0.3037326911499097,30.37326911499097,3.292368681863231
-22849,EBS,2023,162,202301,180,3,0,2023-07-19,0.459,2.577,18.266000000000002,Y,2.115,0.013723848266564701,60.342639999999996,-174.07871,Q-26,87,89,NA,9.5,-0.1,320,44,15,1,3,ALL,STMATT_MTCA,7218,2023-47,1,77.41,12.41,152,0.3439,0.1079,0,4,EBS,0.31375399825530675,31.375399825530675,3.1872103799814644
-22849,EBS,2023,162,202301,180,3,0,2023-07-19,0.459,2.577,18.266000000000002,Y,2.115,0.013723848266564701,60.342639999999996,-174.07871,Q-26,87,89,NA,9.5,-0.1,320,44,15,1,3,ALL,STMATT_MTCA,7218,2023-49,1,74.54,13.11,156,0.3149,0.1065,0,4,EBS,0.3382026040012702,33.820260400127026,2.9568075117370896
-22849,EBS,2023,162,202301,180,3,0,2023-07-19,0.459,2.577,18.266000000000002,Y,2.115,0.013723848266564701,60.342639999999996,-174.07871,Q-26,87,89,NA,9.5,-0.1,320,44,15,1,3,ALL,STMATT_MTCA,7218,2023-69,1,80.06,14.49,192,0.3094,0.1053,0,4,EBS,0.3403361344537815,34.03361344537815,2.9382716049382718
-22849,EBS,2023,162,202301,180,3,0,2023-07-19,0.459,2.577,18.266000000000002,Y,2.115,0.013723848266564701,60.342639999999996,-174.07871,Q-26,87,89,NA,9.5,-0.1,320,44,15,1,3,ALL,STMATT_MTCA,7218,2023-81,1,73.49,13.55,148,0.2953,0.0989,0,4,EBS,0.3349136471385032,33.49136471385032,2.9858442871587463
-22849,EBS,2023,162,202301,180,3,0,2023-07-19,0.459,2.577,18.266000000000002,Y,2.115,0.013723848266564701,60.342639999999996,-174.07871,Q-26,87,89,NA,9.5,-0.1,320,44,15,1,3,ALL,STMATT_MTCA,7218,2023-85,1,82.57,15.71,NA,0.3141,0.0933,0,4,EBS,0.29703915950334286,29.703915950334288,3.3665594855305465
-22927,EBS,2023,134,202301,192,3,0,2023-07-24,0.506,2.74,17.708000000000002,N,2.004,0.014146145217732,60.351475,-174.70663,Q-27,100,102,NA,9.9,0.8,320,44,15,1,3,ALL,STMATT_MTCA,7218,2023-433,2,56.58,0,62,0.3052,0.1074,0,5,EBS,0.3519003931847968,35.190039318479684,2.84171322160149
-22927,EBS,2023,134,202301,192,3,0,2023-07-24,0.506,2.74,17.708000000000002,N,2.004,0.014146145217732,60.351475,-174.70663,Q-27,100,102,NA,9.9,0.8,320,44,15,1,3,ALL,STMATT_MTCA,7218,2023-434,2,53.05,0,48,0.2993,0.1071,0,5,EBS,0.35783494821249584,35.78349482124958,2.7945845004668537
-22927,EBS,2023,134,202301,192,3,0,2023-07-24,0.506,2.74,17.708000000000002,N,2.004,0.014146145217732,60.351475,-174.70663,Q-27,100,102,NA,9.9,0.8,320,44,15,1,3,ALL,STMATT_MTCA,7218,2023-440,2,57.29,0,62,0.3158,0.103,0,5,EBS,0.3261557948068397,32.61557948068397,3.0660194174757285
-22927,EBS,2023,134,202301,192,3,0,2023-07-24,0.506,2.74,17.708000000000002,N,2.004,0.014146145217732,60.351475,-174.70663,Q-27,100,102,NA,9.9,0.8,320,44,15,1,3,ALL,STMATT_MTCA,7218,2023-451,2,45.83,0,34,0.3033,0.1051,0,5,EBS,0.346521595779756,34.6521595779756,2.8858230256898194
-22927,EBS,2023,134,202301,192,3,0,2023-07-24,0.506,2.74,17.708000000000002,N,2.004,0.014146145217732,60.351475,-174.70663,Q-27,100,102,NA,9.9,0.8,320,44,15,1,3,ALL,STMATT_MTCA,7218,2023-455,2,54.78,0,NA,0.3179,0.1075,0,5,EBS,0.33815665303554576,33.815665303554574,2.9572093023255817
-22927,EBS,2023,134,202301,192,3,0,2023-07-24,0.506,2.74,17.708000000000002,N,2.004,0.014146145217732,60.351475,-174.70663,Q-27,100,102,NA,9.9,0.8,320,44,15,1,3,ALL,STMATT_MTCA,7218,2023-457,2,42.77,0,NA,0.3004,0.101,0,5,EBS,0.33621837549933425,33.621837549933424,2.9742574257425742
-22927,EBS,2023,134,202301,192,3,0,2023-07-24,0.506,2.74,17.708000000000002,N,2.004,0.014146145217732,60.351475,-174.70663,Q-27,100,102,NA,9.9,0.8,320,44,15,1,3,ALL,STMATT_MTCA,7218,2023-462,2,54.73,0,NA,0.3262,0.1263,0,5,EBS,0.38718577559779277,38.71857755977928,2.5827395091053047
-22927,EBS,2023,134,202301,192,3,0,2023-07-24,0.506,2.74,17.708000000000002,N,2.004,0.014146145217732,60.351475,-174.70663,Q-27,100,102,NA,9.9,0.8,320,44,15,1,3,ALL,STMATT_MTCA,7218,2023-466,2,56.54,0,60,0.3142,0.1134,0,5,EBS,0.3609166136218969,36.09166136218969,2.770723104056437
-22927,EBS,2023,134,202301,192,3,0,2023-07-24,0.506,2.74,17.708000000000002,N,2.004,0.014146145217732,60.351475,-174.70663,Q-27,100,102,NA,9.9,0.8,320,44,15,1,3,ALL,STMATT_MTCA,7218,2023-473,2,57.46,0,62,0.315,0.1106,0,5,EBS,0.3511111111111111,35.11111111111111,2.848101265822785
-22914,EBS,2023,134,202301,187,3,0,2023-07-23,0.516,2.882,17.900000000000002,N,1.951,0.015040595909129999,60.330904999999994,-175.40158,Q-28,110,112,NA,9.8,1.3,366,44,15,2,3,ALL,EBS_SINGLE,123107,2023-353,1,77.2,14.33,166,0.3074,0.1057,0,5,EBS,0.3438516590761223,34.38516590761223,2.9082308420056764
-22914,EBS,2023,134,202301,187,3,0,2023-07-23,0.516,2.882,17.900000000000002,N,1.951,0.015040595909129999,60.330904999999994,-175.40158,Q-28,110,112,NA,9.8,1.3,366,44,15,2,3,ALL,EBS_SINGLE,123107,2023-405,1,74.59,12.88,160,0.3472,0.1227,0,5,EBS,0.35339861751152074,35.33986175115207,2.829665851670742
-22914,EBS,2023,134,202301,187,3,0,2023-07-23,0.516,2.882,17.900000000000002,N,1.951,0.015040595909129999,60.330904999999994,-175.40158,Q-28,110,112,NA,9.8,1.3,366,44,15,2,3,ALL,EBS_SINGLE,123107,2023-412,1,86.73,15.31,228,0.323,0.0965,0,5,EBS,0.29876160990712075,29.876160990712076,3.3471502590673574
-22914,EBS,2023,134,202301,187,3,0,2023-07-23,0.516,2.882,17.900000000000002,N,1.951,0.015040595909129999,60.330904999999994,-175.40158,Q-28,110,112,NA,9.8,1.3,366,44,15,2,3,ALL,EBS_SINGLE,123107,2023-419,1,71.06,11.82,130,0.3201,0.1038,0,5,EBS,0.32427366447985007,32.42736644798501,3.083815028901734
-22914,EBS,2023,134,202301,187,3,0,2023-07-23,0.516,2.882,17.900000000000002,N,1.951,0.015040595909129999,60.330904999999994,-175.40158,Q-28,110,112,NA,9.8,1.3,366,44,15,2,3,ALL,EBS_SINGLE,123107,2023-420,1,72.71,12.94,132,0.3432,0.1008,0,5,EBS,0.2937062937062937,29.37062937062937,3.4047619047619047
-22922,EBS,2023,162,202301,200,3,0,2023-07-24,0.502,2.7390000000000003,17.761,Y,2.204,0.014183306316169701,60.343039999999995,-177.38637,Q-31,145,147,NA,9,1.8,411,44,15,2,3,ALL,EBS_SINGLE,123107,2023-66,2,52.89,0,46,0.3531,0.1057,0,5,EBS,0.2993486264514302,29.934862645143017,3.3405865657521288
-22847,EBS,2023,162,202301,178,3,0,2023-07-19,0.514,2.8520000000000003,18.171,Y,2.017,0.0151093710119682,60.137004999999995,-173.76574499999998,QP2625,85,87,NA,9.4,0,320,44,15,1,3,ALL,STMATT_MTCA,7218,2023-61,1,72.75,12.3,138,0.3151,0.0949,0,4,EBS,0.30117423040304664,30.117423040304665,3.320337197049526
-22847,EBS,2023,162,202301,178,3,0,2023-07-19,0.514,2.8520000000000003,18.171,Y,2.017,0.0151093710119682,60.137004999999995,-173.76574499999998,QP2625,85,87,NA,9.4,0,320,44,15,1,3,ALL,STMATT_MTCA,7218,2023-67,1,72.53,14.33,NA,0.314,0.1298,0,4,EBS,0.41337579617834397,41.33757961783439,2.4191063174114023
-22847,EBS,2023,162,202301,178,3,0,2023-07-19,0.514,2.8520000000000003,18.171,Y,2.017,0.0151093710119682,60.137004999999995,-173.76574499999998,QP2625,85,87,NA,9.4,0,320,44,15,1,3,ALL,STMATT_MTCA,7218,2023-73,1,77.9,14.19,NA,0.327,0.0504,0,4,EBS,0.15412844036697249,15.412844036697248,6.488095238095238
-22847,EBS,2023,162,202301,178,3,0,2023-07-19,0.514,2.8520000000000003,18.171,Y,2.017,0.0151093710119682,60.137004999999995,-173.76574499999998,QP2625,85,87,NA,9.4,0,320,44,15,1,3,ALL,STMATT_MTCA,7218,2023-77,1,81.33,14.14,NA,0.3125,0.0934,0,4,EBS,0.29888,29.887999999999998,3.345824411134904
-22847,EBS,2023,162,202301,178,3,0,2023-07-19,0.514,2.8520000000000003,18.171,Y,2.017,0.0151093710119682,60.137004999999995,-173.76574499999998,QP2625,85,87,NA,9.4,0,320,44,15,1,3,ALL,STMATT_MTCA,7218,2023-82,1,83.77,16.54,NA,0.3091,0.0896,0,4,EBS,0.2898738272403753,28.98738272403753,3.4497767857142856
-22850,EBS,2023,162,202301,181,3,0,2023-07-19,0.504,2.794,18.034000000000002,Y,1.9340000000000002,0.0146904974802366,60.17071,-174.35513,QP2726,97,99,NA,9.700000000000001,0.5,320,44,15,1,3,ALL,STMATT_MTCA,7218,2023-65,1,86.3,15.32,242,0.3057,0.1043,0,4,EBS,0.3411841674844619,34.11841674844619,2.930968360498562
-22850,EBS,2023,162,202301,181,3,0,2023-07-19,0.504,2.794,18.034000000000002,Y,1.9340000000000002,0.0146904974802366,60.17071,-174.35513,QP2726,97,99,NA,9.700000000000001,0.5,320,44,15,1,3,ALL,STMATT_MTCA,7218,2023-83,1,79.27,13.71,186,0.3015,0.098,0,4,EBS,0.3250414593698176,32.50414593698176,3.076530612244898
-22772,EBS,2023,134,202301,151,3,0,2023-07-13,0.51,2.87,17.745,Y,2.6830000000000003,0.0148482727418025,60.65291,-171.43123500000002,R-22,60,63,NA,7.5,-1.1,229,44,15,1,3,ALL,EBS_SINGLE,123107,2023-385,2,55.25,0,NA,0.3145,0.1046,0,4,EBS,0.3325914149443561,33.25914149443561,3.0066921606118546
-22772,EBS,2023,134,202301,151,3,0,2023-07-13,0.51,2.87,17.745,Y,2.6830000000000003,0.0148482727418025,60.65291,-171.43123500000002,R-22,60,63,NA,7.5,-1.1,229,44,15,1,3,ALL,EBS_SINGLE,123107,2023-401,2,55.07,0,52,0.3244,0.1124,0,4,EBS,0.34648581997533906,34.6485819975339,2.8861209964412815
-22772,EBS,2023,134,202301,151,3,0,2023-07-13,0.51,2.87,17.745,Y,2.6830000000000003,0.0148482727418025,60.65291,-171.43123500000002,R-22,60,63,NA,7.5,-1.1,229,44,15,1,3,ALL,EBS_SINGLE,123107,2023-402,2,53.43,0,NA,0.3245,0.1022,0,4,EBS,0.31494607087827425,31.494607087827426,3.1751467710371823
-22772,EBS,2023,134,202301,151,3,0,2023-07-13,0.51,2.87,17.745,Y,2.6830000000000003,0.0148482727418025,60.65291,-171.43123500000002,R-22,60,63,NA,7.5,-1.1,229,44,15,1,3,ALL,EBS_SINGLE,123107,2023-409,2,50.83,0,44,0.3193,0.1012,0,4,EBS,0.3169433134982775,31.69433134982775,3.1551383399209483
-22772,EBS,2023,134,202301,151,3,0,2023-07-13,0.51,2.87,17.745,Y,2.6830000000000003,0.0148482727418025,60.65291,-171.43123500000002,R-22,60,63,NA,7.5,-1.1,229,44,15,1,3,ALL,EBS_SINGLE,123107,2023-410,2,55.02,0,NA,0.34,0.1026,0,4,EBS,0.30176470588235293,30.176470588235293,3.3138401559454196
-22773,EBS,2023,134,202301,152,3,0,2023-07-13,0.511,2.846,17.758,Y,2.654,0.0147348928919478,60.66061,-172.109175,R-23,58,61,NA,7.5,-1.2,229,44,15,1,3,ALL,EBS_SINGLE,123107,2023-330,2,52.09,0,46,0.3653,0.1115,0,4,EBS,0.3052285792499316,30.522857924993158,3.2762331838565024
-22773,EBS,2023,134,202301,152,3,0,2023-07-13,0.511,2.846,17.758,Y,2.654,0.0147348928919478,60.66061,-172.109175,R-23,58,61,NA,7.5,-1.2,229,44,15,1,3,ALL,EBS_SINGLE,123107,2023-365,2,55.41,0,54,0.3268,0.0975,0,4,EBS,0.29834761321909425,29.834761321909426,3.3517948717948713
-22773,EBS,2023,134,202301,152,3,0,2023-07-13,0.511,2.846,17.758,Y,2.654,0.0147348928919478,60.66061,-172.109175,R-23,58,61,NA,7.5,-1.2,229,44,15,1,3,ALL,EBS_SINGLE,123107,2023-413,2,53.06,0,48,0.3083,0.0976,0,4,EBS,0.3165747648394421,31.657476483944208,3.158811475409836
-22773,EBS,2023,134,202301,152,3,0,2023-07-13,0.511,2.846,17.758,Y,2.654,0.0147348928919478,60.66061,-172.109175,R-23,58,61,NA,7.5,-1.2,229,44,15,1,3,ALL,EBS_SINGLE,123107,2023-415,2,51.44,0,42,0.3271,0.0908,0,4,EBS,0.2775909507795781,27.759095077957813,3.6024229074889864
-22773,EBS,2023,134,202301,152,3,0,2023-07-13,0.511,2.846,17.758,Y,2.654,0.0147348928919478,60.66061,-172.109175,R-23,58,61,NA,7.5,-1.2,229,44,15,1,3,ALL,EBS_SINGLE,123107,2023-416,2,53.91,0,50,0.3386,0.1022,0,4,EBS,0.30183106910809215,30.183106910809215,3.3131115459882583
-22925,EBS,2023,134,202301,190,3,0,2023-07-24,0.508,2.7800000000000002,17.842000000000002,Y,2.134,0.014461267740546,60.6681,-175.448335,R-28,105,107,NA,9.4,0.4,320,44,15,1,3,ALL,EBS_SINGLE,123107,2023-432,2,62.86,0,80,0.3018,0.1106,0,5,EBS,0.36646785950960903,36.646785950960904,2.72875226039783
-22925,EBS,2023,134,202301,190,3,0,2023-07-24,0.508,2.7800000000000002,17.842000000000002,Y,2.134,0.014461267740546,60.6681,-175.448335,R-28,105,107,NA,9.4,0.4,320,44,15,1,3,ALL,EBS_SINGLE,123107,2023-447,2,55.48,0,52,0.3144,0.1191,0,5,EBS,0.3788167938931297,37.88167938931297,2.6397984886649875
-22925,EBS,2023,134,202301,190,3,0,2023-07-24,0.508,2.7800000000000002,17.842000000000002,Y,2.134,0.014461267740546,60.6681,-175.448335,R-28,105,107,NA,9.4,0.4,320,44,15,1,3,ALL,EBS_SINGLE,123107,2023-448,2,59.72,0,68,0.3075,0.0948,0,5,EBS,0.30829268292682926,30.829268292682926,3.2436708860759493
-22925,EBS,2023,134,202301,190,3,0,2023-07-24,0.508,2.7800000000000002,17.842000000000002,Y,2.134,0.014461267740546,60.6681,-175.448335,R-28,105,107,NA,9.4,0.4,320,44,15,1,3,ALL,EBS_SINGLE,123107,2023-460,2,51.02,0,46,0.3154,0.0972,0,5,EBS,0.3081800887761572,30.81800887761572,3.24485596707819
-22925,EBS,2023,134,202301,190,3,0,2023-07-24,0.508,2.7800000000000002,17.842000000000002,Y,2.134,0.014461267740546,60.6681,-175.448335,R-28,105,107,NA,9.4,0.4,320,44,15,1,3,ALL,EBS_SINGLE,123107,2023-464,2,57.34,0,54,0.3153,0.0999,0,5,EBS,0.31684110371075164,31.684110371075164,3.156156156156156
-22925,EBS,2023,134,202301,190,3,0,2023-07-24,0.508,2.7800000000000002,17.842000000000002,Y,2.134,0.014461267740546,60.6681,-175.448335,R-28,105,107,NA,9.4,0.4,320,44,15,1,3,ALL,EBS_SINGLE,123107,2023-469,1,70.64,12.15,NA,0.3258,0.105,0,5,EBS,0.32228360957642727,32.22836095764273,3.1028571428571428
-22925,EBS,2023,134,202301,190,3,0,2023-07-24,0.508,2.7800000000000002,17.842000000000002,Y,2.134,0.014461267740546,60.6681,-175.448335,R-28,105,107,NA,9.4,0.4,320,44,15,1,3,ALL,EBS_SINGLE,123107,2023-470,1,76.35,16.44,NA,0.3036,0.1147,1,5,EBS,0.37779973649538867,37.77997364953887,2.6469049694856146
-22925,EBS,2023,134,202301,190,3,0,2023-07-24,0.508,2.7800000000000002,17.842000000000002,Y,2.134,0.014461267740546,60.6681,-175.448335,R-28,105,107,NA,9.4,0.4,320,44,15,1,3,ALL,EBS_SINGLE,123107,2023-478,1,71.52,12.04,NA,0.313,0.1025,0,5,EBS,0.3274760383386581,32.74760383386581,3.053658536585366
-22925,EBS,2023,134,202301,190,3,0,2023-07-24,0.508,2.7800000000000002,17.842000000000002,Y,2.134,0.014461267740546,60.6681,-175.448335,R-28,105,107,NA,9.4,0.4,320,44,15,1,3,ALL,EBS_SINGLE,123107,2023-479,1,91.8,21.72,334,0.3095,0.10780000000000001,1,5,EBS,0.3483037156704362,34.83037156704362,2.8710575139146566
-22925,EBS,2023,134,202301,190,3,0,2023-07-24,0.508,2.7800000000000002,17.842000000000002,Y,2.134,0.014461267740546,60.6681,-175.448335,R-28,105,107,NA,9.4,0.4,320,44,15,1,3,ALL,EBS_SINGLE,123107,2023-480,1,92.56,21.8,368,0.3299,0.129,1,5,EBS,0.3910275841163989,39.10275841163989,2.5573643410852713
-22924,EBS,2023,134,202301,189,3,0,2023-07-24,0.514,2.7920000000000003,17.92,N,1.901,0.014587183801344,60.672835,-176.20668,R-29,117,119,NA,9.4,1.1,366,44,15,1,3,ALL,EBS_SINGLE,123107,2023-411,1,96.94,17.76,NA,0.316,0.0953,0,5,EBS,0.30158227848101266,30.158227848101266,3.3158447009443863
-22924,EBS,2023,134,202301,189,3,0,2023-07-24,0.514,2.7920000000000003,17.92,N,1.901,0.014587183801344,60.672835,-176.20668,R-29,117,119,NA,9.4,1.1,366,44,15,1,3,ALL,EBS_SINGLE,123107,2023-456,1,80.2,14.48,NA,0.3342,0.1159,0,5,EBS,0.3467983243566727,34.679832435667265,2.883520276100086
-22924,EBS,2023,134,202301,189,3,0,2023-07-24,0.514,2.7920000000000003,17.92,N,1.901,0.014587183801344,60.672835,-176.20668,R-29,117,119,NA,9.4,1.1,366,44,15,1,3,ALL,EBS_SINGLE,123107,2023-474,1,82.15,14.83,204,0.3144,0.1144,0,5,EBS,0.3638676844783715,36.38676844783715,2.7482517482517483
-22924,EBS,2023,134,202301,189,3,0,2023-07-24,0.514,2.7920000000000003,17.92,N,1.901,0.014587183801344,60.672835,-176.20668,R-29,117,119,NA,9.4,1.1,366,44,15,1,3,ALL,EBS_SINGLE,123107,2023-477,1,80.19,14.05,200,0.3291,0.1102,0,5,EBS,0.3348526283804315,33.48526283804315,2.986388384754991
-23525,EBS,2024,162,202401,123,3,0,2024-07-03,0.556,3.1140000000000003,14.942,Y,2.198,0.0135657989448498,57.329085,-168.37234999999998,H-18,71,73,NA,6.2,2.9,274,44,15,2,4,ALL,EBS_SINGLE,140350,24-68,2,63.07,0,NA,0.3065,0.1094,0,2,EBS,0.3569331158238173,35.69331158238173,2.8016453382084094
-23525,EBS,2024,162,202401,123,3,0,2024-07-03,0.556,3.1140000000000003,14.942,Y,2.198,0.0135657989448498,57.329085,-168.37234999999998,H-18,71,73,NA,6.2,2.9,274,44,15,2,4,ALL,EBS_SINGLE,140350,24-69,2,66.52,0,NA,0.2862,0.1077,0,2,EBS,0.37631027253668764,37.63102725366876,2.6573816155988856
-23525,EBS,2024,162,202401,123,3,0,2024-07-03,0.556,3.1140000000000003,14.942,Y,2.198,0.0135657989448498,57.329085,-168.37234999999998,H-18,71,73,NA,6.2,2.9,274,44,15,2,4,ALL,EBS_SINGLE,140350,24-70,2,67.53,0,NA,0.3168,0.1213,0,2,EBS,0.38289141414141414,38.28914141414141,2.6117065127782357
-23525,EBS,2024,162,202401,123,3,0,2024-07-03,0.556,3.1140000000000003,14.942,Y,2.198,0.0135657989448498,57.329085,-168.37234999999998,H-18,71,73,NA,6.2,2.9,274,44,15,2,4,ALL,EBS_SINGLE,140350,24-71,2,63.37,0,NA,0.3042,0.1155,0,2,EBS,0.3796844181459566,37.96844181459566,2.633766233766234
-23542,EBS,2024,162,202401,125,3,1.12,2024-07-04,0.322,1.731,15.398000000000001,Y,2.528,0.0077710449145923,57.347024999999995,-168.98097,H-19,69,72,NA,5.7,3.3000000000000003,229,44,15,1,4,ALL,EBS_SINGLE,140350,24-73,1,71.79,12.91,NA,0.3166,0.0985,0,2,EBS,0.31111813013265954,31.111813013265955,3.214213197969543
-23542,EBS,2024,162,202401,125,3,1.12,2024-07-04,0.322,1.731,15.398000000000001,Y,2.528,0.0077710449145923,57.347024999999995,-168.98097,H-19,69,72,NA,5.7,3.3000000000000003,229,44,15,1,4,ALL,EBS_SINGLE,140350,24-74,1,74.37,13.02,NA,0.3179,0.1156,0,2,EBS,0.3636363636363636,36.36363636363636,2.7500000000000004
-23522,EBS,2024,134,202401,117,3,0,2024-07-03,0.522,3.039,15.305000000000001,Y,1.931,0.0135606988020983,57.341895,-169.623945,H-20,61,63,NA,4.7,1.6,229,44,15,2,4,ALL,EBS_SINGLE,140350,24-196,1,90.52,0,NA,0.3901,0.0694,0,2,EBS,0.17790310176877724,17.790310176877725,5.621037463976945
-23645,EBS,2024,162,202401,146,3,0,2024-07-12,0.518,2.822,15.767000000000001,N,2.216,0.0129725129511879,57.351735,-170.842945,H-22,81,83,NA,6.9,3.1,274,44,15,2,4,ALL,EBS_SINGLE,140350,24-75,1,86.08,15.64,NA,0.2967,0.0754,0,2,EBS,0.25412874957869896,25.412874957869896,3.93501326259947
-23645,EBS,2024,162,202401,146,3,0,2024-07-12,0.518,2.822,15.767000000000001,N,2.216,0.0129725129511879,57.351735,-170.842945,H-22,81,83,NA,6.9,3.1,274,44,15,2,4,ALL,EBS_SINGLE,140350,24-76,1,85.31,13.89,NA,0.3166,0.0841,0,2,EBS,0.26563487049905243,26.563487049905245,3.7645659928656365
-23645,EBS,2024,162,202401,146,3,0,2024-07-12,0.518,2.822,15.767000000000001,N,2.216,0.0129725129511879,57.351735,-170.842945,H-22,81,83,NA,6.9,3.1,274,44,15,2,4,ALL,EBS_SINGLE,140350,24-77,1,84.54,15.8,NA,0.2948,0.0897,0,2,EBS,0.30427408412483037,30.427408412483036,3.286510590858417
-23645,EBS,2024,162,202401,146,3,0,2024-07-12,0.518,2.822,15.767000000000001,N,2.216,0.0129725129511879,57.351735,-170.842945,H-22,81,83,NA,6.9,3.1,274,44,15,2,4,ALL,EBS_SINGLE,140350,24-78,1,92.95,17.03,NA,0.3236,0.0874,0,2,EBS,0.2700865265760198,27.008652657601978,3.7025171624713957
-23523,EBS,2024,162,202401,121,3,0,2024-07-03,0.524,2.932,15.325000000000001,Y,1.8800000000000001,0.013100337520215,57.669165,-169.015615,I-19,67,69,NA,5.3,2.1,229,44,15,2,4,ALL,EBS_SINGLE,140350,24-50,1,77.55,13.28,NA,0.2934,0.086,0,2,EBS,0.2931152010906612,29.31152010906612,3.4116279069767446
-23523,EBS,2024,162,202401,121,3,0,2024-07-03,0.524,2.932,15.325000000000001,Y,1.8800000000000001,0.013100337520215,57.669165,-169.015615,I-19,67,69,NA,5.3,2.1,229,44,15,2,4,ALL,EBS_SINGLE,140350,24-51,1,76.86,13.35,NA,0.3206,0.1031,0,2,EBS,0.3215845290081098,32.15845290081098,3.1096023278370515
-23523,EBS,2024,162,202401,121,3,0,2024-07-03,0.524,2.932,15.325000000000001,Y,1.8800000000000001,0.013100337520215,57.669165,-169.015615,I-19,67,69,NA,5.3,2.1,229,44,15,2,4,ALL,EBS_SINGLE,140350,24-52,2,63.97,0,NA,0.2974,0.0955,0,2,EBS,0.3211163416274378,32.111634162743776,3.11413612565445
-23523,EBS,2024,162,202401,121,3,0,2024-07-03,0.524,2.932,15.325000000000001,Y,1.8800000000000001,0.013100337520215,57.669165,-169.015615,I-19,67,69,NA,5.3,2.1,229,44,15,2,4,ALL,EBS_SINGLE,140350,24-53,2,63.42,0,NA,0.3465,0.1353,0,2,EBS,0.39047619047619053,39.04761904761905,2.560975609756097
-23523,EBS,2024,162,202401,121,3,0,2024-07-03,0.524,2.932,15.325000000000001,Y,1.8800000000000001,0.013100337520215,57.669165,-169.015615,I-19,67,69,NA,5.3,2.1,229,44,15,2,4,ALL,EBS_SINGLE,140350,24-54,2,66.52,0,NA,0.3243,0.1169,0,2,EBS,0.36046870181930313,36.046870181930316,2.7741659538066723
-23523,EBS,2024,162,202401,121,3,0,2024-07-03,0.524,2.932,15.325000000000001,Y,1.8800000000000001,0.013100337520215,57.669165,-169.015615,I-19,67,69,NA,5.3,2.1,229,44,15,2,4,ALL,EBS_SINGLE,140350,24-55,2,66.76,0,NA,0.3048,0.1074,0,2,EBS,0.35236220472440943,35.23622047244094,2.837988826815643
-23523,EBS,2024,162,202401,121,3,0,2024-07-03,0.524,2.932,15.325000000000001,Y,1.8800000000000001,0.013100337520215,57.669165,-169.015615,I-19,67,69,NA,5.3,2.1,229,44,15,2,4,ALL,EBS_SINGLE,140350,24-56,2,65.19,0,NA,0.3306,0.0968,0,2,EBS,0.2928009679370841,29.28009679370841,3.4152892561983474
-23520,EBS,2024,134,202401,115,3,0,2024-07-03,0.536,2.992,15.483,Y,1.9460000000000002,0.0135062485900056,57.66549,-170.2594,I-21,71,73,NA,4.9,1.2,274,44,15,1,4,ALL,EBS_SINGLE,140350,24-188,2,58.58,0,NA,0.3083,0.0995,0,2,EBS,0.3227375932533247,32.27375932533247,3.0984924623115577
-23520,EBS,2024,134,202401,115,3,0,2024-07-03,0.536,2.992,15.483,Y,1.9460000000000002,0.0135062485900056,57.66549,-170.2594,I-21,71,73,NA,4.9,1.2,274,44,15,1,4,ALL,EBS_SINGLE,140350,24-189,2,63.25,0,NA,0.2986,0.1054,0,2,EBS,0.35298057602143335,35.29805760214334,2.8330170777988615
-23520,EBS,2024,134,202401,115,3,0,2024-07-03,0.536,2.992,15.483,Y,1.9460000000000002,0.0135062485900056,57.66549,-170.2594,I-21,71,73,NA,4.9,1.2,274,44,15,1,4,ALL,EBS_SINGLE,140350,24-190,2,51.25,0,NA,0.3136,0.1135,0,2,EBS,0.3619260204081633,36.19260204081633,2.762995594713656
-23520,EBS,2024,134,202401,115,3,0,2024-07-03,0.536,2.992,15.483,Y,1.9460000000000002,0.0135062485900056,57.66549,-170.2594,I-21,71,73,NA,4.9,1.2,274,44,15,1,4,ALL,EBS_SINGLE,140350,24-191,2,57.2,0,NA,0.2932,0.1067,0,2,EBS,0.3639154160982265,36.391541609822646,2.7478912839737584
-23520,EBS,2024,134,202401,115,3,0,2024-07-03,0.536,2.992,15.483,Y,1.9460000000000002,0.0135062485900056,57.66549,-170.2594,I-21,71,73,NA,4.9,1.2,274,44,15,1,4,ALL,EBS_SINGLE,140350,24-192,2,60.33,0,NA,0.3024,0.0964,0,2,EBS,0.3187830687830688,31.878306878306876,3.136929460580913
-23520,EBS,2024,134,202401,115,3,0,2024-07-03,0.536,2.992,15.483,Y,1.9460000000000002,0.0135062485900056,57.66549,-170.2594,I-21,71,73,NA,4.9,1.2,274,44,15,1,4,ALL,EBS_SINGLE,140350,24-193,1,84.4,0,NA,0.3118,0.0877,0,2,EBS,0.2812700449005773,28.12700449005773,3.555302166476625
-23520,EBS,2024,134,202401,115,3,0,2024-07-03,0.536,2.992,15.483,Y,1.9460000000000002,0.0135062485900056,57.66549,-170.2594,I-21,71,73,NA,4.9,1.2,274,44,15,1,4,ALL,EBS_SINGLE,140350,24-194,1,78.01,0,NA,0.3305,0.0936,0,2,EBS,0.2832072617246596,28.32072617246596,3.530982905982906
-23520,EBS,2024,134,202401,115,3,0,2024-07-03,0.536,2.992,15.483,Y,1.9460000000000002,0.0135062485900056,57.66549,-170.2594,I-21,71,73,NA,4.9,1.2,274,44,15,1,4,ALL,EBS_SINGLE,140350,24-195,1,84.4,0,NA,0.3127,0.0888,0,2,EBS,0.2839782539174928,28.397825391749283,3.521396396396396
-23646,EBS,2024,162,202401,147,3,0,2024-07-12,0.518,2.782,15.604000000000001,Y,1.937,0.0126564265529988,57.672345,-170.8698,I-22,83,85,NA,6.7,2.2,274,44,15,3,4,ALL,EBS_SINGLE,140350,24-79,1,89.45,16.08,NA,0.3005,0.0822,0,2,EBS,0.2735440931780366,27.354409317803658,3.655717761557178
-23646,EBS,2024,162,202401,147,3,0,2024-07-12,0.518,2.782,15.604000000000001,Y,1.937,0.0126564265529988,57.672345,-170.8698,I-22,83,85,NA,6.7,2.2,274,44,15,3,4,ALL,EBS_SINGLE,140350,24-80,1,89.62,15.48,NA,0.3113,0.0832,0,2,EBS,0.26726630260199163,26.726630260199162,3.7415865384615388
-23506,EBS,2024,162,202401,120,3,0,2024-07-02,0.524,2.955,14.967,Y,1.838,0.0128946714138248,57.994769999999995,-168.42431,J-18,68,70,NA,4.8,3.2,229,44,15,2,4,ALL,EBS_SINGLE,140350,24-72,1,85.8,14.1,NA,0.3038,0.0878,0,2,EBS,0.2890059249506254,28.90059249506254,3.4601366742596813
-23505,EBS,2024,162,202401,119,3,0,2024-07-02,0.522,2.8000000000000003,14.181000000000001,Y,1.901,0.01157665055778,58.00461,-169.06061499999998,J-19,68,70,NA,5.2,2.7,229,44,15,2,4,ALL,EBS_SINGLE,140350,24-63,1,87.32,16.51,NA,0.312,0.0909,0,2,EBS,0.2913461538461538,29.13461538461538,3.4323432343234326
-23505,EBS,2024,162,202401,119,3,0,2024-07-02,0.522,2.8000000000000003,14.181000000000001,Y,1.901,0.01157665055778,58.00461,-169.06061499999998,J-19,68,70,NA,5.2,2.7,229,44,15,2,4,ALL,EBS_SINGLE,140350,24-64,1,97.26,16.84,NA,0.3012,0.1044,0,2,EBS,0.34661354581673304,34.6613545816733,2.8850574712643677
-23505,EBS,2024,162,202401,119,3,0,2024-07-02,0.522,2.8000000000000003,14.181000000000001,Y,1.901,0.01157665055778,58.00461,-169.06061499999998,J-19,68,70,NA,5.2,2.7,229,44,15,2,4,ALL,EBS_SINGLE,140350,24-65,2,61.7,0,NA,0.3264,0.1073,0,2,EBS,0.3287377450980392,32.87377450980392,3.0419384902143523
-23505,EBS,2024,162,202401,119,3,0,2024-07-02,0.522,2.8000000000000003,14.181000000000001,Y,1.901,0.01157665055778,58.00461,-169.06061499999998,J-19,68,70,NA,5.2,2.7,229,44,15,2,4,ALL,EBS_SINGLE,140350,24-66,2,64.83,0,NA,0.3166,0.1007,0,2,EBS,0.3180669614655717,31.80669614655717,3.143992055610725
-23505,EBS,2024,162,202401,119,3,0,2024-07-02,0.522,2.8000000000000003,14.181000000000001,Y,1.901,0.01157665055778,58.00461,-169.06061499999998,J-19,68,70,NA,5.2,2.7,229,44,15,2,4,ALL,EBS_SINGLE,140350,24-67,2,60.88,0,NA,0.3215,0.11,0,2,EBS,0.3421461897356143,34.21461897356143,2.922727272727273
-23509,EBS,2024,134,202401,113,3,0,2024-07-02,0.509,2.7960000000000003,15.505,N,2.033,0.012639414998133,58.00022,-169.69412,J-20,68,70,NA,5.3,1.7,229,44,15,1,4,ALL,EBS_SINGLE,140350,24-184,2,47.93,0,NA,0.1557,0.058,0,2,EBS,0.3725112395632627,37.25112395632627,2.6844827586206894
-23509,EBS,2024,134,202401,113,3,0,2024-07-02,0.509,2.7960000000000003,15.505,N,2.033,0.012639414998133,58.00022,-169.69412,J-20,68,70,NA,5.3,1.7,229,44,15,1,4,ALL,EBS_SINGLE,140350,24-185,2,48.03,0,NA,0.3128,0.1102,0,2,EBS,0.3523017902813299,35.230179028132994,2.838475499092559
-23509,EBS,2024,134,202401,113,3,0,2024-07-02,0.509,2.7960000000000003,15.505,N,2.033,0.012639414998133,58.00022,-169.69412,J-20,68,70,NA,5.3,1.7,229,44,15,1,4,ALL,EBS_SINGLE,140350,24-186,2,57.62,0,NA,0.327,0.1183,0,2,EBS,0.3617737003058104,36.17737003058104,2.764158918005072
-23509,EBS,2024,134,202401,113,3,0,2024-07-02,0.509,2.7960000000000003,15.505,N,2.033,0.012639414998133,58.00022,-169.69412,J-20,68,70,NA,5.3,1.7,229,44,15,1,4,ALL,EBS_SINGLE,140350,24-187,1,74.87,0,NA,0.318,0.0923,0,2,EBS,0.290251572327044,29.0251572327044,3.4452871072589386
-23508,EBS,2024,134,202401,112,3,0,2024-07-02,0.529,2.8880000000000003,15.929,N,1.7950000000000002,0.0134123147654892,58.00055,-170.32673,J-21,72,74,NA,4.9,0.6,274,44,15,2,4,ALL,EBS_SINGLE,140350,24-182,1,78.82,0,NA,0.2943,0.0852,0,2,EBS,0.28950050968399593,28.950050968399594,3.454225352112676
-23508,EBS,2024,134,202401,112,3,0,2024-07-02,0.529,2.8880000000000003,15.929,N,1.7950000000000002,0.0134123147654892,58.00055,-170.32673,J-21,72,74,NA,4.9,0.6,274,44,15,2,4,ALL,EBS_SINGLE,140350,24-183,1,76.86,0,NA,0.3341,0.0966,0,2,EBS,0.2891349895240946,28.913498952409462,3.458592132505176
-23407,EBS,2024,162,202401,89,3,0,2024-06-23,0.53,2.988,14.766,Y,2.168,0.012863569377106799,58.32416,-167.191935,K-02,50,52,NA,5.6000000000000005,1.6,183,44,15,2,4,ALL,EBS_SINGLE,140350,24-1,1,78.86,10.76,NA,0.2877,0.0484,0,3,EBS,0.16823079596802223,16.823079596802224,5.944214876033058
-23407,EBS,2024,162,202401,89,3,0,2024-06-23,0.53,2.988,14.766,Y,2.168,0.012863569377106799,58.32416,-167.191935,K-02,50,52,NA,5.6000000000000005,1.6,183,44,15,2,4,ALL,EBS_SINGLE,140350,24-2,2,56.77,0,NA,0.3481,0.119,0,3,EBS,0.34185578856650384,34.18557885665038,2.9252100840336137
-23407,EBS,2024,162,202401,89,3,0,2024-06-23,0.53,2.988,14.766,Y,2.168,0.012863569377106799,58.32416,-167.191935,K-02,50,52,NA,5.6000000000000005,1.6,183,44,15,2,4,ALL,EBS_SINGLE,140350,24-3,1,75.02,10.75,NA,0.2983,0.078,0,3,EBS,0.2614817298022125,26.14817298022125,3.8243589743589745
-23407,EBS,2024,162,202401,89,3,0,2024-06-23,0.53,2.988,14.766,Y,2.168,0.012863569377106799,58.32416,-167.191935,K-02,50,52,NA,5.6000000000000005,1.6,183,44,15,2,4,ALL,EBS_SINGLE,140350,24-4,2,53.5,0,NA,0.2991,0.1083,0,3,EBS,0.362086258776329,36.2086258776329,2.7617728531855956
-23407,EBS,2024,162,202401,89,3,0,2024-06-23,0.53,2.988,14.766,Y,2.168,0.012863569377106799,58.32416,-167.191935,K-02,50,52,NA,5.6000000000000005,1.6,183,44,15,2,4,ALL,EBS_SINGLE,140350,24-5,2,56.78,0,NA,0.3069,0.1112,0,3,EBS,0.3623330074942978,36.23330074942978,2.7598920863309355
-23407,EBS,2024,162,202401,89,3,0,2024-06-23,0.53,2.988,14.766,Y,2.168,0.012863569377106799,58.32416,-167.191935,K-02,50,52,NA,5.6000000000000005,1.6,183,44,15,2,4,ALL,EBS_SINGLE,140350,24-6,2,53.99,0,NA,0.323,0.1228,0,3,EBS,0.3801857585139319,38.01857585139319,2.6302931596091206
-23407,EBS,2024,162,202401,89,3,0,2024-06-23,0.53,2.988,14.766,Y,2.168,0.012863569377106799,58.32416,-167.191935,K-02,50,52,NA,5.6000000000000005,1.6,183,44,15,2,4,ALL,EBS_SINGLE,140350,24-7,2,51.67,0,NA,0.3215,0.1109,0,3,EBS,0.344945567651633,34.494556765163296,2.8990081154192966
-23407,EBS,2024,162,202401,89,3,0,2024-06-23,0.53,2.988,14.766,Y,2.168,0.012863569377106799,58.32416,-167.191935,K-02,50,52,NA,5.6000000000000005,1.6,183,44,15,2,4,ALL,EBS_SINGLE,140350,24-8,1,75.97,11.4,NA,0.3522,0.06,0,3,EBS,0.17035775127768313,17.035775127768314,5.87
-23435,EBS,2024,162,202401,100,3,0,2024-06-26,0.532,2.955,15.765,N,1.8270000000000002,0.013582180452926302,58.333059999999996,-168.41752,K-18,63,65,NA,4,1.7,229,44,15,1,4,ALL,EBS_SINGLE,140350,24-9,2,59.82,0,NA,0.3111,0.0753,0,3,EBS,0.24204435872709743,24.20443587270974,4.131474103585657
-23435,EBS,2024,162,202401,100,3,0,2024-06-26,0.532,2.955,15.765,N,1.8270000000000002,0.013582180452926302,58.333059999999996,-168.41752,K-18,63,65,NA,4,1.7,229,44,15,1,4,ALL,EBS_SINGLE,140350,24-10,2,52.69,0,NA,0.3212,0.1141,0,3,EBS,0.35523038605230384,35.52303860523038,2.8150744960560914
-23435,EBS,2024,162,202401,100,3,0,2024-06-26,0.532,2.955,15.765,N,1.8270000000000002,0.013582180452926302,58.333059999999996,-168.41752,K-18,63,65,NA,4,1.7,229,44,15,1,4,ALL,EBS_SINGLE,140350,24-11,2,62.48,0,NA,0.3147,0.1008,0,3,EBS,0.3203050524308866,32.030505243088655,3.1220238095238093
-23435,EBS,2024,162,202401,100,3,0,2024-06-26,0.532,2.955,15.765,N,1.8270000000000002,0.013582180452926302,58.333059999999996,-168.41752,K-18,63,65,NA,4,1.7,229,44,15,1,4,ALL,EBS_SINGLE,140350,24-12,2,50.28,0,NA,0.3025,0.0946,0,3,EBS,0.31272727272727274,31.272727272727273,3.197674418604651
-23435,EBS,2024,162,202401,100,3,0,2024-06-26,0.532,2.955,15.765,N,1.8270000000000002,0.013582180452926302,58.333059999999996,-168.41752,K-18,63,65,NA,4,1.7,229,44,15,1,4,ALL,EBS_SINGLE,140350,24-13,2,48.76,0,NA,0.3173,0.10780000000000001,0,3,EBS,0.33974156949259376,33.974156949259374,2.943413729128015
-23504,EBS,2024,162,202401,118,3,0,2024-07-02,0.525,2.821,14.685,Y,2.0340000000000003,0.0120780013251397,58.327949999999994,-169.100975,K-19,65,67,NA,5.2,2.6,229,44,15,2,4,ALL,EBS_SINGLE,140350,24-57,1,92.95,14.51,NA,0.3048,0.0971,0,3,EBS,0.3185695538057743,31.85695538057743,3.1390319258496393
-23504,EBS,2024,162,202401,118,3,0,2024-07-02,0.525,2.821,14.685,Y,2.0340000000000003,0.0120780013251397,58.327949999999994,-169.100975,K-19,65,67,NA,5.2,2.6,229,44,15,2,4,ALL,EBS_SINGLE,140350,24-58,1,70.14,12.95,NA,0.3109,0.0592,0,3,EBS,0.19041492441299454,19.041492441299454,5.2516891891891895
-23504,EBS,2024,162,202401,118,3,0,2024-07-02,0.525,2.821,14.685,Y,2.0340000000000003,0.0120780013251397,58.327949999999994,-169.100975,K-19,65,67,NA,5.2,2.6,229,44,15,2,4,ALL,EBS_SINGLE,140350,24-59,1,79.33,14,NA,0.3219,0.0945,0,3,EBS,0.293569431500466,29.3569431500466,3.4063492063492067
-23504,EBS,2024,162,202401,118,3,0,2024-07-02,0.525,2.821,14.685,Y,2.0340000000000003,0.0120780013251397,58.327949999999994,-169.100975,K-19,65,67,NA,5.2,2.6,229,44,15,2,4,ALL,EBS_SINGLE,140350,24-60,1,89.33,16.57,NA,0.317,0.0858,0,3,EBS,0.27066246056782334,27.066246056782333,3.6946386946386944
-23504,EBS,2024,162,202401,118,3,0,2024-07-02,0.525,2.821,14.685,Y,2.0340000000000003,0.0120780013251397,58.327949999999994,-169.100975,K-19,65,67,NA,5.2,2.6,229,44,15,2,4,ALL,EBS_SINGLE,140350,24-61,1,89.4,17.45,NA,0.3317,0.0961,0,3,EBS,0.28971962616822433,28.971962616822434,3.451612903225806
-23503,EBS,2024,162,202401,117,3,0,2024-07-02,0.533,2.9210000000000003,14.675,Y,1.93,0.0124976311462613,58.33258,-169.711775,K-20,68,70,NA,5.4,2,229,44,15,1,4,ALL,EBS_SINGLE,140350,24-62,1,74.46,14.46,NA,0.3152,0.0697,0,3,EBS,0.22112944162436549,22.11294416243655,4.522238163558106
-23507,EBS,2024,134,202401,111,3,0,2024-07-02,0.538,3.019,15.902000000000001,Y,1.724,0.013996933461162299,58.3305,-170.386525,K-21,72,74,NA,4.8,0.6,274,44,15,1,4,ALL,EBS_SINGLE,140350,24-180,1,75.45,0,NA,0.309,0.0975,0,3,EBS,0.3155339805825243,31.55339805825243,3.169230769230769
-23507,EBS,2024,134,202401,111,3,0,2024-07-02,0.538,3.019,15.902000000000001,Y,1.724,0.013996933461162299,58.3305,-170.386525,K-21,72,74,NA,4.8,0.6,274,44,15,1,4,ALL,EBS_SINGLE,140350,24-181,1,71.79,0,NA,0.2848,0.0982,0,3,EBS,0.34480337078651685,34.48033707865169,2.9002036659877803
-23500,EBS,2024,134,202401,108,3,0,2024-07-01,0.528,2.955,13.912,Y,2.68,0.011985746556366,58.665164999999995,-169.16751499999998,L-19,59,62,NA,4.2,1.9000000000000001,229,44,15,2,4,ALL,EBS_SINGLE,140350,24-173,2,52.77,0,NA,0.3452,0.1265,0,3,EBS,0.36645422943221323,36.64542294322132,2.7288537549407117
-23500,EBS,2024,134,202401,108,3,0,2024-07-01,0.528,2.955,13.912,Y,2.68,0.011985746556366,58.665164999999995,-169.16751499999998,L-19,59,62,NA,4.2,1.9000000000000001,229,44,15,2,4,ALL,EBS_SINGLE,140350,24-174,2,51.38,0,NA,0.2884,0.1012,0,3,EBS,0.3509015256588072,35.09015256588072,2.849802371541502
-23500,EBS,2024,134,202401,108,3,0,2024-07-01,0.528,2.955,13.912,Y,2.68,0.011985746556366,58.665164999999995,-169.16751499999998,L-19,59,62,NA,4.2,1.9000000000000001,229,44,15,2,4,ALL,EBS_SINGLE,140350,24-175,2,46.32,0,NA,0.3031,0.106,0,3,EBS,0.34971956450016495,34.97195645001649,2.8594339622641507
-23500,EBS,2024,134,202401,108,3,0,2024-07-01,0.528,2.955,13.912,Y,2.68,0.011985746556366,58.665164999999995,-169.16751499999998,L-19,59,62,NA,4.2,1.9000000000000001,229,44,15,2,4,ALL,EBS_SINGLE,140350,24-176,2,49.61,0,NA,0.2986,0.0839,0,3,EBS,0.28097789685197594,28.097789685197593,3.5589988081048864
-23500,EBS,2024,134,202401,108,3,0,2024-07-01,0.528,2.955,13.912,Y,2.68,0.011985746556366,58.665164999999995,-169.16751499999998,L-19,59,62,NA,4.2,1.9000000000000001,229,44,15,2,4,ALL,EBS_SINGLE,140350,24-177,2,48.18,0,NA,0.2947,0.1035,0,3,EBS,0.3512046148625721,35.12046148625721,2.8473429951690825
-23501,EBS,2024,134,202401,109,3,0,2024-07-01,0.527,2.956,15.456000000000001,Y,1.953,0.0133204707953856,58.670384999999996,-169.82556499999998,L-20,65,67,NA,3.7,1.6,229,44,15,1,4,ALL,EBS_SINGLE,140350,24-178,2,50.89,0,NA,0.3499,0.1125,0,3,EBS,0.3215204344098314,32.15204344098314,3.1102222222222222
-23502,EBS,2024,134,202401,110,3,0,2024-07-01,0.525,2.899,15.363000000000001,Y,1.8110000000000002,0.012985009802429,58.66899,-170.45195999999999,L-21,72,74,NA,4.5,0.4,274,44,15,1,4,ALL,EBS_SINGLE,140350,24-179,1,78.37,0,NA,0.2945,0.0844,0,3,EBS,0.28658743633276745,28.658743633276746,3.489336492890995
-23499,EBS,2024,134,202401,107,3,0,2024-07-01,0.516,2.8760000000000003,15.125,Y,2.201,0.012682424948325,59.012004999999995,-169.17383999999998,M-19,52,54,NA,3.6,2.6,183,44,15,2,4,ALL,EBS_SINGLE,140350,24-172,2,47.18,0,NA,0.3818,0.0885,0,3,EBS,0.2317967522262965,23.17967522262965,4.31412429378531
-23487,EBS,2024,162,202401,115,3,0,2024-07-01,0.528,2.882,15.186,Y,1.73,0.0127601390768742,58.999655,-170.47922499999999,M-21,69,71,NA,4.5,0,229,44,15,1,4,ALL,EBS_SINGLE,140350,24-45,1,86.2,16.75,NA,0.3887,0.1116,0,3,EBS,0.2871108824286082,28.71108824286082,3.482974910394265
-23487,EBS,2024,162,202401,115,3,0,2024-07-01,0.528,2.882,15.186,Y,1.73,0.0127601390768742,58.999655,-170.47922499999999,M-21,69,71,NA,4.5,0,229,44,15,1,4,ALL,EBS_SINGLE,140350,24-46,1,79.83,15.84,NA,0.3138,0.0889,0,3,EBS,0.2833014659018483,28.330146590184828,3.529808773903262
-23487,EBS,2024,162,202401,115,3,0,2024-07-01,0.528,2.882,15.186,Y,1.73,0.0127601390768742,58.999655,-170.47922499999999,M-21,69,71,NA,4.5,0,229,44,15,1,4,ALL,EBS_SINGLE,140350,24-47,1,84.13,16.29,NA,0.3035,0.0907,0,3,EBS,0.29884678747940696,29.884678747940697,3.34619625137817
-23487,EBS,2024,162,202401,115,3,0,2024-07-01,0.528,2.882,15.186,Y,1.73,0.0127601390768742,58.999655,-170.47922499999999,M-21,69,71,NA,4.5,0,229,44,15,1,4,ALL,EBS_SINGLE,140350,24-48,1,72.46,13.75,NA,0.3045,0.1002,0,3,EBS,0.32906403940886697,32.9064039408867,3.038922155688623
-23487,EBS,2024,162,202401,115,3,0,2024-07-01,0.528,2.882,15.186,Y,1.73,0.0127601390768742,58.999655,-170.47922499999999,M-21,69,71,NA,4.5,0,229,44,15,1,4,ALL,EBS_SINGLE,140350,24-49,1,91.85,16.86,NA,0.3069,0.074,0,3,EBS,0.2411208862821766,24.11208862821766,4.147297297297298
-23474,EBS,2024,134,202401,106,3,0,2024-06-30,0.527,2.883,15.63,N,1.7750000000000001,0.0131377700548215,59.337725,-169.88018,N-20,59,61,NA,3.8000000000000003,0.6,229,44,15,2,4,ALL,EBS_SINGLE,140350,24-169,2,47.86,0,NA,0.3231,0.0937,0,3,EBS,0.2900030950170226,29.000309501702258,3.4482390608324436
-23474,EBS,2024,134,202401,106,3,0,2024-06-30,0.527,2.883,15.63,N,1.7750000000000001,0.0131377700548215,59.337725,-169.88018,N-20,59,61,NA,3.8000000000000003,0.6,229,44,15,2,4,ALL,EBS_SINGLE,140350,24-170,2,46.22,0,NA,0.2937,0.0828,0,3,EBS,0.2819203268641471,28.19203268641471,3.5471014492753628
-23474,EBS,2024,134,202401,106,3,0,2024-06-30,0.527,2.883,15.63,N,1.7750000000000001,0.0131377700548215,59.337725,-169.88018,N-20,59,61,NA,3.8000000000000003,0.6,229,44,15,2,4,ALL,EBS_SINGLE,140350,24-171,2,46.47,0,NA,0.4205,0.1098,0,3,EBS,0.2611177170035672,26.111771700356716,3.8296903460837886
-23486,EBS,2024,162,202401,114,3,0,2024-07-01,0.539,2.9370000000000003,14.468,Y,1.865,0.0123888353897286,59.329159999999995,-170.54091,N-21,66,68,NA,3.7,-0.3,229,44,15,1,4,ALL,EBS_SINGLE,140350,24-43,1,73.73,12.65,NA,0.284,0.0781,0,3,EBS,0.275,27.500000000000004,3.636363636363636
-23486,EBS,2024,162,202401,114,3,0,2024-07-01,0.539,2.9370000000000003,14.468,Y,1.865,0.0123888353897286,59.329159999999995,-170.54091,N-21,66,68,NA,3.7,-0.3,229,44,15,1,4,ALL,EBS_SINGLE,140350,24-44,1,71.49,12.8,NA,0.3097,0.0882,0,3,EBS,0.28479173393606716,28.479173393606715,3.5113378684807253
-23481,EBS,2024,162,202401,112,3,0,2024-06-30,0.549,3.0780000000000003,15.195,Y,1.6960000000000002,0.0136360114057035,59.67604,-169.916035,O-20,55,57,NA,3,0.3,229,44,15,1,4,ALL,EBS_SINGLE,140350,24-36,2,51.64,0,NA,0.2987,0.0723,0,3,EBS,0.24204887847338466,24.204887847338465,4.131396957123099
-23481,EBS,2024,162,202401,112,3,0,2024-06-30,0.549,3.0780000000000003,15.195,Y,1.6960000000000002,0.0136360114057035,59.67604,-169.916035,O-20,55,57,NA,3,0.3,229,44,15,1,4,ALL,EBS_SINGLE,140350,24-37,2,49.23,0,NA,0.3153,0.0779,0,3,EBS,0.24706628607675227,24.706628607675228,4.047496790757382
-23481,EBS,2024,162,202401,112,3,0,2024-06-30,0.549,3.0780000000000003,15.195,Y,1.6960000000000002,0.0136360114057035,59.67604,-169.916035,O-20,55,57,NA,3,0.3,229,44,15,1,4,ALL,EBS_SINGLE,140350,24-38,2,48.38,0,NA,0.3038,0.0965,0,3,EBS,0.3176431863067808,31.76431863067808,3.1481865284974093
-23485,EBS,2024,162,202401,113,3,0,2024-07-01,0.538,2.982,15.121,Y,1.748,0.013146380208353702,59.664825,-170.57866,O-21,65,67,NA,3.6,-0.6,229,44,15,1,4,ALL,EBS_SINGLE,140350,24-39,1,80.45,13.41,NA,0.2973,0.0855,0,3,EBS,0.2875882946518668,28.75882946518668,3.47719298245614
-23485,EBS,2024,162,202401,113,3,0,2024-07-01,0.538,2.982,15.121,Y,1.748,0.013146380208353702,59.664825,-170.57866,O-21,65,67,NA,3.6,-0.6,229,44,15,1,4,ALL,EBS_SINGLE,140350,24-40,2,55.39,0,NA,0.3073,0.0863,0,3,EBS,0.28083306215424664,28.083306215424663,3.5608342989571264
-23485,EBS,2024,162,202401,113,3,0,2024-07-01,0.538,2.982,15.121,Y,1.748,0.013146380208353702,59.664825,-170.57866,O-21,65,67,NA,3.6,-0.6,229,44,15,1,4,ALL,EBS_SINGLE,140350,24-41,2,56.6,0,NA,0.286,0.0968,0,3,EBS,0.3384615384615385,33.84615384615385,2.9545454545454546
-23485,EBS,2024,162,202401,113,3,0,2024-07-01,0.538,2.982,15.121,Y,1.748,0.013146380208353702,59.664825,-170.57866,O-21,65,67,NA,3.6,-0.6,229,44,15,1,4,ALL,EBS_SINGLE,140350,24-42,2,56.13,0,NA,0.3162,0.0951,0,3,EBS,0.30075901328273247,30.075901328273247,3.3249211356466875
-23480,EBS,2024,162,202401,111,3,0,2024-06-30,0.522,2.9210000000000003,14.881,Y,1.705,0.0126730663773433,60.003114999999994,-169.97253999999998,P-20,53,55,NA,3.1,1.4000000000000001,183,44,15,1,4,ALL,EBS_SINGLE,140350,24-19,2,47.51,0,NA,0.3209,0.0851,0,4,EBS,0.2651916484886257,26.51916484886257,3.770857814336076
-23480,EBS,2024,162,202401,111,3,0,2024-06-30,0.522,2.9210000000000003,14.881,Y,1.705,0.0126730663773433,60.003114999999994,-169.97253999999998,P-20,53,55,NA,3.1,1.4000000000000001,183,44,15,1,4,ALL,EBS_SINGLE,140350,24-20,2,48.84,0,NA,0.2966,0.0735,0,4,EBS,0.24780849629130142,24.78084962913014,4.035374149659864
-23480,EBS,2024,162,202401,111,3,0,2024-06-30,0.522,2.9210000000000003,14.881,Y,1.705,0.0126730663773433,60.003114999999994,-169.97253999999998,P-20,53,55,NA,3.1,1.4000000000000001,183,44,15,1,4,ALL,EBS_SINGLE,140350,24-21,2,47.88,0,NA,0.3094,0.088,0,4,EBS,0.2844214608920491,28.44214608920491,3.515909090909091
-23480,EBS,2024,162,202401,111,3,0,2024-06-30,0.522,2.9210000000000003,14.881,Y,1.705,0.0126730663773433,60.003114999999994,-169.97253999999998,P-20,53,55,NA,3.1,1.4000000000000001,183,44,15,1,4,ALL,EBS_SINGLE,140350,24-22,2,45.1,0,NA,0.3078,0.0931,0,4,EBS,0.30246913580246915,30.246913580246915,3.306122448979592
-23480,EBS,2024,162,202401,111,3,0,2024-06-30,0.522,2.9210000000000003,14.881,Y,1.705,0.0126730663773433,60.003114999999994,-169.97253999999998,P-20,53,55,NA,3.1,1.4000000000000001,183,44,15,1,4,ALL,EBS_SINGLE,140350,24-23,2,46.58,0,NA,0.3127,0.0948,0,4,EBS,0.3031659737767829,30.31659737767829,3.298523206751055
-23479,EBS,2024,162,202401,110,3,0,2024-06-30,0.538,3.0180000000000002,15.038,Y,1.7830000000000001,0.0132320566588914,59.997985,-170.61746,P-21,62,64,NA,3.3000000000000003,-0.6,229,44,15,1,4,ALL,EBS_SINGLE,140350,24-31,2,58.75,0,NA,0.3037,0.0875,0,4,EBS,0.28811326967402034,28.811326967402035,3.4708571428571435
-23479,EBS,2024,162,202401,110,3,0,2024-06-30,0.538,3.0180000000000002,15.038,Y,1.7830000000000001,0.0132320566588914,59.997985,-170.61746,P-21,62,64,NA,3.3000000000000003,-0.6,229,44,15,1,4,ALL,EBS_SINGLE,140350,24-32,2,55.98,0,NA,0.3138,0.1092,0,4,EBS,0.3479923518164436,34.79923518164436,2.8736263736263736
-23479,EBS,2024,162,202401,110,3,0,2024-06-30,0.538,3.0180000000000002,15.038,Y,1.7830000000000001,0.0132320566588914,59.997985,-170.61746,P-21,62,64,NA,3.3000000000000003,-0.6,229,44,15,1,4,ALL,EBS_SINGLE,140350,24-33,2,50.35,0,NA,0.3043,0.0762,0,4,EBS,0.25041077883667434,25.041077883667434,3.993438320209974
-23479,EBS,2024,162,202401,110,3,0,2024-06-30,0.538,3.0180000000000002,15.038,Y,1.7830000000000001,0.0132320566588914,59.997985,-170.61746,P-21,62,64,NA,3.3000000000000003,-0.6,229,44,15,1,4,ALL,EBS_SINGLE,140350,24-34,2,50.32,0,NA,0.3036,0.0805,0,4,EBS,0.2651515151515152,26.51515151515152,3.771428571428571
-23479,EBS,2024,162,202401,110,3,0,2024-06-30,0.538,3.0180000000000002,15.038,Y,1.7830000000000001,0.0132320566588914,59.997985,-170.61746,P-21,62,64,NA,3.3000000000000003,-0.6,229,44,15,1,4,ALL,EBS_SINGLE,140350,24-35,2,49.29,0,NA,0.3038,0.0789,0,4,EBS,0.2597103357472021,25.97103357472021,3.8504435994930293
-23699,EBS,2024,162,202401,156,3,0,2024-07-15,0.513,2.814,15.968,Y,2.168,0.0131006442343392,59.992689999999996,-171.27507,P-22,67,69,NA,5.5,-1,229,44,15,1,4,ALL,EBS_SINGLE,140350,24-84,1,72.67,13.26,NA,0.2905,0.0755,0,4,EBS,0.25989672977624784,25.989672977624785,3.847682119205298
-23706,EBS,2024,162,202401,155,3,0,2024-07-14,0.511,2.825,16.72,Y,2.319,0.013771230933899998,59.977455,-171.93012,P-23,65,67,NA,5.4,-0.7000000000000001,229,44,15,1,4,ALL,EBS_SINGLE,140350,24-81,1,76.13,16.12,NA,0.2991,0.0594,1,4,EBS,0.19859578736208627,19.859578736208626,5.035353535353535
-23706,EBS,2024,162,202401,155,3,0,2024-07-14,0.511,2.825,16.72,Y,2.319,0.013771230933899998,59.977455,-171.93012,P-23,65,67,NA,5.4,-0.7000000000000001,229,44,15,1,4,ALL,EBS_SINGLE,140350,24-82,1,76.94,17.45,NA,0.292,0.0518,1,4,EBS,0.17739726027397262,17.73972602739726,5.6370656370656365
-23706,EBS,2024,162,202401,155,3,0,2024-07-14,0.511,2.825,16.72,Y,2.319,0.013771230933899998,59.977455,-171.93012,P-23,65,67,NA,5.4,-0.7000000000000001,229,44,15,1,4,ALL,EBS_SINGLE,140350,24-83,1,74.13,16.81,NA,0.2911,0.0678,1,4,EBS,0.23290965304019234,23.290965304019235,4.293510324483776
-23700,EBS,2024,134,202401,150,3,0,2024-07-15,0.503,2.7880000000000003,16.592000000000002,Y,1.828,0.0134868194747616,59.990854999999996,-172.594695,P-24,65,67,NA,5,-0.1,229,44,15,1,4,ALL,EBS_SINGLE,140350,24-210,1,79.38,0,NA,0.3129,0.0665,0,4,EBS,0.21252796420581657,21.252796420581657,4.705263157894737
-23698,EBS,2024,134,202401,149,3,0,2024-07-15,0.35500000000000004,2.0100000000000002,16.695,Y,1.5710000000000002,0.0097836411882825,60.007985,-173.28578499999998,P-25,73,75,NA,5.7,0.4,274,44,15,1,4,ALL,EBS_SINGLE,140350,24-207,1,78.88,0,NA,0.3124,0.081,0,4,EBS,0.2592829705505762,25.92829705505762,3.8567901234567903
-23698,EBS,2024,134,202401,149,3,0,2024-07-15,0.35500000000000004,2.0100000000000002,16.695,Y,1.5710000000000002,0.0097836411882825,60.007985,-173.28578499999998,P-25,73,75,NA,5.7,0.4,274,44,15,1,4,ALL,EBS_SINGLE,140350,24-208,1,70.8,0,NA,0.3177,0.0857,0,4,EBS,0.2697513377400063,26.975133774000632,3.707117852975496
-23698,EBS,2024,134,202401,149,3,0,2024-07-15,0.35500000000000004,2.0100000000000002,16.695,Y,1.5710000000000002,0.0097836411882825,60.007985,-173.28578499999998,P-25,73,75,NA,5.7,0.4,274,44,15,1,4,ALL,EBS_SINGLE,140350,24-209,1,70.82,0,NA,0.2936,0.0726,0,4,EBS,0.24727520435967298,24.7275204359673,4.044077134986226
-23462,EBS,2024,162,202401,108,3,0,2024-06-29,0.532,2.91,15.457,Y,1.881,0.013114031781064501,60.33168,-169.99822,Q-20,50,52,NA,2.7,-0.4,183,44,15,1,4,ALL,EBS_SINGLE,140350,24-14,2,48.95,0,NA,0.3032,0.0732,0,4,EBS,0.24142480211081793,24.142480211081793,4.142076502732241
-23462,EBS,2024,162,202401,108,3,0,2024-06-29,0.532,2.91,15.457,Y,1.881,0.013114031781064501,60.33168,-169.99822,Q-20,50,52,NA,2.7,-0.4,183,44,15,1,4,ALL,EBS_SINGLE,140350,24-15,2,46.32,0,NA,0.3094,0.0714,0,4,EBS,0.23076923076923078,23.076923076923077,4.333333333333333
-23462,EBS,2024,162,202401,108,3,0,2024-06-29,0.532,2.91,15.457,Y,1.881,0.013114031781064501,60.33168,-169.99822,Q-20,50,52,NA,2.7,-0.4,183,44,15,1,4,ALL,EBS_SINGLE,140350,24-16,2,46.9,0,NA,0.3193,0.0867,0,4,EBS,0.27153147510178516,27.153147510178517,3.6828143021914643
-23462,EBS,2024,162,202401,108,3,0,2024-06-29,0.532,2.91,15.457,Y,1.881,0.013114031781064501,60.33168,-169.99822,Q-20,50,52,NA,2.7,-0.4,183,44,15,1,4,ALL,EBS_SINGLE,140350,24-17,2,46.07,0,NA,0.3045,0.0669,0,4,EBS,0.21970443349753696,21.970443349753698,4.551569506726457
-23462,EBS,2024,162,202401,108,3,0,2024-06-29,0.532,2.91,15.457,Y,1.881,0.013114031781064501,60.33168,-169.99822,Q-20,50,52,NA,2.7,-0.4,183,44,15,1,4,ALL,EBS_SINGLE,140350,24-18,2,45.73,0,NA,0.3215,0.0788,0,4,EBS,0.2451010886469673,24.51010886469673,4.07994923857868
-23478,EBS,2024,162,202401,109,3,0,2024-06-30,0.547,3.124,15.313,Y,1.552,0.013947274345270199,60.337779999999995,-170.67693500000001,Q-21,60,62,NA,3.1,-1,229,44,15,1,4,ALL,EBS_SINGLE,140350,24-24,1,73.57,13.58,NA,0.3056,0.0885,0,4,EBS,0.28959424083769636,28.959424083769637,3.4531073446327682
-23478,EBS,2024,162,202401,109,3,0,2024-06-30,0.547,3.124,15.313,Y,1.552,0.013947274345270199,60.337779999999995,-170.67693500000001,Q-21,60,62,NA,3.1,-1,229,44,15,1,4,ALL,EBS_SINGLE,140350,24-25,1,70.08,11.74,NA,0.3002,0.0908,0,4,EBS,0.30246502331778813,30.246502331778814,3.306167400881057
-23478,EBS,2024,162,202401,109,3,0,2024-06-30,0.547,3.124,15.313,Y,1.552,0.013947274345270199,60.337779999999995,-170.67693500000001,Q-21,60,62,NA,3.1,-1,229,44,15,1,4,ALL,EBS_SINGLE,140350,24-26,2,54.81,0,NA,0.3235,0.0805,0,4,EBS,0.24884080370942813,24.88408037094281,4.0186335403726705
-23478,EBS,2024,162,202401,109,3,0,2024-06-30,0.547,3.124,15.313,Y,1.552,0.013947274345270199,60.337779999999995,-170.67693500000001,Q-21,60,62,NA,3.1,-1,229,44,15,1,4,ALL,EBS_SINGLE,140350,24-27,2,51.38,0,NA,0.3264,0.0903,0,4,EBS,0.2766544117647059,27.66544117647059,3.6146179401993357
-23478,EBS,2024,162,202401,109,3,0,2024-06-30,0.547,3.124,15.313,Y,1.552,0.013947274345270199,60.337779999999995,-170.67693500000001,Q-21,60,62,NA,3.1,-1,229,44,15,1,4,ALL,EBS_SINGLE,140350,24-28,2,54.61,0,NA,0.2917,0.0842,0,4,EBS,0.28865272540281106,28.865272540281104,3.46437054631829
-23478,EBS,2024,162,202401,109,3,0,2024-06-30,0.547,3.124,15.313,Y,1.552,0.013947274345270199,60.337779999999995,-170.67693500000001,Q-21,60,62,NA,3.1,-1,229,44,15,1,4,ALL,EBS_SINGLE,140350,24-29,2,48.9,0,NA,0.3423,0.097,0,4,EBS,0.2833771545427987,28.33771545427987,3.528865979381443
-23478,EBS,2024,162,202401,109,3,0,2024-06-30,0.547,3.124,15.313,Y,1.552,0.013947274345270199,60.337779999999995,-170.67693500000001,Q-21,60,62,NA,3.1,-1,229,44,15,1,4,ALL,EBS_SINGLE,140350,24-30,2,54.61,0,NA,0.3314,0.0911,0,4,EBS,0.27489438744719374,27.489438744719376,3.6377607025246976
-23701,EBS,2024,162,202401,157,3,5,2024-07-15,0.218,1.1820000000000002,17.218,Y,1.955,0.0059335993159145995,60.32224,-171.3606,Q-22,64,66,NA,5.5,-1,229,44,15,1,4,ALL,EBS_SINGLE,140350,24-85,1,71.75,13.35,NA,0.3115,0.0749,0,4,EBS,0.24044943820224718,24.044943820224717,4.158878504672898
-23701,EBS,2024,162,202401,157,3,5,2024-07-15,0.218,1.1820000000000002,17.218,Y,1.955,0.0059335993159145995,60.32224,-171.3606,Q-22,64,66,NA,5.5,-1,229,44,15,1,4,ALL,EBS_SINGLE,140350,24-86,1,79.44,15.21,NA,0.2874,0.0623,0,4,EBS,0.21677105080027836,21.677105080027836,4.613162118780096
-23702,EBS,2024,134,202401,151,3,0,2024-07-15,0.523,2.939,13.683,Y,2.34,0.0117246246703789,60.329685,-172.06366,Q-23,57,59,NA,6.1000000000000005,-0.4,229,44,15,2,4,ALL,EBS_SINGLE,140350,24-211,1,74.29,0,NA,0.3322,0.0797,0,4,EBS,0.2399157134256472,23.99157134256472,4.168130489335007
-23702,EBS,2024,134,202401,151,3,0,2024-07-15,0.523,2.939,13.683,Y,2.34,0.0117246246703789,60.329685,-172.06366,Q-23,57,59,NA,6.1000000000000005,-0.4,229,44,15,2,4,ALL,EBS_SINGLE,140350,24-212,1,73.55,0,NA,0.3063,0.0807,0,4,EBS,0.26346718903036237,26.346718903036237,3.7955390334572496
-23696,EBS,2024,134,202401,148,3,0,2024-07-15,0.224,1.234,15.569,N,1.901,0.0056013655269891004,60.294684999999994,-173.37399,Q-25,61,63,NA,3.8000000000000003,0.6,229,44,15,1,4,ALL,EBS_SINGLE,140350,24-197,2,49.53,0,NA,0.3168,0.1002,0,4,EBS,0.31628787878787873,31.628787878787872,3.1616766467065873
-23696,EBS,2024,134,202401,148,3,0,2024-07-15,0.224,1.234,15.569,N,1.901,0.0056013655269891004,60.294684999999994,-173.37399,Q-25,61,63,NA,3.8000000000000003,0.6,229,44,15,1,4,ALL,EBS_SINGLE,140350,24-198,2,53.68,0,NA,0.3359,0.0982,0,4,EBS,0.2923489133670735,29.234891336707353,3.420570264765784
-23696,EBS,2024,134,202401,148,3,0,2024-07-15,0.224,1.234,15.569,N,1.901,0.0056013655269891004,60.294684999999994,-173.37399,Q-25,61,63,NA,3.8000000000000003,0.6,229,44,15,1,4,ALL,EBS_SINGLE,140350,24-199,2,44.14,0,NA,0.3023,0.0856,0,4,EBS,0.2831624214356599,28.31624214356599,3.5315420560747666
-23696,EBS,2024,134,202401,148,3,0,2024-07-15,0.224,1.234,15.569,N,1.901,0.0056013655269891004,60.294684999999994,-173.37399,Q-25,61,63,NA,3.8000000000000003,0.6,229,44,15,1,4,ALL,EBS_SINGLE,140350,24-200,2,48.24,0,NA,0.3015,0.0997,0,4,EBS,0.3306799336650083,33.06799336650083,3.02407221664995
-23696,EBS,2024,134,202401,148,3,0,2024-07-15,0.224,1.234,15.569,N,1.901,0.0056013655269891004,60.294684999999994,-173.37399,Q-25,61,63,NA,3.8000000000000003,0.6,229,44,15,1,4,ALL,EBS_SINGLE,140350,24-201,2,45.95,0,NA,0.2972,0.0903,0,4,EBS,0.303835800807537,30.383580080753703,3.29125138427464
-23703,EBS,2024,162,202401,159,3,6,2024-07-15,0.522,2.878,17.633,Y,2.079,0.0147956835147429,60.677409999999995,-171.412055,R-22,61,63,NA,5.8,-1.2,229,44,15,1,4,ALL,EBS_SINGLE,140350,24-87,1,69.79,12.28,NA,0.3141,0.0905,0,4,EBS,0.28812480101878385,28.812480101878386,3.4707182320441987
-23703,EBS,2024,162,202401,159,3,6,2024-07-15,0.522,2.878,17.633,Y,2.079,0.0147956835147429,60.677409999999995,-171.412055,R-22,61,63,NA,5.8,-1.2,229,44,15,1,4,ALL,EBS_SINGLE,140350,24-88,1,69.9,12.07,NA,0.3042,0.0725,0,4,EBS,0.23833004602235366,23.833004602235366,4.195862068965518
-23717,EBS,2024,134,202401,152,3,0,2024-07-16,0.522,2.954,15.612,N,1.8130000000000002,0.0134458130791908,60.663309999999996,-172.09062999999998,R-23,60,62,NA,6.2,-1.3,229,44,15,1,4,ALL,EBS_SINGLE,140350,24-213,1,70.85,0,NA,0.3154,0.0777,0,4,EBS,0.24635383639822447,24.635383639822447,4.059202059202059
-23717,EBS,2024,134,202401,152,3,0,2024-07-16,0.522,2.954,15.612,N,1.8130000000000002,0.0134458130791908,60.663309999999996,-172.09062999999998,R-23,60,62,NA,6.2,-1.3,229,44,15,1,4,ALL,EBS_SINGLE,140350,24-214,1,73.57,0,NA,0.3223,0.0825,0,4,EBS,0.2559726962457338,25.597269624573382,3.9066666666666663
-23717,EBS,2024,134,202401,152,3,0,2024-07-16,0.522,2.954,15.612,N,1.8130000000000002,0.0134458130791908,60.663309999999996,-172.09062999999998,R-23,60,62,NA,6.2,-1.3,229,44,15,1,4,ALL,EBS_SINGLE,140350,24-215,1,70.18,0,NA,0.3068,0.0956,0,4,EBS,0.3116036505867014,31.16036505867014,3.209205020920502
-23717,EBS,2024,134,202401,152,3,0,2024-07-16,0.522,2.954,15.612,N,1.8130000000000002,0.0134458130791908,60.663309999999996,-172.09062999999998,R-23,60,62,NA,6.2,-1.3,229,44,15,1,4,ALL,EBS_SINGLE,140350,24-216,1,71.28,0,NA,0.2963,0.0976,0,4,EBS,0.3293958825514681,32.93958825514681,3.035860655737705
-23717,EBS,2024,134,202401,152,3,0,2024-07-16,0.522,2.954,15.612,N,1.8130000000000002,0.0134458130791908,60.663309999999996,-172.09062999999998,R-23,60,62,NA,6.2,-1.3,229,44,15,1,4,ALL,EBS_SINGLE,140350,24-217,1,72.29,0,NA,0.3163,0.0925,0,4,EBS,0.2924438823901359,29.244388239013592,3.4194594594594596
-23758,EBS,2024,162,202401,178,3,0,2024-07-20,0.522,2.86,16.251,Y,1.5770000000000002,0.013550775783831,60.659285,-174.831185,R-27,96,98,NA,6.9,1.4000000000000001,320,44,15,1,4,ALL,EBS_SINGLE,140350,24-107,2,61.16,0,NA,0.2947,0.0976,0,4,EBS,0.33118425517475397,33.118425517475394,3.019467213114754
-23758,EBS,2024,162,202401,178,3,0,2024-07-20,0.522,2.86,16.251,Y,1.5770000000000002,0.013550775783831,60.659285,-174.831185,R-27,96,98,NA,6.9,1.4000000000000001,320,44,15,1,4,ALL,EBS_SINGLE,140350,24-108,2,61.48,0,NA,0.3026,0.1023,0,4,EBS,0.338070059484468,33.8070059484468,2.957966764418377
-23757,EBS,2024,162,202401,177,3,0,2024-07-20,0.544,3.035,16.639,Y,1.556,0.0147232590386228,60.65698,-175.50288999999998,R-28,107,109,NA,6.6000000000000005,1.4000000000000001,366,44,15,1,4,ALL,EBS_SINGLE,140350,24-97,1,89.47,17.58,NA,0.2986,0.0938,0,5,EBS,0.3141326188881447,31.41326188881447,3.183368869936034
-23757,EBS,2024,162,202401,177,3,0,2024-07-20,0.544,3.035,16.639,Y,1.556,0.0147232590386228,60.65698,-175.50288999999998,R-28,107,109,NA,6.6000000000000005,1.4000000000000001,366,44,15,1,4,ALL,EBS_SINGLE,140350,24-98,1,82.42,15.38,NA,0.2841,0.0988,0,5,EBS,0.3477648715241112,34.776487152411114,2.875506072874494
-23757,EBS,2024,162,202401,177,3,0,2024-07-20,0.544,3.035,16.639,Y,1.556,0.0147232590386228,60.65698,-175.50288999999998,R-28,107,109,NA,6.6000000000000005,1.4000000000000001,366,44,15,1,4,ALL,EBS_SINGLE,140350,24-99,1,90.19,17.32,NA,0.2937,0.0936,0,5,EBS,0.31869254341164455,31.869254341164456,3.1378205128205128
-23757,EBS,2024,162,202401,177,3,0,2024-07-20,0.544,3.035,16.639,Y,1.556,0.0147232590386228,60.65698,-175.50288999999998,R-28,107,109,NA,6.6000000000000005,1.4000000000000001,366,44,15,1,4,ALL,EBS_SINGLE,140350,24-100,1,77.61,14.45,NA,0.3067,0.1037,0,5,EBS,0.3381154222367134,33.811542223671346,2.9575699132111857
-23757,EBS,2024,162,202401,177,3,0,2024-07-20,0.544,3.035,16.639,Y,1.556,0.0147232590386228,60.65698,-175.50288999999998,R-28,107,109,NA,6.6000000000000005,1.4000000000000001,366,44,15,1,4,ALL,EBS_SINGLE,140350,24-101,1,81.2,15.46,NA,0.2877,0.0937,0,5,EBS,0.3256864789711505,32.56864789711505,3.070437566702241
-23757,EBS,2024,162,202401,177,3,0,2024-07-20,0.544,3.035,16.639,Y,1.556,0.0147232590386228,60.65698,-175.50288999999998,R-28,107,109,NA,6.6000000000000005,1.4000000000000001,366,44,15,1,4,ALL,EBS_SINGLE,140350,24-102,2,63.22,0,NA,0.299,0.1048,0,5,EBS,0.3505016722408027,35.05016722408027,2.8530534351145036
-23757,EBS,2024,162,202401,177,3,0,2024-07-20,0.544,3.035,16.639,Y,1.556,0.0147232590386228,60.65698,-175.50288999999998,R-28,107,109,NA,6.6000000000000005,1.4000000000000001,366,44,15,1,4,ALL,EBS_SINGLE,140350,24-103,2,56.81,0,NA,0.2923,0.0996,0,5,EBS,0.34074580910023944,34.07458091002395,2.9347389558232932
-23757,EBS,2024,162,202401,177,3,0,2024-07-20,0.544,3.035,16.639,Y,1.556,0.0147232590386228,60.65698,-175.50288999999998,R-28,107,109,NA,6.6000000000000005,1.4000000000000001,366,44,15,1,4,ALL,EBS_SINGLE,140350,24-104,2,60.38,0,NA,0.2858,0.1148,0,5,EBS,0.40167949615115467,40.16794961511547,2.489547038327526
-23757,EBS,2024,162,202401,177,3,0,2024-07-20,0.544,3.035,16.639,Y,1.556,0.0147232590386228,60.65698,-175.50288999999998,R-28,107,109,NA,6.6000000000000005,1.4000000000000001,366,44,15,1,4,ALL,EBS_SINGLE,140350,24-105,2,64.82,0,NA,0.303,0.1091,0,5,EBS,0.36006600660066007,36.006600660066006,2.777268560953254
-23757,EBS,2024,162,202401,177,3,0,2024-07-20,0.544,3.035,16.639,Y,1.556,0.0147232590386228,60.65698,-175.50288999999998,R-28,107,109,NA,6.6000000000000005,1.4000000000000001,366,44,15,1,4,ALL,EBS_SINGLE,140350,24-106,2,63.01,0,NA,0.2879,0.1003,0,5,EBS,0.34838485585272666,34.838485585272664,2.8703888334995016
-23756,EBS,2024,134,202401,168,3,0,2024-07-20,0.521,2.9210000000000003,16.498,Y,2.224,0.014050147778604302,60.66905,-176.227565,R-29,116,118,NA,7.2,1.3,366,44,15,1,4,ALL,EBS_SINGLE,140350,24-245,2,66.13,0,NA,0.3297,0.1287,0,5,EBS,0.39035486806187447,39.03548680618745,2.5617715617715615
-23756,EBS,2024,134,202401,168,3,0,2024-07-20,0.521,2.9210000000000003,16.498,Y,2.224,0.014050147778604302,60.66905,-176.227565,R-29,116,118,NA,7.2,1.3,366,44,15,1,4,ALL,EBS_SINGLE,140350,24-246,2,63.06,0,NA,0.3242,0.1282,0,5,EBS,0.3954349167180753,39.54349167180753,2.5288611544461777
-23714,EBS,2024,162,202401,162,3,6,2024-07-16,0.513,2.805,18.080000000000002,Y,1.8450000000000002,0.01478595321324,60.999129999999994,-172.81499,S-24,64,66,NA,5.5,-0.1,229,44,15,1,4,ALL,EBS_SINGLE,140350,24-89,1,70.05,11.68,NA,0.3212,0.1067,0,4,EBS,0.33219178082191786,33.21917808219179,3.0103092783505154
-23714,EBS,2024,162,202401,162,3,6,2024-07-16,0.513,2.805,18.080000000000002,Y,1.8450000000000002,0.01478595321324,60.999129999999994,-172.81499,S-24,64,66,NA,5.5,-0.1,229,44,15,1,4,ALL,EBS_SINGLE,140350,24-90,1,70.32,12.69,NA,0.3058,0.0934,0,4,EBS,0.3054283845650752,30.54283845650752,3.2740899357601716
-23741,EBS,2024,162,202401,176,3,0,2024-07-19,0.519,2.827,15.858,Y,1.5830000000000002,0.0130705016996961,61.001259999999995,-175.551875,S-28,101,103,NA,6.7,1.3,320,44,15,1,4,ALL,EBS_SINGLE,140350,24-91,1,76.09,14.38,NA,0.3012,0.1208,0,5,EBS,0.40106241699867196,40.1062416998672,2.493377483443709
-23741,EBS,2024,162,202401,176,3,0,2024-07-19,0.519,2.827,15.858,Y,1.5830000000000002,0.0130705016996961,61.001259999999995,-175.551875,S-28,101,103,NA,6.7,1.3,320,44,15,1,4,ALL,EBS_SINGLE,140350,24-92,1,76.05,14.24,NA,0.2983,0.0949,0,5,EBS,0.3181361045926919,31.813610459269192,3.143308746048472
-23741,EBS,2024,162,202401,176,3,0,2024-07-19,0.519,2.827,15.858,Y,1.5830000000000002,0.0130705016996961,61.001259999999995,-175.551875,S-28,101,103,NA,6.7,1.3,320,44,15,1,4,ALL,EBS_SINGLE,140350,24-93,1,84.09,16.39,NA,0.3493,0.1225,0,5,EBS,0.35070140280561124,35.07014028056113,2.8514285714285714
-23741,EBS,2024,162,202401,176,3,0,2024-07-19,0.519,2.827,15.858,Y,1.5830000000000002,0.0130705016996961,61.001259999999995,-175.551875,S-28,101,103,NA,6.7,1.3,320,44,15,1,4,ALL,EBS_SINGLE,140350,24-94,1,77.33,13.68,NA,0.2942,0.1073,0,5,EBS,0.3647178789938817,36.47178789938817,2.7418452935694315
-23741,EBS,2024,162,202401,176,3,0,2024-07-19,0.519,2.827,15.858,Y,1.5830000000000002,0.0130705016996961,61.001259999999995,-175.551875,S-28,101,103,NA,6.7,1.3,320,44,15,1,4,ALL,EBS_SINGLE,140350,24-95,1,85.42,17.05,NA,0.285,0.0896,0,5,EBS,0.3143859649122807,31.438596491228072,3.180803571428571
-23741,EBS,2024,162,202401,176,3,0,2024-07-19,0.519,2.827,15.858,Y,1.5830000000000002,0.0130705016996961,61.001259999999995,-175.551875,S-28,101,103,NA,6.7,1.3,320,44,15,1,4,ALL,EBS_SINGLE,140350,24-96,2,59.45,0,NA,0.2975,0.1151,0,5,EBS,0.386890756302521,38.6890756302521,2.584708948740226
-23750,EBS,2024,134,202401,165,3,0,2024-07-19,0.519,2.908,16.693,Y,2.149,0.014152945408067401,60.997025,-177.638415,S-31,133,135,NA,7.1000000000000005,0.9,411,44,15,1,4,ALL,EBS_SINGLE,140350,24-238,1,84.66,0,NA,0.3067,0.1053,0,5,EBS,0.34333224649494626,34.333224649494625,2.912630579297246
-23750,EBS,2024,134,202401,165,3,0,2024-07-19,0.519,2.908,16.693,Y,2.149,0.014152945408067401,60.997025,-177.638415,S-31,133,135,NA,7.1000000000000005,0.9,411,44,15,1,4,ALL,EBS_SINGLE,140350,24-239,1,89.66,0,NA,0.3152,0.1165,0,5,EBS,0.3696065989847716,36.96065989847716,2.7055793991416306
-23750,EBS,2024,134,202401,165,3,0,2024-07-19,0.519,2.908,16.693,Y,2.149,0.014152945408067401,60.997025,-177.638415,S-31,133,135,NA,7.1000000000000005,0.9,411,44,15,1,4,ALL,EBS_SINGLE,140350,24-240,1,90.14,0,NA,0.337,0.1118,0,5,EBS,0.33175074183976255,33.17507418397626,3.0143112701252237
-23750,EBS,2024,134,202401,165,3,0,2024-07-19,0.519,2.908,16.693,Y,2.149,0.014152945408067401,60.997025,-177.638415,S-31,133,135,NA,7.1000000000000005,0.9,411,44,15,1,4,ALL,EBS_SINGLE,140350,24-241,1,93.02,0,NA,0.3349,0.0838,0,5,EBS,0.2502239474469991,25.02239474469991,3.9964200477326965
-23750,EBS,2024,134,202401,165,3,0,2024-07-19,0.519,2.908,16.693,Y,2.149,0.014152945408067401,60.997025,-177.638415,S-31,133,135,NA,7.1000000000000005,0.9,411,44,15,1,4,ALL,EBS_SINGLE,140350,24-242,1,84.52,0,NA,0.3267,0.1058,0,5,EBS,0.3238445056626875,32.384450566268754,3.087901701323251
-23750,EBS,2024,134,202401,165,3,0,2024-07-19,0.519,2.908,16.693,Y,2.149,0.014152945408067401,60.997025,-177.638415,S-31,133,135,NA,7.1000000000000005,0.9,411,44,15,1,4,ALL,EBS_SINGLE,140350,24-243,2,60.59,0,NA,0.3225,0.0868,0,5,EBS,0.2691472868217054,26.91472868217054,3.7154377880184333
-23750,EBS,2024,134,202401,165,3,0,2024-07-19,0.519,2.908,16.693,Y,2.149,0.014152945408067401,60.997025,-177.638415,S-31,133,135,NA,7.1000000000000005,0.9,411,44,15,1,4,ALL,EBS_SINGLE,140350,24-244,2,63.56,0,NA,0.334,0.0926,0,5,EBS,0.2772455089820359,27.724550898203592,3.6069114470842334
-23748,EBS,2024,134,202401,163,3,0,2024-07-19,0.519,2.916,16.066000000000003,Y,2.2070000000000003,0.0136588242891276,61.332685,-176.321675,T-29,105,107,NA,6,1,366,44,15,1,4,ALL,EBS_SINGLE,140350,24-228,1,73.76,0,NA,0.2983,0.0989,0,5,EBS,0.3315454240697285,33.15454240697285,3.0161779575328613
-23748,EBS,2024,134,202401,163,3,0,2024-07-19,0.519,2.916,16.066000000000003,Y,2.2070000000000003,0.0136588242891276,61.332685,-176.321675,T-29,105,107,NA,6,1,366,44,15,1,4,ALL,EBS_SINGLE,140350,24-229,1,78,0,NA,0.3037,0.1067,0,5,EBS,0.35133355284820544,35.133355284820546,2.846298031865042
-23748,EBS,2024,134,202401,163,3,0,2024-07-19,0.519,2.916,16.066000000000003,Y,2.2070000000000003,0.0136588242891276,61.332685,-176.321675,T-29,105,107,NA,6,1,366,44,15,1,4,ALL,EBS_SINGLE,140350,24-230,1,75.23,0,NA,0.3282,0.1351,0,5,EBS,0.41163924436319316,41.16392443631931,2.4293116210214656
-23748,EBS,2024,134,202401,163,3,0,2024-07-19,0.519,2.916,16.066000000000003,Y,2.2070000000000003,0.0136588242891276,61.332685,-176.321675,T-29,105,107,NA,6,1,366,44,15,1,4,ALL,EBS_SINGLE,140350,24-231,1,74.42,0,NA,0.3059,0.1211,0,5,EBS,0.39588100686498856,39.588100686498855,2.5260115606936417
-23748,EBS,2024,134,202401,163,3,0,2024-07-19,0.519,2.916,16.066000000000003,Y,2.2070000000000003,0.0136588242891276,61.332685,-176.321675,T-29,105,107,NA,6,1,366,44,15,1,4,ALL,EBS_SINGLE,140350,24-232,1,81.07,0,NA,0.3261,0.1121,0,5,EBS,0.34375958295001535,34.37595829500154,2.909009812667261
-23748,EBS,2024,134,202401,163,3,0,2024-07-19,0.519,2.916,16.066000000000003,Y,2.2070000000000003,0.0136588242891276,61.332685,-176.321675,T-29,105,107,NA,6,1,366,44,15,1,4,ALL,EBS_SINGLE,140350,24-233,2,62.23,0,NA,0.3312,0.1184,0,5,EBS,0.35748792270531404,35.7487922705314,2.797297297297297
-23748,EBS,2024,134,202401,163,3,0,2024-07-19,0.519,2.916,16.066000000000003,Y,2.2070000000000003,0.0136588242891276,61.332685,-176.321675,T-29,105,107,NA,6,1,366,44,15,1,4,ALL,EBS_SINGLE,140350,24-234,2,62.41,0,NA,0.3105,0.0899,0,5,EBS,0.2895330112721417,28.95330112721417,3.4538375973303674
-23748,EBS,2024,134,202401,163,3,0,2024-07-19,0.519,2.916,16.066000000000003,Y,2.2070000000000003,0.0136588242891276,61.332685,-176.321675,T-29,105,107,NA,6,1,366,44,15,1,4,ALL,EBS_SINGLE,140350,24-235,2,61.78,0,NA,0.3507,0.1217,0,5,EBS,0.347020245223838,34.7020245223838,2.8816762530813476
-23748,EBS,2024,134,202401,163,3,0,2024-07-19,0.519,2.916,16.066000000000003,Y,2.2070000000000003,0.0136588242891276,61.332685,-176.321675,T-29,105,107,NA,6,1,366,44,15,1,4,ALL,EBS_SINGLE,140350,24-236,2,64.3,0,NA,0.3052,0.1147,0,5,EBS,0.3758191349934469,37.58191349934469,2.660854402789887
-23748,EBS,2024,134,202401,163,3,0,2024-07-19,0.519,2.916,16.066000000000003,Y,2.2070000000000003,0.0136588242891276,61.332685,-176.321675,T-29,105,107,NA,6,1,366,44,15,1,4,ALL,EBS_SINGLE,140350,24-237,2,58.39,0,NA,0.3033,0.1243,0,5,EBS,0.40982525552258486,40.98252555225849,2.4400643604183427
-23749,EBS,2024,134,202401,164,3,0,2024-07-19,0.519,2.924,16.2,Y,2.2230000000000003,0.01381053232548,61.3372,-176.96549,T-30,113,115,NA,6.4,1.3,366,44,15,1,4,ALL,EBS_SINGLE,140350,24-218,1,72.12,0,NA,0.2974,0.1086,0,5,EBS,0.36516476126429054,36.516476126429055,2.738489871086556
-23749,EBS,2024,134,202401,164,3,0,2024-07-19,0.519,2.924,16.2,Y,2.2230000000000003,0.01381053232548,61.3372,-176.96549,T-30,113,115,NA,6.4,1.3,366,44,15,1,4,ALL,EBS_SINGLE,140350,24-219,1,75.2,0,NA,0.2982,0.0744,0,5,EBS,0.24949698189134806,24.949698189134807,4.008064516129033
-23749,EBS,2024,134,202401,164,3,0,2024-07-19,0.519,2.924,16.2,Y,2.2230000000000003,0.01381053232548,61.3372,-176.96549,T-30,113,115,NA,6.4,1.3,366,44,15,1,4,ALL,EBS_SINGLE,140350,24-220,1,80.49,0,NA,0.3081,0.0982,0,5,EBS,0.3187276858162934,31.87276858162934,3.1374745417515273
-23749,EBS,2024,134,202401,164,3,0,2024-07-19,0.519,2.924,16.2,Y,2.2230000000000003,0.01381053232548,61.3372,-176.96549,T-30,113,115,NA,6.4,1.3,366,44,15,1,4,ALL,EBS_SINGLE,140350,24-221,1,73.04,0,NA,0.3117,0.1232,0,5,EBS,0.39525184472248964,39.52518447224897,2.5300324675324672
-23749,EBS,2024,134,202401,164,3,0,2024-07-19,0.519,2.924,16.2,Y,2.2230000000000003,0.01381053232548,61.3372,-176.96549,T-30,113,115,NA,6.4,1.3,366,44,15,1,4,ALL,EBS_SINGLE,140350,24-222,1,78.07,0,NA,0.2968,0.089,0,5,EBS,0.2998652291105121,29.98652291105121,3.3348314606741574
-23749,EBS,2024,134,202401,164,3,0,2024-07-19,0.519,2.924,16.2,Y,2.2230000000000003,0.01381053232548,61.3372,-176.96549,T-30,113,115,NA,6.4,1.3,366,44,15,1,4,ALL,EBS_SINGLE,140350,24-223,2,55.4,0,NA,0.3086,0.1089,0,5,EBS,0.3528839922229423,35.28839922229423,2.8337924701561064
-23749,EBS,2024,134,202401,164,3,0,2024-07-19,0.519,2.924,16.2,Y,2.2230000000000003,0.01381053232548,61.3372,-176.96549,T-30,113,115,NA,6.4,1.3,366,44,15,1,4,ALL,EBS_SINGLE,140350,24-224,2,59.55,0,NA,0.3082,0.105,0,5,EBS,0.34068786502271253,34.06878650227125,2.935238095238095
-23749,EBS,2024,134,202401,164,3,0,2024-07-19,0.519,2.924,16.2,Y,2.2230000000000003,0.01381053232548,61.3372,-176.96549,T-30,113,115,NA,6.4,1.3,366,44,15,1,4,ALL,EBS_SINGLE,140350,24-225,2,56.54,0,NA,0.3124,0.113,0,5,EBS,0.3617157490396927,36.17157490396927,2.7646017699115046
-23749,EBS,2024,134,202401,164,3,0,2024-07-19,0.519,2.924,16.2,Y,2.2230000000000003,0.01381053232548,61.3372,-176.96549,T-30,113,115,NA,6.4,1.3,366,44,15,1,4,ALL,EBS_SINGLE,140350,24-226,2,54.9,0,NA,0.2991,0.0923,0,5,EBS,0.30859244399866265,30.859244399866263,3.2405200433369448
-23749,EBS,2024,134,202401,164,3,0,2024-07-19,0.519,2.924,16.2,Y,2.2230000000000003,0.01381053232548,61.3372,-176.96549,T-30,113,115,NA,6.4,1.3,366,44,15,1,4,ALL,EBS_SINGLE,140350,24-227,2,57.8,0,NA,0.3077,0.1128,0,5,EBS,0.3665908352291193,36.65908352291193,2.727836879432624
-24462,EBS,2025,134,202501,108,3,0,2025-07-01,0.514,2.7760000000000002,16.223000000000003,Y,2.1310000000000002,0.013130119111810801,56.66442,-168.91171,F-19,98,100,NA,7,3.4,320,44,15,1,4,ALL,EBS_SINGLE,140350,25-333,1,82.73,14.73,NA,0.3257,0.1111,0,2,EBS,0.34111145225667794,34.11114522566779,2.9315931593159315
-24462,EBS,2025,134,202501,108,3,0,2025-07-01,0.514,2.7760000000000002,16.223000000000003,Y,2.1310000000000002,0.013130119111810801,56.66442,-168.91171,F-19,98,100,NA,7,3.4,320,44,15,1,4,ALL,EBS_SINGLE,140350,25-334,1,77.91,13.66,NA,0.3046,0.1063,0,2,EBS,0.3489822718319107,34.898227183191075,2.8654750705550325
-24462,EBS,2025,134,202501,108,3,0,2025-07-01,0.514,2.7760000000000002,16.223000000000003,Y,2.1310000000000002,0.013130119111810801,56.66442,-168.91171,F-19,98,100,NA,7,3.4,320,44,15,1,4,ALL,EBS_SINGLE,140350,25-335,1,71.7,10.85,NA,0.3071,0.1147,0,2,EBS,0.37349397590361444,37.34939759036144,2.6774193548387095
-24465,EBS,2025,134,202501,107,3,0,2025-07-01,0.514,2.81,16.176000000000002,Y,2.255,0.013252429240776001,56.999494999999996,-168.95956,G-19,77,79,NA,6.2,3.4,274,44,15,2,4,ALL,EBS_SINGLE,140350,25-328,1,88.28,15.71,NA,0.35,0.097,0,2,EBS,0.2771428571428572,27.71428571428572,3.608247422680412
-24465,EBS,2025,134,202501,107,3,0,2025-07-01,0.514,2.81,16.176000000000002,Y,2.255,0.013252429240776001,56.999494999999996,-168.95956,G-19,77,79,NA,6.2,3.4,274,44,15,2,4,ALL,EBS_SINGLE,140350,25-329,1,81.7,13.73,NA,0.3305,0.0945,0,2,EBS,0.28593040847201207,28.593040847201205,3.4973544973544977
-24465,EBS,2025,134,202501,107,3,0,2025-07-01,0.514,2.81,16.176000000000002,Y,2.255,0.013252429240776001,56.999494999999996,-168.95956,G-19,77,79,NA,6.2,3.4,274,44,15,2,4,ALL,EBS_SINGLE,140350,25-330,1,79.23,13.77,NA,0.3221,0.1138,0,2,EBS,0.35330642657559763,35.330642657559764,2.830404217926186
-24465,EBS,2025,134,202501,107,3,0,2025-07-01,0.514,2.81,16.176000000000002,Y,2.255,0.013252429240776001,56.999494999999996,-168.95956,G-19,77,79,NA,6.2,3.4,274,44,15,2,4,ALL,EBS_SINGLE,140350,25-331,1,81.22,13.71,NA,0.3205,0.0839,0,2,EBS,0.26177847113884556,26.177847113884557,3.8200238379022644
-24465,EBS,2025,134,202501,107,3,0,2025-07-01,0.514,2.81,16.176000000000002,Y,2.255,0.013252429240776001,56.999494999999996,-168.95956,G-19,77,79,NA,6.2,3.4,274,44,15,2,4,ALL,EBS_SINGLE,140350,25-332,1,75.37,13.25,NA,0.323,0.1136,0,2,EBS,0.35170278637770896,35.1702786377709,2.8433098591549295
-24439,EBS,2025,134,202501,106,3,0,2025-06-30,0.517,2.81,16.17,Y,2.3440000000000003,0.013247513651295001,57.333765,-168.97811000000002,H-19,67,69,NA,6,3.4,229,44,15,2,4,ALL,EBS_SINGLE,140350,25-325,1,101.2,16.75,NA,0.3248,0.1076,0,2,EBS,0.3312807881773399,33.12807881773399,3.0185873605947955
-24439,EBS,2025,134,202501,106,3,0,2025-06-30,0.517,2.81,16.17,Y,2.3440000000000003,0.013247513651295001,57.333765,-168.97811000000002,H-19,67,69,NA,6,3.4,229,44,15,2,4,ALL,EBS_SINGLE,140350,25-326,1,73.1,12.38,NA,0.3279,0.1057,0,2,EBS,0.32235437633424824,32.23543763342482,3.102175969725639
-24439,EBS,2025,134,202501,106,3,0,2025-06-30,0.517,2.81,16.17,Y,2.3440000000000003,0.013247513651295001,57.333765,-168.97811000000002,H-19,67,69,NA,6,3.4,229,44,15,2,4,ALL,EBS_SINGLE,140350,25-327,1,79.37,14,NA,0.369,0.1232,0,2,EBS,0.33387533875338754,33.387533875338754,2.99512987012987
-24453,EBS,2025,134,202501,105,3,6.21,2025-06-30,0.521,2.822,15.582,Y,2.206,0.0128203016937534,57.672700000000006,-169.04216,I-19,67,69,NA,6.2,3.3000000000000003,229,44,15,2,4,ALL,EBS_SINGLE,140350,25-306,1,87.11,16.14,NA,0.2978,0.0943,0,2,EBS,0.3166554734721289,31.66554734721289,3.1580063626723227
-24453,EBS,2025,134,202501,105,3,6.21,2025-06-30,0.521,2.822,15.582,Y,2.206,0.0128203016937534,57.672700000000006,-169.04216,I-19,67,69,NA,6.2,3.3000000000000003,229,44,15,2,4,ALL,EBS_SINGLE,140350,25-307,1,109.06,19.3,NA,0.392,0.1236,0,2,EBS,0.3153061224489796,31.53061224489796,3.1715210355987056
-24453,EBS,2025,134,202501,105,3,6.21,2025-06-30,0.521,2.822,15.582,Y,2.206,0.0128203016937534,57.672700000000006,-169.04216,I-19,67,69,NA,6.2,3.3000000000000003,229,44,15,2,4,ALL,EBS_SINGLE,140350,25-308,1,90.02,14.26,NA,0.3558,0.1092,0,2,EBS,0.3069139966273187,30.69139966273187,3.258241758241758
-24453,EBS,2025,134,202501,105,3,6.21,2025-06-30,0.521,2.822,15.582,Y,2.206,0.0128203016937534,57.672700000000006,-169.04216,I-19,67,69,NA,6.2,3.3000000000000003,229,44,15,2,4,ALL,EBS_SINGLE,140350,25-309,1,89.66,15.52,NA,0.3166,0.108,0,2,EBS,0.34112444725205304,34.11244472520531,2.9314814814814816
-24453,EBS,2025,134,202501,105,3,6.21,2025-06-30,0.521,2.822,15.582,Y,2.206,0.0128203016937534,57.672700000000006,-169.04216,I-19,67,69,NA,6.2,3.3000000000000003,229,44,15,2,4,ALL,EBS_SINGLE,140350,25-310,2,60.59,0,NA,0.3552,0.1192,0,2,EBS,0.3355855855855856,33.55855855855856,2.9798657718120807
-24453,EBS,2025,134,202501,105,3,6.21,2025-06-30,0.521,2.822,15.582,Y,2.206,0.0128203016937534,57.672700000000006,-169.04216,I-19,67,69,NA,6.2,3.3000000000000003,229,44,15,2,4,ALL,EBS_SINGLE,140350,25-311,2,58.76,0,NA,0.3562,0.1321,0,2,EBS,0.37085906793935985,37.08590679393598,2.6964420893262684
-24453,EBS,2025,134,202501,105,3,6.21,2025-06-30,0.521,2.822,15.582,Y,2.206,0.0128203016937534,57.672700000000006,-169.04216,I-19,67,69,NA,6.2,3.3000000000000003,229,44,15,2,4,ALL,EBS_SINGLE,140350,25-312,2,57.22,0,NA,0.3024,0.1125,0,2,EBS,0.37202380952380953,37.202380952380956,2.688
-24453,EBS,2025,134,202501,105,3,6.21,2025-06-30,0.521,2.822,15.582,Y,2.206,0.0128203016937534,57.672700000000006,-169.04216,I-19,67,69,NA,6.2,3.3000000000000003,229,44,15,2,4,ALL,EBS_SINGLE,140350,25-313,2,56.42,0,NA,0.2922,0.0948,0,2,EBS,0.324435318275154,32.4435318275154,3.0822784810126587
-24453,EBS,2025,134,202501,105,3,6.21,2025-06-30,0.521,2.822,15.582,Y,2.206,0.0128203016937534,57.672700000000006,-169.04216,I-19,67,69,NA,6.2,3.3000000000000003,229,44,15,2,4,ALL,EBS_SINGLE,140350,25-314,2,54.17,0,NA,0.3325,0.1257,0,2,EBS,0.3780451127819549,37.80451127819549,2.645186953062848
-24483,EBS,2025,134,202501,114,3,0,2025-07-03,0.513,2.7630000000000003,14.944,Y,2.39,0.0120383171240112,57.657104999999994,-170.25954000000002,I-21,70,72,NA,6.5,0.6,229,44,15,2,4,ALL,EBS_SINGLE,140350,25-336,2,60.79,0,NA,0.3092,0.0904,0,2,EBS,0.2923673997412678,29.23673997412678,3.420353982300885
-24483,EBS,2025,134,202501,114,3,0,2025-07-03,0.513,2.7630000000000003,14.944,Y,2.39,0.0120383171240112,57.657104999999994,-170.25954000000002,I-21,70,72,NA,6.5,0.6,229,44,15,2,4,ALL,EBS_SINGLE,140350,25-337,2,59.3,0,NA,0.3,0.0938,0,2,EBS,0.31266666666666665,31.266666666666666,3.1982942430703627
-24483,EBS,2025,134,202501,114,3,0,2025-07-03,0.513,2.7630000000000003,14.944,Y,2.39,0.0120383171240112,57.657104999999994,-170.25954000000002,I-21,70,72,NA,6.5,0.6,229,44,15,2,4,ALL,EBS_SINGLE,140350,25-338,2,61.21,0,NA,0.3059,0.1019,0,2,EBS,0.33311539718862376,33.31153971886238,3.001962708537782
-24483,EBS,2025,134,202501,114,3,0,2025-07-03,0.513,2.7630000000000003,14.944,Y,2.39,0.0120383171240112,57.657104999999994,-170.25954000000002,I-21,70,72,NA,6.5,0.6,229,44,15,2,4,ALL,EBS_SINGLE,140350,25-339,2,60.2,0,NA,0.3251,0.1113,0,2,EBS,0.34235619809289447,34.235619809289446,2.920934411500449
-24493,EBS,2025,162,202501,111,3,0,2025-07-04,0.53,2.938,16.035,Y,2.028,0.013735320307780501,57.668715,-170.89005,I-22,83,85,NA,7,2.3000000000000003,274,44,15,2,4,ALL,EBS_SINGLE,140350,25-22,2,62.06,0,NA,0.3439,0.1314,0,2,EBS,0.38208781622564697,38.2087816225647,2.617199391171994
-24493,EBS,2025,162,202501,111,3,0,2025-07-04,0.53,2.938,16.035,Y,2.028,0.013735320307780501,57.668715,-170.89005,I-22,83,85,NA,7,2.3000000000000003,274,44,15,2,4,ALL,EBS_SINGLE,140350,25-23,2,63.56,0,NA,0.3211,0.114,0,2,EBS,0.3550295857988166,35.502958579881664,2.8166666666666664
-24493,EBS,2025,162,202501,111,3,0,2025-07-04,0.53,2.938,16.035,Y,2.028,0.013735320307780501,57.668715,-170.89005,I-22,83,85,NA,7,2.3000000000000003,274,44,15,2,4,ALL,EBS_SINGLE,140350,25-24,2,62.56,0,NA,0.3255,0.1294,0,2,EBS,0.397542242703533,39.7542242703533,2.5154559505409586
-24493,EBS,2025,162,202501,111,3,0,2025-07-04,0.53,2.938,16.035,Y,2.028,0.013735320307780501,57.668715,-170.89005,I-22,83,85,NA,7,2.3000000000000003,274,44,15,2,4,ALL,EBS_SINGLE,140350,25-25,2,59.06,0,NA,0.3374,0.126,0,2,EBS,0.37344398340248963,37.344398340248965,2.6777777777777776
-24493,EBS,2025,162,202501,111,3,0,2025-07-04,0.53,2.938,16.035,Y,2.028,0.013735320307780501,57.668715,-170.89005,I-22,83,85,NA,7,2.3000000000000003,274,44,15,2,4,ALL,EBS_SINGLE,140350,25-26,2,63.08,0,NA,0.3198,0.1032,0,2,EBS,0.32270168855534714,32.27016885553471,3.0988372093023253
-24493,EBS,2025,162,202501,111,3,0,2025-07-04,0.53,2.938,16.035,Y,2.028,0.013735320307780501,57.668715,-170.89005,I-22,83,85,NA,7,2.3000000000000003,274,44,15,2,4,ALL,EBS_SINGLE,140350,25-27,2,64.73,0,NA,0.2985,0.1139,0,2,EBS,0.3815745393634841,38.15745393634841,2.62071992976295
-24438,EBS,2025,134,202501,104,3,6.21,2025-06-30,0.519,2.706,16.056,Y,2.307,0.0126672746700456,57.992779999999996,-169.072135,J-19,67,69,NA,5.8,2,229,44,15,2,4,ALL,EBS_SINGLE,140350,25-315,1,87.3,15.63,NA,0.2957,0.0763,0,2,EBS,0.2580317889753128,25.803178897531282,3.875491480996068
-24438,EBS,2025,134,202501,104,3,6.21,2025-06-30,0.519,2.706,16.056,Y,2.307,0.0126672746700456,57.992779999999996,-169.072135,J-19,67,69,NA,5.8,2,229,44,15,2,4,ALL,EBS_SINGLE,140350,25-316,1,79.57,12.95,NA,0.343,0.0948,0,2,EBS,0.27638483965014576,27.638483965014576,3.618143459915612
-24438,EBS,2025,134,202501,104,3,6.21,2025-06-30,0.519,2.706,16.056,Y,2.307,0.0126672746700456,57.992779999999996,-169.072135,J-19,67,69,NA,5.8,2,229,44,15,2,4,ALL,EBS_SINGLE,140350,25-317,1,85,14.43,NA,0.3618,0.1157,0,2,EBS,0.31978993919292426,31.978993919292424,3.1270527225583407
-24438,EBS,2025,134,202501,104,3,6.21,2025-06-30,0.519,2.706,16.056,Y,2.307,0.0126672746700456,57.992779999999996,-169.072135,J-19,67,69,NA,5.8,2,229,44,15,2,4,ALL,EBS_SINGLE,140350,25-318,1,82.61,15.36,NA,0.3312,0.0695,0,2,EBS,0.20984299516908214,20.984299516908216,4.76546762589928
-24438,EBS,2025,134,202501,104,3,6.21,2025-06-30,0.519,2.706,16.056,Y,2.307,0.0126672746700456,57.992779999999996,-169.072135,J-19,67,69,NA,5.8,2,229,44,15,2,4,ALL,EBS_SINGLE,140350,25-319,1,80.71,13.55,NA,0.3114,0.0664,0,2,EBS,0.2132305716120745,21.32305716120745,4.6897590361445785
-24438,EBS,2025,134,202501,104,3,6.21,2025-06-30,0.519,2.706,16.056,Y,2.307,0.0126672746700456,57.992779999999996,-169.072135,J-19,67,69,NA,5.8,2,229,44,15,2,4,ALL,EBS_SINGLE,140350,25-320,2,61.85,0,NA,0.3472,0.1191,0,2,EBS,0.34302995391705066,34.30299539170507,2.9151973131821998
-24438,EBS,2025,134,202501,104,3,6.21,2025-06-30,0.519,2.706,16.056,Y,2.307,0.0126672746700456,57.992779999999996,-169.072135,J-19,67,69,NA,5.8,2,229,44,15,2,4,ALL,EBS_SINGLE,140350,25-321,2,66.2,0,NA,0.3338,0.1015,0,2,EBS,0.3040742959856202,30.407429598562018,3.288669950738916
-24438,EBS,2025,134,202501,104,3,6.21,2025-06-30,0.519,2.706,16.056,Y,2.307,0.0126672746700456,57.992779999999996,-169.072135,J-19,67,69,NA,5.8,2,229,44,15,2,4,ALL,EBS_SINGLE,140350,25-322,2,64.52,0,NA,0.3413,0.1102,0,2,EBS,0.32288309405215354,32.28830940521535,3.0970961887477313
-24438,EBS,2025,134,202501,104,3,6.21,2025-06-30,0.519,2.706,16.056,Y,2.307,0.0126672746700456,57.992779999999996,-169.072135,J-19,67,69,NA,5.8,2,229,44,15,2,4,ALL,EBS_SINGLE,140350,25-323,2,57.94,0,NA,0.3014,0.0967,0,2,EBS,0.32083609820836095,32.083609820836095,3.1168562564632887
-24438,EBS,2025,134,202501,104,3,6.21,2025-06-30,0.519,2.706,16.056,Y,2.307,0.0126672746700456,57.992779999999996,-169.072135,J-19,67,69,NA,5.8,2,229,44,15,2,4,ALL,EBS_SINGLE,140350,25-324,2,58.72,0,NA,0.3405,0.1356,0,2,EBS,0.398237885462555,39.8237885462555,2.511061946902655
-24488,EBS,2025,134,202501,115,3,0,2025-07-04,0.528,2.9370000000000003,15.783000000000001,Y,2.1060000000000003,0.0135148596181978,58.00445,-170.34581500000002,J-21,72,74,NA,6.7,0.9,274,44,15,2,4,ALL,EBS_SINGLE,140350,25-340,2,53.01,0,NA,0.3218,0.108,0,2,EBS,0.33561218147917965,33.56121814791796,2.9796296296296294
-24488,EBS,2025,134,202501,115,3,0,2025-07-04,0.528,2.9370000000000003,15.783000000000001,Y,2.1060000000000003,0.0135148596181978,58.00445,-170.34581500000002,J-21,72,74,NA,6.7,0.9,274,44,15,2,4,ALL,EBS_SINGLE,140350,25-341,2,62.09,0,NA,0.3589,0.1089,0,2,EBS,0.30342713847868485,30.342713847868485,3.2956841138659323
-24488,EBS,2025,134,202501,115,3,0,2025-07-04,0.528,2.9370000000000003,15.783000000000001,Y,2.1060000000000003,0.0135148596181978,58.00445,-170.34581500000002,J-21,72,74,NA,6.7,0.9,274,44,15,2,4,ALL,EBS_SINGLE,140350,25-342,2,57.33,0,NA,0.307,0.0901,0,2,EBS,0.29348534201954396,29.348534201954397,3.4073251942286347
-24488,EBS,2025,134,202501,115,3,0,2025-07-04,0.528,2.9370000000000003,15.783000000000001,Y,2.1060000000000003,0.0135148596181978,58.00445,-170.34581500000002,J-21,72,74,NA,6.7,0.9,274,44,15,2,4,ALL,EBS_SINGLE,140350,25-343,2,57.82,0,NA,0.3013,0.1001,0,2,EBS,0.3322270162628609,33.22270162628609,3.0099900099900103
-24488,EBS,2025,134,202501,115,3,0,2025-07-04,0.528,2.9370000000000003,15.783000000000001,Y,2.1060000000000003,0.0135148596181978,58.00445,-170.34581500000002,J-21,72,74,NA,6.7,0.9,274,44,15,2,4,ALL,EBS_SINGLE,140350,25-344,2,59.22,0,NA,0.6477,0.1958,0,2,EBS,0.30230044773815035,30.230044773815035,3.307967313585291
-24387,EBS,2025,134,202501,92,3,0,2025-06-27,0.511,2.79,15.394,Y,2.063,0.012522000633021,58.318000000000005,-168.46587,K-18,64,66,NA,4.6000000000000005,2.1,229,44,15,2,4,ALL,EBS_SINGLE,140350,25-281,1,92.6,16.54,NA,0.2978,0.0885,0,3,EBS,0.29717931497649425,29.717931497649424,3.3649717514124298
-24387,EBS,2025,134,202501,92,3,0,2025-06-27,0.511,2.79,15.394,Y,2.063,0.012522000633021,58.318000000000005,-168.46587,K-18,64,66,NA,4.6000000000000005,2.1,229,44,15,2,4,ALL,EBS_SINGLE,140350,25-282,1,73.46,11.46,NA,0.3604,0.0865,0,3,EBS,0.2400110987791343,24.00110987791343,4.166473988439306
-24387,EBS,2025,134,202501,92,3,0,2025-06-27,0.511,2.79,15.394,Y,2.063,0.012522000633021,58.318000000000005,-168.46587,K-18,64,66,NA,4.6000000000000005,2.1,229,44,15,2,4,ALL,EBS_SINGLE,140350,25-283,2,60.61,0,NA,0.3709,0.1135,0,3,EBS,0.3060124022647614,30.60124022647614,3.2678414096916297
-24387,EBS,2025,134,202501,92,3,0,2025-06-27,0.511,2.79,15.394,Y,2.063,0.012522000633021,58.318000000000005,-168.46587,K-18,64,66,NA,4.6000000000000005,2.1,229,44,15,2,4,ALL,EBS_SINGLE,140350,25-284,2,53.54,0,NA,0.3565,0.117,0,3,EBS,0.32819074333800846,32.81907433380085,3.047008547008547
-24387,EBS,2025,134,202501,92,3,0,2025-06-27,0.511,2.79,15.394,Y,2.063,0.012522000633021,58.318000000000005,-168.46587,K-18,64,66,NA,4.6000000000000005,2.1,229,44,15,2,4,ALL,EBS_SINGLE,140350,25-285,2,45.49,0,NA,0.3016,0.1057,0,3,EBS,0.3504641909814324,35.04641909814324,2.853358561967833
-24387,EBS,2025,134,202501,92,3,0,2025-06-27,0.511,2.79,15.394,Y,2.063,0.012522000633021,58.318000000000005,-168.46587,K-18,64,66,NA,4.6000000000000005,2.1,229,44,15,2,4,ALL,EBS_SINGLE,140350,25-286,2,49.59,0,NA,0.3177,0.1085,0,3,EBS,0.34151715454831605,34.1517154548316,2.928110599078341
-24387,EBS,2025,134,202501,92,3,0,2025-06-27,0.511,2.79,15.394,Y,2.063,0.012522000633021,58.318000000000005,-168.46587,K-18,64,66,NA,4.6000000000000005,2.1,229,44,15,2,4,ALL,EBS_SINGLE,140350,25-287,2,44.9,0,NA,0.3345,0.1194,0,3,EBS,0.35695067264573993,35.69506726457399,2.801507537688442
-24420,EBS,2025,134,202501,103,3,0,2025-06-29,0.519,2.878,15.681000000000001,Y,2.254,0.0131577787781253,58.329665,-169.11741999999998,K-19,65,67,NA,5.5,1.1,229,44,15,2,4,ALL,EBS_SINGLE,140350,25-296,1,87.1,15.44,NA,0.3539,0.0775,0,3,EBS,0.2189884148064425,21.89884148064425,4.566451612903226
-24420,EBS,2025,134,202501,103,3,0,2025-06-29,0.519,2.878,15.681000000000001,Y,2.254,0.0131577787781253,58.329665,-169.11741999999998,K-19,65,67,NA,5.5,1.1,229,44,15,2,4,ALL,EBS_SINGLE,140350,25-297,1,83.97,15.55,NA,0.3006,0.0791,0,3,EBS,0.2631403858948769,26.314038589487694,3.8002528445006316
-24420,EBS,2025,134,202501,103,3,0,2025-06-29,0.519,2.878,15.681000000000001,Y,2.254,0.0131577787781253,58.329665,-169.11741999999998,K-19,65,67,NA,5.5,1.1,229,44,15,2,4,ALL,EBS_SINGLE,140350,25-298,1,77.7,13.39,NA,0.392,0.1061,0,3,EBS,0.27066326530612245,27.066326530612244,3.694627709707823
-24420,EBS,2025,134,202501,103,3,0,2025-06-29,0.519,2.878,15.681000000000001,Y,2.254,0.0131577787781253,58.329665,-169.11741999999998,K-19,65,67,NA,5.5,1.1,229,44,15,2,4,ALL,EBS_SINGLE,140350,25-299,1,78.72,12.29,NA,0.4127,0.1303,0,3,EBS,0.315725708747274,31.5725708747274,3.167306216423638
-24420,EBS,2025,134,202501,103,3,0,2025-06-29,0.519,2.878,15.681000000000001,Y,2.254,0.0131577787781253,58.329665,-169.11741999999998,K-19,65,67,NA,5.5,1.1,229,44,15,2,4,ALL,EBS_SINGLE,140350,25-300,1,70.54,11.37,NA,0.3577,0.1002,0,3,EBS,0.2801230081073525,28.01230081073525,3.569860279441118
-24420,EBS,2025,134,202501,103,3,0,2025-06-29,0.519,2.878,15.681000000000001,Y,2.254,0.0131577787781253,58.329665,-169.11741999999998,K-19,65,67,NA,5.5,1.1,229,44,15,2,4,ALL,EBS_SINGLE,140350,25-301,2,58.9,0,NA,0.3106,0.1177,0,3,EBS,0.3789439793947199,37.89439793947199,2.638912489379779
-24420,EBS,2025,134,202501,103,3,0,2025-06-29,0.519,2.878,15.681000000000001,Y,2.254,0.0131577787781253,58.329665,-169.11741999999998,K-19,65,67,NA,5.5,1.1,229,44,15,2,4,ALL,EBS_SINGLE,140350,25-302,2,55.93,0,NA,0.3085,0.1103,0,3,EBS,0.35753646677471634,35.753646677471636,2.796917497733454
-24420,EBS,2025,134,202501,103,3,0,2025-06-29,0.519,2.878,15.681000000000001,Y,2.254,0.0131577787781253,58.329665,-169.11741999999998,K-19,65,67,NA,5.5,1.1,229,44,15,2,4,ALL,EBS_SINGLE,140350,25-303,2,60.36,0,NA,0.3013,0.1006,0,3,EBS,0.3338864918685695,33.38864918685695,2.995029821073559
-24420,EBS,2025,134,202501,103,3,0,2025-06-29,0.519,2.878,15.681000000000001,Y,2.254,0.0131577787781253,58.329665,-169.11741999999998,K-19,65,67,NA,5.5,1.1,229,44,15,2,4,ALL,EBS_SINGLE,140350,25-304,2,63.81,0,NA,0.30620000000000003,0.1128,0,3,EBS,0.36838667537557146,36.83866753755714,2.714539007092199
-24420,EBS,2025,134,202501,103,3,0,2025-06-29,0.519,2.878,15.681000000000001,Y,2.254,0.0131577787781253,58.329665,-169.11741999999998,K-19,65,67,NA,5.5,1.1,229,44,15,2,4,ALL,EBS_SINGLE,140350,25-305,2,55.57,0,NA,0.2961,0.1049,0,3,EBS,0.35427220533603515,35.42722053360352,2.8226882745471875
-24441,EBS,2025,162,202501,100,3,0,2025-06-30,0.527,2.927,16.303,Y,1.907,0.013912599613801402,58.33293,-169.72715,K-20,68,70,NA,5.8,0.7000000000000001,229,44,15,1,4,ALL,EBS_SINGLE,140350,25-16,1,70.59,10.75,NA,0.3049,0.0849,0,3,EBS,0.2784519514594949,27.845195145949493,3.591283863368669
-24441,EBS,2025,162,202501,100,3,0,2025-06-30,0.527,2.927,16.303,Y,1.907,0.013912599613801402,58.33293,-169.72715,K-20,68,70,NA,5.8,0.7000000000000001,229,44,15,1,4,ALL,EBS_SINGLE,140350,25-17,2,57.75,0,NA,0.3195,0.1108,0,3,EBS,0.34679186228482,34.679186228482,2.8835740072202167
-24441,EBS,2025,162,202501,100,3,0,2025-06-30,0.527,2.927,16.303,Y,1.907,0.013912599613801402,58.33293,-169.72715,K-20,68,70,NA,5.8,0.7000000000000001,229,44,15,1,4,ALL,EBS_SINGLE,140350,25-18,2,52.41,0,NA,0.3605,0.1279,0,3,EBS,0.35478502080443836,35.47850208044384,2.8186082877247847
-24441,EBS,2025,162,202501,100,3,0,2025-06-30,0.527,2.927,16.303,Y,1.907,0.013912599613801402,58.33293,-169.72715,K-20,68,70,NA,5.8,0.7000000000000001,229,44,15,1,4,ALL,EBS_SINGLE,140350,25-19,2,51.79,0,NA,0.1536,0.0591,0,3,EBS,0.38476562500000006,38.47656250000001,2.598984771573604
-24441,EBS,2025,162,202501,100,3,0,2025-06-30,0.527,2.927,16.303,Y,1.907,0.013912599613801402,58.33293,-169.72715,K-20,68,70,NA,5.8,0.7000000000000001,229,44,15,1,4,ALL,EBS_SINGLE,140350,25-20,2,58.23,0,NA,0.3086,0.0993,0,3,EBS,0.3217757615035645,32.17757615035645,3.107754279959718
-24441,EBS,2025,162,202501,100,3,0,2025-06-30,0.527,2.927,16.303,Y,1.907,0.013912599613801402,58.33293,-169.72715,K-20,68,70,NA,5.8,0.7000000000000001,229,44,15,1,4,ALL,EBS_SINGLE,140350,25-21,2,56.01,0,NA,0.3409,0.1204,0,3,EBS,0.3531827515400411,35.318275154004105,2.8313953488372094
-24489,EBS,2025,134,202501,116,3,0,2025-07-04,0.527,2.927,16.273,Y,2.134,0.0138869983141378,58.32781,-170.39447,K-21,72,74,NA,5.7,0.4,274,44,15,1,4,ALL,EBS_SINGLE,140350,25-345,1,70.3,12.49,NA,NA,NA,0,3,EBS,NA,NA,NA
-24489,EBS,2025,134,202501,116,3,0,2025-07-04,0.527,2.927,16.273,Y,2.134,0.0138869983141378,58.32781,-170.39447,K-21,72,74,NA,5.7,0.4,274,44,15,1,4,ALL,EBS_SINGLE,140350,25-346,1,75.66,13.24,NA,0.3532,0.0985,0,3,EBS,0.2788788221970555,27.887882219705553,3.585786802030457
-24489,EBS,2025,134,202501,116,3,0,2025-07-04,0.527,2.927,16.273,Y,2.134,0.0138869983141378,58.32781,-170.39447,K-21,72,74,NA,5.7,0.4,274,44,15,1,4,ALL,EBS_SINGLE,140350,25-347,1,73.35,13.06,NA,0.3103,0.0807,0,3,EBS,0.2600708991298743,26.00708991298743,3.8451053283767043
-24419,EBS,2025,134,202501,102,3,0,2025-06-29,0.523,2.899,15.883000000000001,Y,2.214,0.013424520646486901,58.675464999999996,-169.151635,L-19,61,63,NA,5,1.1,229,44,15,2,4,ALL,EBS_SINGLE,140350,25-288,1,76.31,13.58,NA,0.332,0.1072,0,3,EBS,0.3228915662650602,32.28915662650602,3.0970149253731343
-24419,EBS,2025,134,202501,102,3,0,2025-06-29,0.523,2.899,15.883000000000001,Y,2.214,0.013424520646486901,58.675464999999996,-169.151635,L-19,61,63,NA,5,1.1,229,44,15,2,4,ALL,EBS_SINGLE,140350,25-289,1,73.54,12.56,NA,0.328,0.073,0,3,EBS,0.22256097560975607,22.256097560975608,4.493150684931507
-24419,EBS,2025,134,202501,102,3,0,2025-06-29,0.523,2.899,15.883000000000001,Y,2.214,0.013424520646486901,58.675464999999996,-169.151635,L-19,61,63,NA,5,1.1,229,44,15,2,4,ALL,EBS_SINGLE,140350,25-290,1,78.33,13.8,NA,0.344,0.0952,0,3,EBS,0.2767441860465117,27.67441860465117,3.61344537815126
-24419,EBS,2025,134,202501,102,3,0,2025-06-29,0.523,2.899,15.883000000000001,Y,2.214,0.013424520646486901,58.675464999999996,-169.151635,L-19,61,63,NA,5,1.1,229,44,15,2,4,ALL,EBS_SINGLE,140350,25-291,1,81.69,14.23,NA,0.3107,0.074,0,3,EBS,0.23817186997103315,23.817186997103317,4.198648648648649
-24419,EBS,2025,134,202501,102,3,0,2025-06-29,0.523,2.899,15.883000000000001,Y,2.214,0.013424520646486901,58.675464999999996,-169.151635,L-19,61,63,NA,5,1.1,229,44,15,2,4,ALL,EBS_SINGLE,140350,25-292,1,75.41,12.6,NA,0.298,0.0797,0,3,EBS,0.26744966442953017,26.744966442953018,3.739021329987453
-24419,EBS,2025,134,202501,102,3,0,2025-06-29,0.523,2.899,15.883000000000001,Y,2.214,0.013424520646486901,58.675464999999996,-169.151635,L-19,61,63,NA,5,1.1,229,44,15,2,4,ALL,EBS_SINGLE,140350,25-293,2,59.66,0,NA,0.3553,0.1197,0,3,EBS,0.33689839572192515,33.68983957219251,2.9682539682539684
-24419,EBS,2025,134,202501,102,3,0,2025-06-29,0.523,2.899,15.883000000000001,Y,2.214,0.013424520646486901,58.675464999999996,-169.151635,L-19,61,63,NA,5,1.1,229,44,15,2,4,ALL,EBS_SINGLE,140350,25-294,2,58.2,0,NA,0.3183,0.1119,0,3,EBS,0.35155513666352495,35.1555136663525,2.8445040214477215
-24419,EBS,2025,134,202501,102,3,0,2025-06-29,0.523,2.899,15.883000000000001,Y,2.214,0.013424520646486901,58.675464999999996,-169.151635,L-19,61,63,NA,5,1.1,229,44,15,2,4,ALL,EBS_SINGLE,140350,25-295,2,58.52,0,NA,0.2935,0.0567,0,3,EBS,0.19318568994889268,19.31856899488927,5.1763668430335095
-24427,EBS,2025,162,202501,97,3,0,2025-06-29,0.552,3.1020000000000003,15.936,Y,2.1350000000000002,0.0144124943637312,59.327704999999995,-169.872815,N-20,59,61,NA,5,0.6,229,44,15,2,4,ALL,EBS_SINGLE,140350,25-11,2,49.71,0,NA,0.3377,0.0582,0,3,EBS,0.17234231566479125,17.234231566479124,5.802405498281787
-24427,EBS,2025,162,202501,97,3,0,2025-06-29,0.552,3.1020000000000003,15.936,Y,2.1350000000000002,0.0144124943637312,59.327704999999995,-169.872815,N-20,59,61,NA,5,0.6,229,44,15,2,4,ALL,EBS_SINGLE,140350,25-12,2,48.03,0,NA,0.335,0.1035,0,3,EBS,0.308955223880597,30.8955223880597,3.236714975845411
-24427,EBS,2025,162,202501,97,3,0,2025-06-29,0.552,3.1020000000000003,15.936,Y,2.1350000000000002,0.0144124943637312,59.327704999999995,-169.872815,N-20,59,61,NA,5,0.6,229,44,15,2,4,ALL,EBS_SINGLE,140350,25-13,2,49.75,0,NA,0.295,0.0812,0,3,EBS,0.2752542372881356,27.525423728813557,3.6330049261083746
-24427,EBS,2025,162,202501,97,3,0,2025-06-29,0.552,3.1020000000000003,15.936,Y,2.1350000000000002,0.0144124943637312,59.327704999999995,-169.872815,N-20,59,61,NA,5,0.6,229,44,15,2,4,ALL,EBS_SINGLE,140350,25-14,2,55.12,0,NA,0.3147,0.0902,0,3,EBS,0.2866221798538291,28.66221798538291,3.4889135254988912
-24427,EBS,2025,162,202501,97,3,0,2025-06-29,0.552,3.1020000000000003,15.936,Y,2.1350000000000002,0.0144124943637312,59.327704999999995,-169.872815,N-20,59,61,NA,5,0.6,229,44,15,2,4,ALL,EBS_SINGLE,140350,25-15,2,49.22,0,NA,0.3064,0.0877,0,3,EBS,0.2862271540469974,28.62271540469974,3.4937286202964652
-24426,EBS,2025,162,202501,96,3,0,2025-06-29,0.557,3.132,15.134,Y,2.059,0.0138195378253548,59.67753,-169.91831,O-20,54,56,NA,4,1.6,229,44,15,1,4,ALL,EBS_SINGLE,140350,25-3,1,73.5,12.7,NA,0.3172,0.0752,0,3,EBS,0.23707440100882726,23.707440100882728,4.218085106382978
-24426,EBS,2025,162,202501,96,3,0,2025-06-29,0.557,3.132,15.134,Y,2.059,0.0138195378253548,59.67753,-169.91831,O-20,54,56,NA,4,1.6,229,44,15,1,4,ALL,EBS_SINGLE,140350,25-4,1,72.31,13.74,NA,0.3295,0.0981,0,3,EBS,0.2977238239757208,29.772382397572077,3.35881753312946
-24426,EBS,2025,162,202501,96,3,0,2025-06-29,0.557,3.132,15.134,Y,2.059,0.0138195378253548,59.67753,-169.91831,O-20,54,56,NA,4,1.6,229,44,15,1,4,ALL,EBS_SINGLE,140350,25-5,1,71.26,12.72,NA,0.2965,0.0759,0,3,EBS,0.25598650927487354,25.598650927487355,3.906455862977602
-24426,EBS,2025,162,202501,96,3,0,2025-06-29,0.557,3.132,15.134,Y,2.059,0.0138195378253548,59.67753,-169.91831,O-20,54,56,NA,4,1.6,229,44,15,1,4,ALL,EBS_SINGLE,140350,25-6,1,70.1,12.24,NA,0.3192,0.0859,0,3,EBS,0.2691102756892231,26.911027568922307,3.715948777648428
-24426,EBS,2025,162,202501,96,3,0,2025-06-29,0.557,3.132,15.134,Y,2.059,0.0138195378253548,59.67753,-169.91831,O-20,54,56,NA,4,1.6,229,44,15,1,4,ALL,EBS_SINGLE,140350,25-7,2,58.42,0,NA,0.301,0.0679,0,3,EBS,0.22558139534883723,22.558139534883722,4.432989690721649
-24426,EBS,2025,162,202501,96,3,0,2025-06-29,0.557,3.132,15.134,Y,2.059,0.0138195378253548,59.67753,-169.91831,O-20,54,56,NA,4,1.6,229,44,15,1,4,ALL,EBS_SINGLE,140350,25-8,2,55.43,0,NA,0.3147,0.0762,0,3,EBS,0.24213536701620594,24.213536701620594,4.1299212598425195
-24426,EBS,2025,162,202501,96,3,0,2025-06-29,0.557,3.132,15.134,Y,2.059,0.0138195378253548,59.67753,-169.91831,O-20,54,56,NA,4,1.6,229,44,15,1,4,ALL,EBS_SINGLE,140350,25-9,2,53.13,0,NA,0.3597,0.0888,0,3,EBS,0.2468723936613845,24.68723936613845,4.050675675675675
-24426,EBS,2025,162,202501,96,3,0,2025-06-29,0.557,3.132,15.134,Y,2.059,0.0138195378253548,59.67753,-169.91831,O-20,54,56,NA,4,1.6,229,44,15,1,4,ALL,EBS_SINGLE,140350,25-10,2,49.75,0,NA,0.3242,0.0857,0,3,EBS,0.2643429981492906,26.43429981492906,3.7829638273045507
-24497,EBS,2025,134,202501,120,3,0,2025-07-05,0.518,2.866,15.426,Y,2.236,0.012889840666368599,59.670249999999996,-170.583055,O-21,64,66,NA,5.9,0.1,229,44,15,1,4,ALL,EBS_SINGLE,140350,25-348,1,76.92,13.64,NA,0.3968,0.0959,0,3,EBS,0.2416834677419355,24.16834677419355,4.137643378519291
-24524,EBS,2025,162,202501,119,3,0,2025-07-06,0.544,3.1060000000000003,15.499,Y,1.963,0.0140353473643449,59.672805,-171.902285,O-23,75,77,NA,6.2,0.3,274,44,15,1,4,ALL,EBS_SINGLE,140350,25-28,1,78.09,13.54,NA,0.3284,0.0751,0,3,EBS,0.22868453105968328,22.868453105968328,4.372836218375499
-24524,EBS,2025,162,202501,119,3,0,2025-07-06,0.544,3.1060000000000003,15.499,Y,1.963,0.0140353473643449,59.672805,-171.902285,O-23,75,77,NA,6.2,0.3,274,44,15,1,4,ALL,EBS_SINGLE,140350,25-29,1,70.75,12.28,NA,0.3675,0.0913,0,3,EBS,0.24843537414965988,24.843537414965986,4.025191675794085
-24524,EBS,2025,162,202501,119,3,0,2025-07-06,0.544,3.1060000000000003,15.499,Y,1.963,0.0140353473643449,59.672805,-171.902285,O-23,75,77,NA,6.2,0.3,274,44,15,1,4,ALL,EBS_SINGLE,140350,25-30,1,73.73,12.56,NA,0.3241,0.0804,0,3,EBS,0.248071582844801,24.8071582844801,4.031094527363184
-24524,EBS,2025,162,202501,119,3,0,2025-07-06,0.544,3.1060000000000003,15.499,Y,1.963,0.0140353473643449,59.672805,-171.902285,O-23,75,77,NA,6.2,0.3,274,44,15,1,4,ALL,EBS_SINGLE,140350,25-31,1,95.08,16.85,NA,0.3546,0.0908,0,3,EBS,0.25606316976875354,25.606316976875355,3.905286343612335
-24524,EBS,2025,162,202501,119,3,0,2025-07-06,0.544,3.1060000000000003,15.499,Y,1.963,0.0140353473643449,59.672805,-171.902285,O-23,75,77,NA,6.2,0.3,274,44,15,1,4,ALL,EBS_SINGLE,140350,25-32,1,75.77,12.95,NA,0.3155,0.0773,0,3,EBS,0.24500792393026938,24.500792393026938,4.081500646830531
-24652,EBS,2025,162,202501,144,3,0,2025-07-17,0.538,2.999,16.495,Y,2.033,0.0144227083522418,59.668025,-173.87196,O-26,103,105,NA,7.5,2.1,320,44,15,2,4,ALL,EBS_SINGLE,140350,25-35,1,70.01,12.99,NA,0.3396,0.098,0,5,EBS,0.28857479387514723,28.857479387514722,3.4653061224489794
-24652,EBS,2025,162,202501,144,3,0,2025-07-17,0.538,2.999,16.495,Y,2.033,0.0144227083522418,59.668025,-173.87196,O-26,103,105,NA,7.5,2.1,320,44,15,2,4,ALL,EBS_SINGLE,140350,25-36,1,70.06,12.75,NA,0.35,0.1076,0,5,EBS,0.30742857142857144,30.742857142857144,3.2527881040892193
-24425,EBS,2025,162,202501,95,3,0,2025-06-29,0.526,2.9330000000000003,15.994000000000002,Y,2.261,0.013676884852946701,60.002559999999995,-169.96714500000002,P-20,52,54,NA,4,1.2,183,44,15,2,4,ALL,EBS_SINGLE,140350,25-1,2,45.58,0,NA,0.328,0.0776,0,4,EBS,0.23658536585365852,23.65853658536585,4.22680412371134
-24425,EBS,2025,162,202501,95,3,0,2025-06-29,0.526,2.9330000000000003,15.994000000000002,Y,2.261,0.013676884852946701,60.002559999999995,-169.96714500000002,P-20,52,54,NA,4,1.2,183,44,15,2,4,ALL,EBS_SINGLE,140350,25-2,2,46.36,0,NA,0.2969,0.0993,0,4,EBS,0.33445604580666893,33.445604580666895,2.989929506545821
-24498,EBS,2025,134,202501,121,3,0,2025-07-05,0.387,2.16,15.434000000000001,Y,2.2230000000000003,0.009719642312424,59.989439999999995,-170.63056,P-21,62,64,NA,6,0,229,44,15,1,4,ALL,EBS_SINGLE,140350,25-349,1,75.58,14.76,NA,0.3826,0.1144,0,4,EBS,0.2990067956089911,29.900679560899114,3.344405594405594
-24498,EBS,2025,134,202501,121,3,0,2025-07-05,0.387,2.16,15.434000000000001,Y,2.2230000000000003,0.009719642312424,59.989439999999995,-170.63056,P-21,62,64,NA,6,0,229,44,15,1,4,ALL,EBS_SINGLE,140350,25-350,1,81.52,15.79,NA,NA,NA,0,4,EBS,NA,NA,NA
-24498,EBS,2025,134,202501,121,3,0,2025-07-05,0.387,2.16,15.434000000000001,Y,2.2230000000000003,0.009719642312424,59.989439999999995,-170.63056,P-21,62,64,NA,6,0,229,44,15,1,4,ALL,EBS_SINGLE,140350,25-351,1,79.08,14.15,NA,0.3329,0.07,0,4,EBS,0.2102733553619706,21.027335536197057,4.7557142857142845
-24498,EBS,2025,134,202501,121,3,0,2025-07-05,0.387,2.16,15.434000000000001,Y,2.2230000000000003,0.009719642312424,59.989439999999995,-170.63056,P-21,62,64,NA,6,0,229,44,15,1,4,ALL,EBS_SINGLE,140350,25-352,1,71.84,12.62,NA,0.3063,0.0727,0,4,EBS,0.23734900424420502,23.734900424420502,4.213204951856946
-24498,EBS,2025,134,202501,121,3,0,2025-07-05,0.387,2.16,15.434000000000001,Y,2.2230000000000003,0.009719642312424,59.989439999999995,-170.63056,P-21,62,64,NA,6,0,229,44,15,1,4,ALL,EBS_SINGLE,140350,25-353,1,77.22,13.44,NA,0.3546,0.0938,0,4,EBS,0.2645234066553863,26.45234066553863,3.780383795309169
-24498,EBS,2025,134,202501,121,3,0,2025-07-05,0.387,2.16,15.434000000000001,Y,2.2230000000000003,0.009719642312424,59.989439999999995,-170.63056,P-21,62,64,NA,6,0,229,44,15,1,4,ALL,EBS_SINGLE,140350,25-354,2,52.57,0,NA,0.2973,0.0848,0,4,EBS,0.28523377060208543,28.523377060208542,3.5058962264150946
-24498,EBS,2025,134,202501,121,3,0,2025-07-05,0.387,2.16,15.434000000000001,Y,2.2230000000000003,0.009719642312424,59.989439999999995,-170.63056,P-21,62,64,NA,6,0,229,44,15,1,4,ALL,EBS_SINGLE,140350,25-355,2,49.23,0,NA,0.3245,0.0811,0,4,EBS,0.24992295839753467,24.992295839753467,4.001233045622688
-24498,EBS,2025,134,202501,121,3,0,2025-07-05,0.387,2.16,15.434000000000001,Y,2.2230000000000003,0.009719642312424,59.989439999999995,-170.63056,P-21,62,64,NA,6,0,229,44,15,1,4,ALL,EBS_SINGLE,140350,25-356,2,51.13,0,NA,0.321,0.092,0,4,EBS,0.2866043613707165,28.66043613707165,3.489130434782609
-24498,EBS,2025,134,202501,121,3,0,2025-07-05,0.387,2.16,15.434000000000001,Y,2.2230000000000003,0.009719642312424,59.989439999999995,-170.63056,P-21,62,64,NA,6,0,229,44,15,1,4,ALL,EBS_SINGLE,140350,25-357,2,49.18,0,NA,0.3529,0.0978,0,4,EBS,0.2771323321054123,27.713233210541233,3.6083844580777096
-24498,EBS,2025,134,202501,121,3,0,2025-07-05,0.387,2.16,15.434000000000001,Y,2.2230000000000003,0.009719642312424,59.989439999999995,-170.63056,P-21,62,64,NA,6,0,229,44,15,1,4,ALL,EBS_SINGLE,140350,25-358,2,53.65,0,NA,0.3624,0.1098,0,4,EBS,0.3029801324503311,30.29801324503311,3.300546448087432
-24515,EBS,2025,134,202501,126,3,6.21,2025-07-06,0.513,2.837,14.563,Y,2.295,0.0120455940040739,60.003074999999995,-171.300005,P-22,67,69,NA,7.3,-0.4,229,44,15,1,4,ALL,EBS_SINGLE,140350,25-375,1,74.61,12.86,NA,0.3391,0.0812,0,4,EBS,0.2394573872014155,23.94573872014155,4.176108374384237
-24515,EBS,2025,134,202501,126,3,6.21,2025-07-06,0.513,2.837,14.563,Y,2.295,0.0120455940040739,60.003074999999995,-171.300005,P-22,67,69,NA,7.3,-0.4,229,44,15,1,4,ALL,EBS_SINGLE,140350,25-376,1,75.41,12.85,NA,0.3917,0.1098,0,4,EBS,0.2803165688026551,28.03165688026551,3.5673952641165756
-24515,EBS,2025,134,202501,126,3,6.21,2025-07-06,0.513,2.837,14.563,Y,2.295,0.0120455940040739,60.003074999999995,-171.300005,P-22,67,69,NA,7.3,-0.4,229,44,15,1,4,ALL,EBS_SINGLE,140350,25-377,1,71.51,12.1,NA,0.2985,0.0774,0,4,EBS,0.2592964824120603,25.92964824120603,3.856589147286822
-24515,EBS,2025,134,202501,126,3,6.21,2025-07-06,0.513,2.837,14.563,Y,2.295,0.0120455940040739,60.003074999999995,-171.300005,P-22,67,69,NA,7.3,-0.4,229,44,15,1,4,ALL,EBS_SINGLE,140350,25-378,1,74.87,12.56,NA,0.328,0.0671,0,4,EBS,0.20457317073170733,20.457317073170735,4.888226527570789
-24515,EBS,2025,134,202501,126,3,6.21,2025-07-06,0.513,2.837,14.563,Y,2.295,0.0120455940040739,60.003074999999995,-171.300005,P-22,67,69,NA,7.3,-0.4,229,44,15,1,4,ALL,EBS_SINGLE,140350,25-379,1,70.99,12.26,NA,0.2978,0.0764,0,4,EBS,0.2565480188045668,25.65480188045668,3.897905759162304
-24631,EBS,2025,162,202501,140,3,0,2025-07-16,0.552,3.095,16.804000000000002,Y,2.209,0.015163217417072999,59.997249999999994,-173.28132,P-25,73,75,NA,6.3,0.1,274,44,15,1,4,ALL,EBS_SINGLE,140350,25-33,1,72.82,12.08,NA,0.3202,0.0782,0,4,EBS,0.2442223610243598,24.422236102435978,4.09462915601023
-24631,EBS,2025,162,202501,140,3,0,2025-07-16,0.552,3.095,16.804000000000002,Y,2.209,0.015163217417072999,59.997249999999994,-173.28132,P-25,73,75,NA,6.3,0.1,274,44,15,1,4,ALL,EBS_SINGLE,140350,25-34,1,75.94,11.02,NA,0.374,0.0926,0,4,EBS,0.24759358288770053,24.759358288770052,4.038876889848812
-24697,EBS,2025,134,202501,158,3,0,2025-07-20,0.517,2.911,17.421,Y,1.9480000000000002,0.0147854083000288,60.00336,-175.266505,P-28,114,116,NA,7.8,2.4,366,44,15,1,4,ALL,EBS_SINGLE,140350,25-392,1,83.22,18.14,NA,0.3664,0.146,NA,5,EBS,0.398471615720524,39.8471615720524,2.5095890410958908
-24697,EBS,2025,134,202501,158,3,0,2025-07-20,0.517,2.911,17.421,Y,1.9480000000000002,0.0147854083000288,60.00336,-175.266505,P-28,114,116,NA,7.8,2.4,366,44,15,1,4,ALL,EBS_SINGLE,140350,25-393,2,56.77,0,NA,0.3432,0.139,0,5,EBS,0.40501165501165504,40.5011655011655,2.4690647482014385
-24725,EBS,2025,134,202501,166,3,0,2025-07-23,0.503,2.839,15.412,Y,1.99,0.0127568200335378,60.003629999999994,-176.722755,P-30,139,141,NA,8,1.9000000000000001,411,44,15,2,4,ALL,EBS_SINGLE,140350,25-394,1,84.72,14.27,NA,0.3352,0.1423,0,5,EBS,0.4245226730310263,42.45226730310263,2.3555867884750525
-24725,EBS,2025,134,202501,166,3,0,2025-07-23,0.503,2.839,15.412,Y,1.99,0.0127568200335378,60.003629999999994,-176.722755,P-30,139,141,NA,8,1.9000000000000001,411,44,15,2,4,ALL,EBS_SINGLE,140350,25-395,2,70.4,0,NA,0.3774,0.1048,0,5,EBS,0.27768945416004237,27.768945416004236,3.601145038167939
-24725,EBS,2025,134,202501,166,3,0,2025-07-23,0.503,2.839,15.412,Y,1.99,0.0127568200335378,60.003629999999994,-176.722755,P-30,139,141,NA,8,1.9000000000000001,411,44,15,2,4,ALL,EBS_SINGLE,140350,25-396,2,58,0,NA,0.3141,0.1402,0,5,EBS,0.4463546641197071,44.63546641197071,2.2403708987161197
-24725,EBS,2025,134,202501,166,3,0,2025-07-23,0.503,2.839,15.412,Y,1.99,0.0127568200335378,60.003629999999994,-176.722755,P-30,139,141,NA,8,1.9000000000000001,411,44,15,2,4,ALL,EBS_SINGLE,140350,25-397,2,66.23,0,NA,0.3212,0.1257,0,5,EBS,0.3913449564134496,39.134495641344955,2.5552903739061255
-24725,EBS,2025,134,202501,166,3,0,2025-07-23,0.503,2.839,15.412,Y,1.99,0.0127568200335378,60.003629999999994,-176.722755,P-30,139,141,NA,8,1.9000000000000001,411,44,15,2,4,ALL,EBS_SINGLE,140350,25-398,2,55.63,0,NA,0.3485,0.1373,0,5,EBS,0.39397417503586807,39.39741750358681,2.5382374362709395
-24725,EBS,2025,134,202501,166,3,0,2025-07-23,0.503,2.839,15.412,Y,1.99,0.0127568200335378,60.003629999999994,-176.722755,P-30,139,141,NA,8,1.9000000000000001,411,44,15,2,4,ALL,EBS_SINGLE,140350,25-399,2,58.11,0,NA,0.3756,0.1684,0,5,EBS,0.4483493077742279,44.83493077742279,2.2304038004750595
-24499,EBS,2025,134,202501,122,3,0,2025-07-05,0.519,2.874,15.401000000000002,Y,2.217,0.0129048725739879,60.322595,-170.66490000000002,Q-21,60,62,NA,6.2,-0.1,229,44,15,2,4,ALL,EBS_SINGLE,140350,25-359,1,74.49,12.71,NA,0.3207,0.0875,0,4,EBS,0.2728406610539445,27.28406610539445,3.665142857142857
-24499,EBS,2025,134,202501,122,3,0,2025-07-05,0.519,2.874,15.401000000000002,Y,2.217,0.0129048725739879,60.322595,-170.66490000000002,Q-21,60,62,NA,6.2,-0.1,229,44,15,2,4,ALL,EBS_SINGLE,140350,25-360,2,53.62,0,NA,0.4066,0.115,0,4,EBS,0.2828332513526808,28.28332513526808,3.5356521739130433
-24499,EBS,2025,134,202501,122,3,0,2025-07-05,0.519,2.874,15.401000000000002,Y,2.217,0.0129048725739879,60.322595,-170.66490000000002,Q-21,60,62,NA,6.2,-0.1,229,44,15,2,4,ALL,EBS_SINGLE,140350,25-361,2,50.05,0,NA,0.2928,0.083,0,4,EBS,0.28346994535519127,28.346994535519126,3.527710843373494
-24499,EBS,2025,134,202501,122,3,0,2025-07-05,0.519,2.874,15.401000000000002,Y,2.217,0.0129048725739879,60.322595,-170.66490000000002,Q-21,60,62,NA,6.2,-0.1,229,44,15,2,4,ALL,EBS_SINGLE,140350,25-362,2,52.06,0,NA,0.5281,0.1253,0,4,EBS,0.23726566938079907,23.726566938079905,4.214684756584198
-24499,EBS,2025,134,202501,122,3,0,2025-07-05,0.519,2.874,15.401000000000002,Y,2.217,0.0129048725739879,60.322595,-170.66490000000002,Q-21,60,62,NA,6.2,-0.1,229,44,15,2,4,ALL,EBS_SINGLE,140350,25-363,2,52.35,0,NA,0.3525,0.0968,0,4,EBS,0.2746099290780142,27.46099290780142,3.6415289256198347
-24499,EBS,2025,134,202501,122,3,0,2025-07-05,0.519,2.874,15.401000000000002,Y,2.217,0.0129048725739879,60.322595,-170.66490000000002,Q-21,60,62,NA,6.2,-0.1,229,44,15,2,4,ALL,EBS_SINGLE,140350,25-364,2,54.68,0,NA,0.3237,0.0964,0,4,EBS,0.29780661105962314,29.780661105962313,3.357883817427386
-24514,EBS,2025,134,202501,125,3,0,2025-07-06,0.515,2.882,18.057000000000002,Y,1.909,0.0151725162196179,60.333344999999994,-171.35541,Q-22,64,66,NA,6,-0.6,229,44,15,1,4,ALL,EBS_SINGLE,140350,25-374,1,73.83,14.39,NA,0.3653,0.0909,0,4,EBS,0.24883657267998902,24.883657267998903,4.018701870187019
-24636,EBS,2025,134,202501,146,3,0,2025-07-17,0.537,3.011,15.902000000000001,Y,2.2640000000000002,0.013959843210188701,60.333735,-172.06759,Q-23,57,59,NA,4,-1,229,44,15,2,4,ALL,EBS_SINGLE,140350,25-380,1,78.98,12.85,NA,0.3189,0.1173,0,4,EBS,0.367826904985889,36.7826904985889,2.718670076726343
-24636,EBS,2025,134,202501,146,3,0,2025-07-17,0.537,3.011,15.902000000000001,Y,2.2640000000000002,0.013959843210188701,60.333735,-172.06759,Q-23,57,59,NA,4,-1,229,44,15,2,4,ALL,EBS_SINGLE,140350,25-381,1,80.52,14.18,NA,0.3055,0.09,0,4,EBS,0.2945990180032733,29.45990180032733,3.3944444444444444
-24636,EBS,2025,134,202501,146,3,0,2025-07-17,0.537,3.011,15.902000000000001,Y,2.2640000000000002,0.013959843210188701,60.333735,-172.06759,Q-23,57,59,NA,4,-1,229,44,15,2,4,ALL,EBS_SINGLE,140350,25-382,1,71.54,12.64,NA,0.3479,0.116,0,4,EBS,0.3334291463064099,33.34291463064099,2.9991379310344826
-24636,EBS,2025,134,202501,146,3,0,2025-07-17,0.537,3.011,15.902000000000001,Y,2.2640000000000002,0.013959843210188701,60.333735,-172.06759,Q-23,57,59,NA,4,-1,229,44,15,2,4,ALL,EBS_SINGLE,140350,25-383,1,68.71,13,NA,0.3356,0.0917,0,4,EBS,0.2732419547079857,27.324195470798568,3.659760087241003
-24677,EBS,2025,134,202501,156,3,0,2025-07-19,0.515,2.9170000000000003,15.906,Y,1.9680000000000002,0.0135274346057367,60.32806,-174.711175,Q-27,100,102,NA,7.3,1.7,320,44,15,2,4,ALL,EBS_SINGLE,140350,25-386,1,81.11,14.34,NA,0.3135,0.10780000000000001,0,5,EBS,0.34385964912280703,34.385964912280706,2.9081632653061225
-24677,EBS,2025,134,202501,156,3,0,2025-07-19,0.515,2.9170000000000003,15.906,Y,1.9680000000000002,0.0135274346057367,60.32806,-174.711175,Q-27,100,102,NA,7.3,1.7,320,44,15,2,4,ALL,EBS_SINGLE,140350,25-387,1,80.92,13.26,NA,0.3144,0.0995,0,5,EBS,0.31647582697201015,31.647582697201017,3.1597989949748744
-24677,EBS,2025,134,202501,156,3,0,2025-07-19,0.515,2.9170000000000003,15.906,Y,1.9680000000000002,0.0135274346057367,60.32806,-174.711175,Q-27,100,102,NA,7.3,1.7,320,44,15,2,4,ALL,EBS_SINGLE,140350,25-388,1,88.79,14.99,NA,0.3425,0.1058,0,5,EBS,0.3089051094890511,30.89051094890511,3.2372400756143667
-24677,EBS,2025,134,202501,156,3,0,2025-07-19,0.515,2.9170000000000003,15.906,Y,1.9680000000000002,0.0135274346057367,60.32806,-174.711175,Q-27,100,102,NA,7.3,1.7,320,44,15,2,4,ALL,EBS_SINGLE,140350,25-389,1,87.11,15.35,NA,0.3519,0.1152,0,5,EBS,0.3273657289002558,32.73657289002558,3.0546875
-24677,EBS,2025,134,202501,156,3,0,2025-07-19,0.515,2.9170000000000003,15.906,Y,1.9680000000000002,0.0135274346057367,60.32806,-174.711175,Q-27,100,102,NA,7.3,1.7,320,44,15,2,4,ALL,EBS_SINGLE,140350,25-390,1,87.79,16.25,NA,0.402,0.1185,0,5,EBS,0.29477611940298504,29.477611940298505,3.3924050632911396
-24726,EBS,2025,134,202501,167,3,0,2025-07-23,0.511,2.851,15.545,Y,2.049,0.0129212931502133,60.336009999999995,-176.72153,Q-30,134,136,NA,7.9,2.8000000000000003,411,44,15,2,4,ALL,EBS_SINGLE,140350,25-400,2,70.89,0,NA,0.3033,0.0933,0,5,EBS,0.30761622156280904,30.761622156280904,3.2508038585209005
-24513,EBS,2025,134,202501,124,3,0,2025-07-06,0.522,2.927,17.916,Y,1.97,0.0152890961590422,60.67449,-171.43371,R-22,61,63,NA,6.2,-1,229,44,15,1,4,ALL,EBS_SINGLE,140350,25-370,2,50.63,0,NA,0.3106,0.0952,0,4,EBS,0.30650354153251774,30.650354153251776,3.2626050420168062
-24513,EBS,2025,134,202501,124,3,0,2025-07-06,0.522,2.927,17.916,Y,1.97,0.0152890961590422,60.67449,-171.43371,R-22,61,63,NA,6.2,-1,229,44,15,1,4,ALL,EBS_SINGLE,140350,25-371,2,50.24,0,NA,0.3804,0.1133,0,4,EBS,0.29784437434279704,29.784437434279702,3.357458075904678
-24513,EBS,2025,134,202501,124,3,0,2025-07-06,0.522,2.927,17.916,Y,1.97,0.0152890961590422,60.67449,-171.43371,R-22,61,63,NA,6.2,-1,229,44,15,1,4,ALL,EBS_SINGLE,140350,25-372,2,52.43,0,NA,0.3106,0.0962,0,4,EBS,0.30972311654861556,30.972311654861556,3.228690228690229
-24513,EBS,2025,134,202501,124,3,0,2025-07-06,0.522,2.927,17.916,Y,1.97,0.0152890961590422,60.67449,-171.43371,R-22,61,63,NA,6.2,-1,229,44,15,1,4,ALL,EBS_SINGLE,140350,25-373,1,73.14,12.63,NA,0.3138,0.0808,0,4,EBS,0.25748884639898023,25.748884639898023,3.8836633663366342
-24637,EBS,2025,134,202501,147,3,0,2025-07-17,0.521,2.962,17.232,Y,1.9140000000000001,0.0148812281831664,60.68177,-172.12477,R-23,59,61,NA,4.4,-1.1,229,44,15,1,4,ALL,EBS_SINGLE,140350,25-384,1,72.31,12.5,NA,0.3268,0.0845,0,4,EBS,0.2585679314565484,25.856793145654837,3.8674556213017746
-24637,EBS,2025,134,202501,147,3,0,2025-07-17,0.521,2.962,17.232,Y,1.9140000000000001,0.0148812281831664,60.68177,-172.12477,R-23,59,61,NA,4.4,-1.1,229,44,15,1,4,ALL,EBS_SINGLE,140350,25-385,1,71.94,12.23,NA,0.3161,0.0809,0,4,EBS,0.25593166719392596,25.593166719392595,3.907292954264524
-24727,EBS,2025,134,202501,168,3,0,2025-07-23,0.53,3.015,15.498000000000001,Y,2.095,0.0136232588621745,60.674609999999994,-176.76557,R-30,125,127,NA,8.1,2.3000000000000003,411,44,15,1,4,ALL,EBS_SINGLE,140350,25-401,1,103.53,19.72,NA,0.3089,0.0931,0,5,EBS,0.30139203625768857,30.139203625768857,3.317937701396348
-24742,EBS,2025,162,202501,164,3,0,2025-07-23,0.5820000000000001,3.3640000000000003,15.863000000000001,Y,1.5830000000000002,0.015558199901092199,60.669214999999994,-177.504775,R-31,145,147,NA,8.1,2.1,457,44,15,2,4,ALL,EBS_SINGLE,140350,25-37,1,79.03,12.22,NA,0.3851,0.1611,0,5,EBS,0.4183329005453129,41.83329005453129,2.3904407200496585
-24742,EBS,2025,162,202501,164,3,0,2025-07-23,0.5820000000000001,3.3640000000000003,15.863000000000001,Y,1.5830000000000002,0.015558199901092199,60.669214999999994,-177.504775,R-31,145,147,NA,8.1,2.1,457,44,15,2,4,ALL,EBS_SINGLE,140350,25-38,1,76.2,15.55,NA,0.4091,0.1426,NA,5,EBS,0.34857003177707163,34.85700317770716,2.8688639551192145
-24742,EBS,2025,162,202501,164,3,0,2025-07-23,0.5820000000000001,3.3640000000000003,15.863000000000001,Y,1.5830000000000002,0.015558199901092199,60.669214999999994,-177.504775,R-31,145,147,NA,8.1,2.1,457,44,15,2,4,ALL,EBS_SINGLE,140350,25-39,2,60.96,0,NA,0.3397,0.1131,0,5,EBS,0.3329408301442449,33.294083014424494,3.0035366931918657
-24742,EBS,2025,162,202501,164,3,0,2025-07-23,0.5820000000000001,3.3640000000000003,15.863000000000001,Y,1.5830000000000002,0.015558199901092199,60.669214999999994,-177.504775,R-31,145,147,NA,8.1,2.1,457,44,15,2,4,ALL,EBS_SINGLE,140350,25-40,2,61.44,0,NA,0.348,0.1088,0,5,EBS,0.31264367816091954,31.264367816091955,3.1985294117647056
-24742,EBS,2025,162,202501,164,3,0,2025-07-23,0.5820000000000001,3.3640000000000003,15.863000000000001,Y,1.5830000000000002,0.015558199901092199,60.669214999999994,-177.504775,R-31,145,147,NA,8.1,2.1,457,44,15,2,4,ALL,EBS_SINGLE,140350,25-41,2,66.97,0,NA,0.4248,0.1384,0,5,EBS,0.32580037664783423,32.580037664783426,3.069364161849711
-24742,EBS,2025,162,202501,164,3,0,2025-07-23,0.5820000000000001,3.3640000000000003,15.863000000000001,Y,1.5830000000000002,0.015558199901092199,60.669214999999994,-177.504775,R-31,145,147,NA,8.1,2.1,457,44,15,2,4,ALL,EBS_SINGLE,140350,25-42,2,67.04,0,NA,0.3233,0.0983,0,5,EBS,0.3040519641200124,30.40519641200124,3.2889114954221768
-24512,EBS,2025,134,202501,123,3,0,2025-07-06,0.518,2.95,17.337,Y,1.995,0.0149112482654025,60.995045,-171.48372999999998,S-22,58,60,NA,6.4,-1.1,229,44,15,1,4,ALL,EBS_SINGLE,140350,25-365,2,56.14,0,NA,0.3491,0.1218,0,4,EBS,0.34889716413635063,34.889716413635064,2.8661740558292284
-24512,EBS,2025,134,202501,123,3,0,2025-07-06,0.518,2.95,17.337,Y,1.995,0.0149112482654025,60.995045,-171.48372999999998,S-22,58,60,NA,6.4,-1.1,229,44,15,1,4,ALL,EBS_SINGLE,140350,25-366,2,49.91,0,NA,0.3305,0.1334,0,4,EBS,0.4036308623298033,40.36308623298033,2.4775112443778116
-24512,EBS,2025,134,202501,123,3,0,2025-07-06,0.518,2.95,17.337,Y,1.995,0.0149112482654025,60.995045,-171.48372999999998,S-22,58,60,NA,6.4,-1.1,229,44,15,1,4,ALL,EBS_SINGLE,140350,25-367,2,51.57,0,NA,0.3259,0.1021,0,4,EBS,0.3132862841362381,31.32862841362381,3.191968658178257
-24512,EBS,2025,134,202501,123,3,0,2025-07-06,0.518,2.95,17.337,Y,1.995,0.0149112482654025,60.995045,-171.48372999999998,S-22,58,60,NA,6.4,-1.1,229,44,15,1,4,ALL,EBS_SINGLE,140350,25-368,2,50.64,0,NA,0.3115,0.1192,0,4,EBS,0.3826645264847512,38.266452648475116,2.613255033557047
-24512,EBS,2025,134,202501,123,3,0,2025-07-06,0.518,2.95,17.337,Y,1.995,0.0149112482654025,60.995045,-171.48372999999998,S-22,58,60,NA,6.4,-1.1,229,44,15,1,4,ALL,EBS_SINGLE,140350,25-369,2,50.96,0,NA,0.3274,0.1104,0,4,EBS,0.337202199144777,33.7202199144777,2.9655797101449277
-24757,EBS,2025,134,202501,170,3,0,2025-07-24,0.522,2.966,15.366000000000001,Y,2.194,0.0132877060299126,61.34319,-176.96614,T-30,114,116,NA,7.8,1.8,366,44,15,1,4,ALL,EBS_SINGLE,140350,25-402,1,90.9,16.54,NA,0.2983,0.0997,0,5,EBS,0.33422728796513573,33.422728796513574,2.99197592778335
-24757,EBS,2025,134,202501,170,3,0,2025-07-24,0.522,2.966,15.366000000000001,Y,2.194,0.0132877060299126,61.34319,-176.96614,T-30,114,116,NA,7.8,1.8,366,44,15,1,4,ALL,EBS_SINGLE,140350,25-403,1,91.97,16.05,NA,0.2976,0.0852,0,5,EBS,0.2862903225806452,28.62903225806452,3.492957746478873
-24757,EBS,2025,134,202501,170,3,0,2025-07-24,0.522,2.966,15.366000000000001,Y,2.194,0.0132877060299126,61.34319,-176.96614,T-30,114,116,NA,7.8,1.8,366,44,15,1,4,ALL,EBS_SINGLE,140350,25-404,1,94.59,17.21,NA,0.33,0.1059,0,5,EBS,0.32090909090909087,32.090909090909086,3.11614730878187
-24757,EBS,2025,134,202501,170,3,0,2025-07-24,0.522,2.966,15.366000000000001,Y,2.194,0.0132877060299126,61.34319,-176.96614,T-30,114,116,NA,7.8,1.8,366,44,15,1,4,ALL,EBS_SINGLE,140350,25-405,1,88.72,16.41,NA,0.2977,0.0911,0,5,EBS,0.3060127645280484,30.60127645280484,3.2678375411635567
-24757,EBS,2025,134,202501,170,3,0,2025-07-24,0.522,2.966,15.366000000000001,Y,2.194,0.0132877060299126,61.34319,-176.96614,T-30,114,116,NA,7.8,1.8,366,44,15,1,4,ALL,EBS_SINGLE,140350,25-406,1,91.36,16.52,NA,0.3497,0.1094,0,5,EBS,0.3128395767800972,31.28395767800972,3.1965265082266914
-24757,EBS,2025,134,202501,170,3,0,2025-07-24,0.522,2.966,15.366000000000001,Y,2.194,0.0132877060299126,61.34319,-176.96614,T-30,114,116,NA,7.8,1.8,366,44,15,1,4,ALL,EBS_SINGLE,140350,25-407,2,65.16,0,NA,0.3369,0.1195,0,5,EBS,0.35470466013653906,35.470466013653905,2.819246861924686
-24758,EBS,2025,134,202501,171,3,0,2025-07-24,0.51,2.894,16.05,Y,2.157,0.013542274088145,61.633359999999996,-176.47116499999998,U-29,103,105,NA,7.8,1.1,320,44,15,1,4,ALL,EBS_SINGLE,140350,25-408,1,86.69,15.21,NA,0.3079,0.1175,0,5,EBS,0.3816174082494316,38.16174082494316,2.620425531914894
-24758,EBS,2025,134,202501,171,3,0,2025-07-24,0.51,2.894,16.05,Y,2.157,0.013542274088145,61.633359999999996,-176.47116499999998,U-29,103,105,NA,7.8,1.1,320,44,15,1,4,ALL,EBS_SINGLE,140350,25-409,1,90.46,14.35,NA,0.3017,0.089,0,5,EBS,0.29499502817368245,29.499502817368246,3.3898876404494387
-24758,EBS,2025,134,202501,171,3,0,2025-07-24,0.51,2.894,16.05,Y,2.157,0.013542274088145,61.633359999999996,-176.47116499999998,U-29,103,105,NA,7.8,1.1,320,44,15,1,4,ALL,EBS_SINGLE,140350,25-410,1,84.09,18.44,NA,0.4527,0.1389,NA,5,EBS,0.30682571239231277,30.682571239231276,3.2591792656587475
-24758,EBS,2025,134,202501,171,3,0,2025-07-24,0.51,2.894,16.05,Y,2.157,0.013542274088145,61.633359999999996,-176.47116499999998,U-29,103,105,NA,7.8,1.1,320,44,15,1,4,ALL,EBS_SINGLE,140350,25-411,1,87.86,16.01,NA,0.3202,0.1077,0,5,EBS,0.33635227982510935,33.63522798251093,2.973073351903435
-19847,NBS,2019,162,201902,42,3,0,2019-08-13,0.521,2.878,17.12,Y,2.8920000000000003,0.014365230067056,63.6616,-172.72116499999998,AA-23,53,56,NA,9.8,0.3,229,44,15,1,1,ALL,NBS_SINGLE,57744,2019-100,2,46.14,0,33.1,0.6616,0.0956,0,8,NBS,0.1444981862152358,14.44981862152358,6.920502092050208
-19847,NBS,2019,162,201902,42,3,0,2019-08-13,0.521,2.878,17.12,Y,2.8920000000000003,0.014365230067056,63.6616,-172.72116499999998,AA-23,53,56,NA,9.8,0.3,229,44,15,1,1,ALL,NBS_SINGLE,57744,2019-101,2,41.34,0,25.3,0.6655,0.0968,0,8,NBS,0.14545454545454545,14.545454545454545,6.875
-19847,NBS,2019,162,201902,42,3,0,2019-08-13,0.521,2.878,17.12,Y,2.8920000000000003,0.014365230067056,63.6616,-172.72116499999998,AA-23,53,56,NA,9.8,0.3,229,44,15,1,1,ALL,NBS_SINGLE,57744,2019-102,2,42.58,0,22.8,0.4508,0.0974,0,8,NBS,0.2160603371783496,21.60603371783496,4.628336755646817
-19847,NBS,2019,162,201902,42,3,0,2019-08-13,0.521,2.878,17.12,Y,2.8920000000000003,0.014365230067056,63.6616,-172.72116499999998,AA-23,53,56,NA,9.8,0.3,229,44,15,1,1,ALL,NBS_SINGLE,57744,2019-103,2,57.94,0,65,1.3231,0.2877,0,8,NBS,0.21744388179275945,21.744388179275944,4.598887730274591
-19847,NBS,2019,162,201902,42,3,0,2019-08-13,0.521,2.878,17.12,Y,2.8920000000000003,0.014365230067056,63.6616,-172.72116499999998,AA-23,53,56,NA,9.8,0.3,229,44,15,1,1,ALL,NBS_SINGLE,57744,2019-104,2,48.8,0,35.1,0.9236,0.2553,0,8,NBS,0.27641836292767435,27.641836292767437,3.6177046611829216
-19847,NBS,2019,162,201902,42,3,0,2019-08-13,0.521,2.878,17.12,Y,2.8920000000000003,0.014365230067056,63.6616,-172.72116499999998,AA-23,53,56,NA,9.8,0.3,229,44,15,1,1,ALL,NBS_SINGLE,57744,2019-105,2,55.67,0,69.2,0.5605,0.0885,0,8,NBS,0.15789473684210525,15.789473684210526,6.333333333333334
-19847,NBS,2019,162,201902,42,3,0,2019-08-13,0.521,2.878,17.12,Y,2.8920000000000003,0.014365230067056,63.6616,-172.72116499999998,AA-23,53,56,NA,9.8,0.3,229,44,15,1,1,ALL,NBS_SINGLE,57744,2019-106,2,50.81,0,46.4,0.7676,0.1425,0,8,NBS,0.18564356435643564,18.564356435643564,5.386666666666667
-19847,NBS,2019,162,201902,42,3,0,2019-08-13,0.521,2.878,17.12,Y,2.8920000000000003,0.014365230067056,63.6616,-172.72116499999998,AA-23,53,56,NA,9.8,0.3,229,44,15,1,1,ALL,NBS_SINGLE,57744,2019-107,2,51.14,0,53.1,0.4744,0.1335,0,8,NBS,0.2814080944350759,28.140809443507592,3.5535580524344565
-19847,NBS,2019,162,201902,42,3,0,2019-08-13,0.521,2.878,17.12,Y,2.8920000000000003,0.014365230067056,63.6616,-172.72116499999998,AA-23,53,56,NA,9.8,0.3,229,44,15,1,1,ALL,NBS_SINGLE,57744,2019-108,2,51.55,0,49.4,0.527,0.0743,0,8,NBS,0.1409867172675522,14.098671726755219,7.0928667563930015
-19847,NBS,2019,162,201902,42,3,0,2019-08-13,0.521,2.878,17.12,Y,2.8920000000000003,0.014365230067056,63.6616,-172.72116499999998,AA-23,53,56,NA,9.8,0.3,229,44,15,1,1,ALL,NBS_SINGLE,57744,2019-109,2,49.67,0,46,1.0054,0.1958,0,8,NBS,0.19474835886214442,19.474835886214443,5.134831460674158
-19847,NBS,2019,162,201902,42,3,0,2019-08-13,0.521,2.878,17.12,Y,2.8920000000000003,0.014365230067056,63.6616,-172.72116499999998,AA-23,53,56,NA,9.8,0.3,229,44,15,1,1,ALL,NBS_SINGLE,57744,2019-110,2,54.7,0,65.7,1.5483,0.2247,0,8,NBS,0.14512691338887812,14.512691338887812,6.890520694259012
-19847,NBS,2019,162,201902,42,3,0,2019-08-13,0.521,2.878,17.12,Y,2.8920000000000003,0.014365230067056,63.6616,-172.72116499999998,AA-23,53,56,NA,9.8,0.3,229,44,15,1,1,ALL,NBS_SINGLE,57744,2019-111,2,51.82,0,49.8,0.5115,0.1097,0,8,NBS,0.21446725317693063,21.446725317693062,4.662716499544211
-19847,NBS,2019,162,201902,42,3,0,2019-08-13,0.521,2.878,17.12,Y,2.8920000000000003,0.014365230067056,63.6616,-172.72116499999998,AA-23,53,56,NA,9.8,0.3,229,44,15,1,1,ALL,NBS_SINGLE,57744,2019-112,2,51.02,0,48.6,0.4361,0.1171,0,8,NBS,0.2685163953221738,26.85163953221738,3.7241673783091374
-19847,NBS,2019,162,201902,42,3,0,2019-08-13,0.521,2.878,17.12,Y,2.8920000000000003,0.014365230067056,63.6616,-172.72116499999998,AA-23,53,56,NA,9.8,0.3,229,44,15,1,1,ALL,NBS_SINGLE,57744,2019-90,2,44.92,0,29.4,0.6171,0.1303,0,8,NBS,0.2111489223788689,21.114892237886888,4.735993860322333
-19847,NBS,2019,162,201902,42,3,0,2019-08-13,0.521,2.878,17.12,Y,2.8920000000000003,0.014365230067056,63.6616,-172.72116499999998,AA-23,53,56,NA,9.8,0.3,229,44,15,1,1,ALL,NBS_SINGLE,57744,2019-91,2,39.11,0,20.7,0.5651,0.1339,0,8,NBS,0.23694921252875595,23.694921252875595,4.220313666915609
-19847,NBS,2019,162,201902,42,3,0,2019-08-13,0.521,2.878,17.12,Y,2.8920000000000003,0.014365230067056,63.6616,-172.72116499999998,AA-23,53,56,NA,9.8,0.3,229,44,15,1,1,ALL,NBS_SINGLE,57744,2019-92,2,46.98,0,33.7,0.6216,0.0749,0,8,NBS,0.12049549549549547,12.049549549549548,8.29906542056075
-19847,NBS,2019,162,201902,42,3,0,2019-08-13,0.521,2.878,17.12,Y,2.8920000000000003,0.014365230067056,63.6616,-172.72116499999998,AA-23,53,56,NA,9.8,0.3,229,44,15,1,1,ALL,NBS_SINGLE,57744,2019-93,2,48.55,0,37.6,0.9526,0.1584,0,8,NBS,0.16628175519630486,16.628175519630485,6.013888888888888
-19847,NBS,2019,162,201902,42,3,0,2019-08-13,0.521,2.878,17.12,Y,2.8920000000000003,0.014365230067056,63.6616,-172.72116499999998,AA-23,53,56,NA,9.8,0.3,229,44,15,1,1,ALL,NBS_SINGLE,57744,2019-94,2,45.03,0,27.8,1.1962,0.1239,0,8,NBS,0.10357799699046982,10.357799699046982,9.6545601291364
-19847,NBS,2019,162,201902,42,3,0,2019-08-13,0.521,2.878,17.12,Y,2.8920000000000003,0.014365230067056,63.6616,-172.72116499999998,AA-23,53,56,NA,9.8,0.3,229,44,15,1,1,ALL,NBS_SINGLE,57744,2019-95,2,43.22,0,30.4,0.6477,0.0773,0,8,NBS,0.11934537594565384,11.934537594565384,8.379042690815007
-19847,NBS,2019,162,201902,42,3,0,2019-08-13,0.521,2.878,17.12,Y,2.8920000000000003,0.014365230067056,63.6616,-172.72116499999998,AA-23,53,56,NA,9.8,0.3,229,44,15,1,1,ALL,NBS_SINGLE,57744,2019-96,2,50.09,0,40.6,0.6292,0.1023,0,8,NBS,0.1625874125874126,16.25874125874126,6.150537634408602
-19847,NBS,2019,162,201902,42,3,0,2019-08-13,0.521,2.878,17.12,Y,2.8920000000000003,0.014365230067056,63.6616,-172.72116499999998,AA-23,53,56,NA,9.8,0.3,229,44,15,1,1,ALL,NBS_SINGLE,57744,2019-98,2,41.65,0,25,0.9324,0.2098,0,8,NBS,0.225010725010725,22.5010725010725,4.444232602478551
-19847,NBS,2019,162,201902,42,3,0,2019-08-13,0.521,2.878,17.12,Y,2.8920000000000003,0.014365230067056,63.6616,-172.72116499999998,AA-23,53,56,NA,9.8,0.3,229,44,15,1,1,ALL,NBS_SINGLE,57744,2019-99,2,48.34,0,37.2,0.819,0.1211,0,8,NBS,0.14786324786324787,14.786324786324787,6.763005780346821
-19766,NBS,2019,162,201902,33,3,1.12,2019-08-09,0.281,1.5330000000000001,16.345000000000002,Y,2.9610000000000003,0.00730541876231475,64.66013,-169.120555,DD-18,41,44,NA,8.4,2.2,183,44,15,1,1,ALL,NBS_SINGLE,57744,2019-130,2,54.18,0,67,0.3993,0.1535,0,9,NBS,0.38442273979464064,38.44227397946406,2.6013029315960914
-19766,NBS,2019,162,201902,33,3,1.12,2019-08-09,0.281,1.5330000000000001,16.345000000000002,Y,2.9610000000000003,0.00730541876231475,64.66013,-169.120555,DD-18,41,44,NA,8.4,2.2,183,44,15,1,1,ALL,NBS_SINGLE,57744,2019-131,2,55.15,0,58.4,0.7923,0.3371,0,9,NBS,0.425470150195633,42.5470150195633,2.350341145060813
-19766,NBS,2019,162,201902,33,3,1.12,2019-08-09,0.281,1.5330000000000001,16.345000000000002,Y,2.9610000000000003,0.00730541876231475,64.66013,-169.120555,DD-18,41,44,NA,8.4,2.2,183,44,15,1,1,ALL,NBS_SINGLE,57744,2019-132,2,49.98,0,44.2,0.7262,0.3108,0,9,NBS,0.42798127237675576,42.79812723767557,2.336550836550836
-19731,NBS,2019,162,201902,20,3,0,2019-08-06,0.508,2.7840000000000003,17.272000000000002,Y,2.798,0.0140194151399808,65.01249,-169.11489,EE-18,46,49,NA,4.7,2.3000000000000003,183,44,15,2,1,ALL,NBS_SINGLE,57744,2019-177,1,56.47,7.24,69.1,1.0054,0.2723,0,9,NBS,0.27083747762084737,27.083747762084737,3.692251193536541
-19731,NBS,2019,162,201902,20,3,0,2019-08-06,0.508,2.7840000000000003,17.272000000000002,Y,2.798,0.0140194151399808,65.01249,-169.11489,EE-18,46,49,NA,4.7,2.3000000000000003,183,44,15,2,1,ALL,NBS_SINGLE,57744,2019-178,1,62.66,8.96,85.8,0.7301,0.193,0,9,NBS,0.2643473496781263,26.434734967812627,3.7829015544041447
-19731,NBS,2019,162,201902,20,3,0,2019-08-06,0.508,2.7840000000000003,17.272000000000002,Y,2.798,0.0140194151399808,65.01249,-169.11489,EE-18,46,49,NA,4.7,2.3000000000000003,183,44,15,2,1,ALL,NBS_SINGLE,57744,2019-179,1,66.29,11.23,116.2,1.0169,0.2774,0,9,NBS,0.27278985150948964,27.278985150948966,3.665825522710887
-19731,NBS,2019,162,201902,20,3,0,2019-08-06,0.508,2.7840000000000003,17.272000000000002,Y,2.798,0.0140194151399808,65.01249,-169.11489,EE-18,46,49,NA,4.7,2.3000000000000003,183,44,15,2,1,ALL,NBS_SINGLE,57744,2019-180,2,56.27,0,55.1,0.6082,0.1836,0,9,NBS,0.30187438342650447,30.187438342650445,3.3126361655773415
-19731,NBS,2019,162,201902,20,3,0,2019-08-06,0.508,2.7840000000000003,17.272000000000002,Y,2.798,0.0140194151399808,65.01249,-169.11489,EE-18,46,49,NA,4.7,2.3000000000000003,183,44,15,2,1,ALL,NBS_SINGLE,57744,2019-181,2,49.02,0,41.7,0.7711,0.2397,0,9,NBS,0.3108546232654649,31.08546232654649,3.2169378389653733
-19731,NBS,2019,162,201902,20,3,0,2019-08-06,0.508,2.7840000000000003,17.272000000000002,Y,2.798,0.0140194151399808,65.01249,-169.11489,EE-18,46,49,NA,4.7,2.3000000000000003,183,44,15,2,1,ALL,NBS_SINGLE,57744,2019-182,2,49.5,0,41.8,0.5153,0.1877,0,9,NBS,0.3642538327188046,36.42538327188046,2.745338305807139
-19731,NBS,2019,162,201902,20,3,0,2019-08-06,0.508,2.7840000000000003,17.272000000000002,Y,2.798,0.0140194151399808,65.01249,-169.11489,EE-18,46,49,NA,4.7,2.3000000000000003,183,44,15,2,1,ALL,NBS_SINGLE,57744,2019-183,2,55.49,0,55,0.6205,0.2012,0,9,NBS,0.32425463336019333,32.425463336019334,3.083996023856859
-19731,NBS,2019,162,201902,20,3,0,2019-08-06,0.508,2.7840000000000003,17.272000000000002,Y,2.798,0.0140194151399808,65.01249,-169.11489,EE-18,46,49,NA,4.7,2.3000000000000003,183,44,15,2,1,ALL,NBS_SINGLE,57744,2019-184,2,57.94,0,69.9,0.8346,0.2963,0,9,NBS,0.35502036903906065,35.50203690390607,2.8167397907526155
-19730,NBS,2019,162,201902,19,3,0,2019-08-06,0.505,2.6990000000000003,16.411,Y,3.117,0.012913856790468201,65.01169,-169.902515,EE-19,47,50,NA,3.9,2.8000000000000003,183,44,15,1,1,ALL,NBS_SINGLE,57744,2019-113,2,54.18,0,59.1,0.5302,0.2137,0,9,NBS,0.4030554507732931,40.305545077329306,2.4810481984089847
-19730,NBS,2019,162,201902,19,3,0,2019-08-06,0.505,2.6990000000000003,16.411,Y,3.117,0.012913856790468201,65.01169,-169.902515,EE-19,47,50,NA,3.9,2.8000000000000003,183,44,15,1,1,ALL,NBS_SINGLE,57744,2019-114,2,64.06,0,115.6,0.5842,0.1498,0,9,NBS,0.25641903457719956,25.641903457719955,3.899866488651536
-19730,NBS,2019,162,201902,19,3,0,2019-08-06,0.505,2.6990000000000003,16.411,Y,3.117,0.012913856790468201,65.01169,-169.902515,EE-19,47,50,NA,3.9,2.8000000000000003,183,44,15,1,1,ALL,NBS_SINGLE,57744,2019-115,2,67.22,0,112.9,1.2918,0.3646,0,9,NBS,0.28224183310109924,28.224183310109925,3.543060888645091
-19730,NBS,2019,162,201902,19,3,0,2019-08-06,0.505,2.6990000000000003,16.411,Y,3.117,0.012913856790468201,65.01169,-169.902515,EE-19,47,50,NA,3.9,2.8000000000000003,183,44,15,1,1,ALL,NBS_SINGLE,57744,2019-116,2,65.6,0,112.3,0.9736,0.2892,0,9,NBS,0.2970419063270337,29.70419063270337,3.3665283540802213
-19730,NBS,2019,162,201902,19,3,0,2019-08-06,0.505,2.6990000000000003,16.411,Y,3.117,0.012913856790468201,65.01169,-169.902515,EE-19,47,50,NA,3.9,2.8000000000000003,183,44,15,1,1,ALL,NBS_SINGLE,57744,2019-117,2,62.09,0,102.5,1.0122,0.2453,0,9,NBS,0.24234341039320292,24.23434103932029,4.12637586628618
-19730,NBS,2019,162,201902,19,3,0,2019-08-06,0.505,2.6990000000000003,16.411,Y,3.117,0.012913856790468201,65.01169,-169.902515,EE-19,47,50,NA,3.9,2.8000000000000003,183,44,15,1,1,ALL,NBS_SINGLE,57744,2019-118,2,53.56,0,63.3,0.8905,0.2577,0,9,NBS,0.2893879842784952,28.93879842784952,3.455568490492821
-19730,NBS,2019,162,201902,19,3,0,2019-08-06,0.505,2.6990000000000003,16.411,Y,3.117,0.012913856790468201,65.01169,-169.902515,EE-19,47,50,NA,3.9,2.8000000000000003,183,44,15,1,1,ALL,NBS_SINGLE,57744,2019-119,2,56.68,0,73.6,1.3093,0.4049,0,9,NBS,0.3092492171389292,30.92492171389292,3.233637935292665
-19730,NBS,2019,162,201902,19,3,0,2019-08-06,0.505,2.6990000000000003,16.411,Y,3.117,0.012913856790468201,65.01169,-169.902515,EE-19,47,50,NA,3.9,2.8000000000000003,183,44,15,1,1,ALL,NBS_SINGLE,57744,2019-78,2,57.31,0,63.6,0.7926,0.2051,0,9,NBS,0.25876860963916226,25.876860963916226,3.864456362749878
-19730,NBS,2019,162,201902,19,3,0,2019-08-06,0.505,2.6990000000000003,16.411,Y,3.117,0.012913856790468201,65.01169,-169.902515,EE-19,47,50,NA,3.9,2.8000000000000003,183,44,15,1,1,ALL,NBS_SINGLE,57744,2019-79,2,47.46,0,36.8,0.5494,0.1936,0,9,NBS,0.3523844193665817,35.23844193665817,2.837809917355372
-19730,NBS,2019,162,201902,19,3,0,2019-08-06,0.505,2.6990000000000003,16.411,Y,3.117,0.012913856790468201,65.01169,-169.902515,EE-19,47,50,NA,3.9,2.8000000000000003,183,44,15,1,1,ALL,NBS_SINGLE,57744,2019-80,2,57.93,0,67.8,0.5286,0.197,0,9,NBS,0.37268255769958386,37.26825576995839,2.6832487309644666
-19730,NBS,2019,162,201902,19,3,0,2019-08-06,0.505,2.6990000000000003,16.411,Y,3.117,0.012913856790468201,65.01169,-169.902515,EE-19,47,50,NA,3.9,2.8000000000000003,183,44,15,1,1,ALL,NBS_SINGLE,57744,2019-81,2,46.03,0,33.6,0.4592,0.0888,0,9,NBS,0.19337979094076657,19.33797909407666,5.171171171171171
-19730,NBS,2019,162,201902,19,3,0,2019-08-06,0.505,2.6990000000000003,16.411,Y,3.117,0.012913856790468201,65.01169,-169.902515,EE-19,47,50,NA,3.9,2.8000000000000003,183,44,15,1,1,ALL,NBS_SINGLE,57744,2019-82,2,44.15,0,27.6,0.4421,0.191,0,9,NBS,0.4320289527256277,43.20289527256277,2.3146596858638744
-19730,NBS,2019,162,201902,19,3,0,2019-08-06,0.505,2.6990000000000003,16.411,Y,3.117,0.012913856790468201,65.01169,-169.902515,EE-19,47,50,NA,3.9,2.8000000000000003,183,44,15,1,1,ALL,NBS_SINGLE,57744,2019-83,2,48.28,0,37.1,0.6682,0.1779,0,9,NBS,0.26623765339718647,26.62376533971865,3.756042720629567
-19730,NBS,2019,162,201902,19,3,0,2019-08-06,0.505,2.6990000000000003,16.411,Y,3.117,0.012913856790468201,65.01169,-169.902515,EE-19,47,50,NA,3.9,2.8000000000000003,183,44,15,1,1,ALL,NBS_SINGLE,57744,2019-84,2,40.82,0,22.9,0.8721,0.133,0,9,NBS,0.1525054466230937,15.25054466230937,6.557142857142857
-19730,NBS,2019,162,201902,19,3,0,2019-08-06,0.505,2.6990000000000003,16.411,Y,3.117,0.012913856790468201,65.01169,-169.902515,EE-19,47,50,NA,3.9,2.8000000000000003,183,44,15,1,1,ALL,NBS_SINGLE,57744,2019-85,2,45.46,0,31.1,0.6836,0.1618,0,9,NBS,0.2366881217086015,23.66881217086015,4.224969097651422
-19730,NBS,2019,162,201902,19,3,0,2019-08-06,0.505,2.6990000000000003,16.411,Y,3.117,0.012913856790468201,65.01169,-169.902515,EE-19,47,50,NA,3.9,2.8000000000000003,183,44,15,1,1,ALL,NBS_SINGLE,57744,2019-86,2,38.37,0,21.9,0.4464,0.0949,0,9,NBS,0.212589605734767,21.258960573476703,4.7038988408851425
-19730,NBS,2019,162,201902,19,3,0,2019-08-06,0.505,2.6990000000000003,16.411,Y,3.117,0.012913856790468201,65.01169,-169.902515,EE-19,47,50,NA,3.9,2.8000000000000003,183,44,15,1,1,ALL,NBS_SINGLE,57744,2019-87,2,47.75,0,35.3,0.7684,0.2007,0,9,NBS,0.2611920874544508,26.119208745445082,3.828599900348779
-19730,NBS,2019,162,201902,19,3,0,2019-08-06,0.505,2.6990000000000003,16.411,Y,3.117,0.012913856790468201,65.01169,-169.902515,EE-19,47,50,NA,3.9,2.8000000000000003,183,44,15,1,1,ALL,NBS_SINGLE,57744,2019-88,2,45.15,0,30.1,0.7718,0.2152,0,9,NBS,0.2788287121015807,27.882871210158072,3.5864312267657996
-19730,NBS,2019,162,201902,19,3,0,2019-08-06,0.505,2.6990000000000003,16.411,Y,3.117,0.012913856790468201,65.01169,-169.902515,EE-19,47,50,NA,3.9,2.8000000000000003,183,44,15,1,1,ALL,NBS_SINGLE,57744,2019-89,2,41.52,0,23.8,0.4827,0.1461,0,9,NBS,0.3026724673710379,30.267246737103793,3.303901437371663
-19582,NBS,2019,162,201902,17,3,0,2019-08-05,0.497,2.725,16.679000000000002,Y,2.931,0.0132511799346713,65.335015,-168.387785,FF-01,50,53,NA,10.6,3.9,183,44,15,1,1,ALL,NBS_SINGLE,57744,2019-75,2,44.07,0,30.5,0.5572,0.1546,0,9,NBS,0.27745872218234024,27.745872218234023,3.604139715394567
-19582,NBS,2019,162,201902,17,3,0,2019-08-05,0.497,2.725,16.679000000000002,Y,2.931,0.0132511799346713,65.335015,-168.387785,FF-01,50,53,NA,10.6,3.9,183,44,15,1,1,ALL,NBS_SINGLE,57744,2019-76,2,43.64,0,26.2,0.5437,0.1287,0,9,NBS,0.23671142173993015,23.671142173993015,4.224553224553224
-19582,NBS,2019,162,201902,17,3,0,2019-08-05,0.497,2.725,16.679000000000002,Y,2.931,0.0132511799346713,65.335015,-168.387785,FF-01,50,53,NA,10.6,3.9,183,44,15,1,1,ALL,NBS_SINGLE,57744,2019-77,2,43.2,0,24,0.641,0.1609,0,9,NBS,0.25101404056162246,25.101404056162245,3.9838408949658177
-19583,NBS,2019,162,201902,18,3,2.4,2019-08-05,0.499,2.7510000000000003,15.11,Y,3.112,0.0121191759469935,65.22396499999999,-168.90443499999998,FF-18,50,53,NA,7.5,2.1,183,44,15,2,1,ALL,NBS_SINGLE,57744,2019-127,2,50.97,0,56.1,0.4873,0.1529,0,9,NBS,0.31376975169300225,31.376975169300223,3.18705035971223
-19583,NBS,2019,162,201902,18,3,2.4,2019-08-05,0.499,2.7510000000000003,15.11,Y,3.112,0.0121191759469935,65.22396499999999,-168.90443499999998,FF-18,50,53,NA,7.5,2.1,183,44,15,2,1,ALL,NBS_SINGLE,57744,2019-128,2,51.1,0,46.4,0.8719,0.2534,0,9,NBS,0.29062965936460605,29.062965936460607,3.4408050513022888
-19583,NBS,2019,162,201902,18,3,2.4,2019-08-05,0.499,2.7510000000000003,15.11,Y,3.112,0.0121191759469935,65.22396499999999,-168.90443499999998,FF-18,50,53,NA,7.5,2.1,183,44,15,2,1,ALL,NBS_SINGLE,57744,2019-129,2,60.58,0,90.2,0.8614,0.215,0,9,NBS,0.24959368469932666,24.959368469932667,4.006511627906977
-19496,NBS,2019,94,201902,1,3,0,2019-07-29,0.525,2.777,17.449,Y,2.418,0.0141274721003246,62.00723,-173.080015,V-24,56,58,NA,10.8,0.8,125,44,15,2,1,ALL,NBS_SINGLE,57744,2019-11,1,55.53,7.92,67.8,1.1139,0.2632,0,7,NBS,0.23628691983122363,23.628691983122362,4.232142857142857
-19496,NBS,2019,94,201902,1,3,0,2019-07-29,0.525,2.777,17.449,Y,2.418,0.0141274721003246,62.00723,-173.080015,V-24,56,58,NA,10.8,0.8,125,44,15,2,1,ALL,NBS_SINGLE,57744,2019-25,1,70.77,10.17,126.9,1.0229,0.2416,0,7,NBS,0.23619122103822468,23.61912210382247,4.233857615894039
-19496,NBS,2019,94,201902,1,3,0,2019-07-29,0.525,2.777,17.449,Y,2.418,0.0141274721003246,62.00723,-173.080015,V-24,56,58,NA,10.8,0.8,125,44,15,2,1,ALL,NBS_SINGLE,57744,2019-41,1,75.41,11.19,175,0.8136,0.2258,0,7,NBS,0.2775319567354966,27.75319567354966,3.6031886625332152
-19496,NBS,2019,94,201902,1,3,0,2019-07-29,0.525,2.777,17.449,Y,2.418,0.0141274721003246,62.00723,-173.080015,V-24,56,58,NA,10.8,0.8,125,44,15,2,1,ALL,NBS_SINGLE,57744,2019-48,2,47.83,0,37.5,0.5121,0.1211,0,7,NBS,0.2364772505370045,23.647725053700448,4.2287365813377376
-19496,NBS,2019,94,201902,1,3,0,2019-07-29,0.525,2.777,17.449,Y,2.418,0.0141274721003246,62.00723,-173.080015,V-24,56,58,NA,10.8,0.8,125,44,15,2,1,ALL,NBS_SINGLE,57744,2019-49,2,51.55,0,47.7,0.5915,0.1787,0,7,NBS,0.30211327134404053,30.211327134404055,3.310016787912703
-19496,NBS,2019,94,201902,1,3,0,2019-07-29,0.525,2.777,17.449,Y,2.418,0.0141274721003246,62.00723,-173.080015,V-24,56,58,NA,10.8,0.8,125,44,15,2,1,ALL,NBS_SINGLE,57744,2019-50,2,51.45,0,43,0.6835,0.1733,0,7,NBS,0.25354791514264813,25.354791514264814,3.9440276976341604
-19496,NBS,2019,94,201902,1,3,0,2019-07-29,0.525,2.777,17.449,Y,2.418,0.0141274721003246,62.00723,-173.080015,V-24,56,58,NA,10.8,0.8,125,44,15,2,1,ALL,NBS_SINGLE,57744,2019-51,2,49.08,0,39.6,0.4733,0.1323,0,7,NBS,0.27952672723431227,27.952672723431228,3.5774754346182918
-19496,NBS,2019,94,201902,1,3,0,2019-07-29,0.525,2.777,17.449,Y,2.418,0.0141274721003246,62.00723,-173.080015,V-24,56,58,NA,10.8,0.8,125,44,15,2,1,ALL,NBS_SINGLE,57744,2019-52,2,48.59,0,38.4,0.5756,0.1024,0,7,NBS,0.17790132036136205,17.790132036136207,5.62109375
-19496,NBS,2019,94,201902,1,3,0,2019-07-29,0.525,2.777,17.449,Y,2.418,0.0141274721003246,62.00723,-173.080015,V-24,56,58,NA,10.8,0.8,125,44,15,2,1,ALL,NBS_SINGLE,57744,2019-53,2,43.24,0,28,0.6297,0.2076,0,7,NBS,0.32968080038113384,32.968080038113385,3.0332369942196533
-19496,NBS,2019,94,201902,1,3,0,2019-07-29,0.525,2.777,17.449,Y,2.418,0.0141274721003246,62.00723,-173.080015,V-24,56,58,NA,10.8,0.8,125,44,15,2,1,ALL,NBS_SINGLE,57744,2019-54,2,49.9,0,39.3,0.5319,0.1521,0,7,NBS,0.2859560067681895,28.59560067681895,3.497041420118343
-19496,NBS,2019,94,201902,1,3,0,2019-07-29,0.525,2.777,17.449,Y,2.418,0.0141274721003246,62.00723,-173.080015,V-24,56,58,NA,10.8,0.8,125,44,15,2,1,ALL,NBS_SINGLE,57744,2019-55,2,48.16,0,38.9,0.5616,0.2141,0,7,NBS,0.38123219373219375,38.12321937321938,2.6230733302195235
-19496,NBS,2019,94,201902,1,3,0,2019-07-29,0.525,2.777,17.449,Y,2.418,0.0141274721003246,62.00723,-173.080015,V-24,56,58,NA,10.8,0.8,125,44,15,2,1,ALL,NBS_SINGLE,57744,2019-56,2,50.22,0,40.1,0.6405,0.13,0,7,NBS,0.20296643247462923,20.296643247462924,4.926923076923076
-19496,NBS,2019,94,201902,1,3,0,2019-07-29,0.525,2.777,17.449,Y,2.418,0.0141274721003246,62.00723,-173.080015,V-24,56,58,NA,10.8,0.8,125,44,15,2,1,ALL,NBS_SINGLE,57744,2019-57,2,52.24,0,44.8,0.5479,0.1462,0,7,NBS,0.2668370140536594,26.68370140536594,3.7476060191518474
-19496,NBS,2019,94,201902,1,3,0,2019-07-29,0.525,2.777,17.449,Y,2.418,0.0141274721003246,62.00723,-173.080015,V-24,56,58,NA,10.8,0.8,125,44,15,2,1,ALL,NBS_SINGLE,57744,2019-58,2,42.88,0,24.8,0.5981,0.1333,0,7,NBS,0.22287242935963889,22.28724293596389,4.486871717929482
-19496,NBS,2019,94,201902,1,3,0,2019-07-29,0.525,2.777,17.449,Y,2.418,0.0141274721003246,62.00723,-173.080015,V-24,56,58,NA,10.8,0.8,125,44,15,2,1,ALL,NBS_SINGLE,57744,2019-59,2,51.3,0,45.1,0.5809,0.1474,0,7,NBS,0.25374419004992255,25.374419004992255,3.940976933514247
-19496,NBS,2019,94,201902,1,3,0,2019-07-29,0.525,2.777,17.449,Y,2.418,0.0141274721003246,62.00723,-173.080015,V-24,56,58,NA,10.8,0.8,125,44,15,2,1,ALL,NBS_SINGLE,57744,2019-60,2,56.04,0,56.1,0.784,0.2323,0,7,NBS,0.29630102040816325,29.630102040816325,3.374946190271201
-19496,NBS,2019,94,201902,1,3,0,2019-07-29,0.525,2.777,17.449,Y,2.418,0.0141274721003246,62.00723,-173.080015,V-24,56,58,NA,10.8,0.8,125,44,15,2,1,ALL,NBS_SINGLE,57744,2019-61,2,51.76,0,44.5,0.5409,0.1504,0,7,NBS,0.2780550933629137,27.80550933629137,3.596409574468085
-19486,NBS,2019,162,201902,2,3,0,2019-07-29,0.49500000000000005,2.7070000000000003,17.93,Y,2.6430000000000002,0.014150982087808501,62.335119999999996,-174.57172500000001,W-26,68,71,NA,10.3,-0.5,229,44,15,1,1,ALL,NBS_SINGLE,57744,2019-133,2,57.21,0,63.6,0.7668,0.1829,0,7,NBS,0.23852373500260823,23.852373500260825,4.1924548933843635
-19486,NBS,2019,162,201902,2,3,0,2019-07-29,0.49500000000000005,2.7070000000000003,17.93,Y,2.6430000000000002,0.014150982087808501,62.335119999999996,-174.57172500000001,W-26,68,71,NA,10.3,-0.5,229,44,15,1,1,ALL,NBS_SINGLE,57744,2019-134,2,55.51,0,57,0.8562,0.213,0,7,NBS,0.24877365101611773,24.877365101611773,4.0197183098591545
-19486,NBS,2019,162,201902,2,3,0,2019-07-29,0.49500000000000005,2.7070000000000003,17.93,Y,2.6430000000000002,0.014150982087808501,62.335119999999996,-174.57172500000001,W-26,68,71,NA,10.3,-0.5,229,44,15,1,1,ALL,NBS_SINGLE,57744,2019-135,2,56.16,0,58,0.7661,0.1977,0,7,NBS,0.2580603054431536,25.806030544315362,3.8750632271117857
-19486,NBS,2019,162,201902,2,3,0,2019-07-29,0.49500000000000005,2.7070000000000003,17.93,Y,2.6430000000000002,0.014150982087808501,62.335119999999996,-174.57172500000001,W-26,68,71,NA,10.3,-0.5,229,44,15,1,1,ALL,NBS_SINGLE,57744,2019-136,2,58.07,0,65.7,0.7012,0.2449,0,7,NBS,0.34925841414717623,34.925841414717624,2.86320947325439
-19486,NBS,2019,162,201902,2,3,0,2019-07-29,0.49500000000000005,2.7070000000000003,17.93,Y,2.6430000000000002,0.014150982087808501,62.335119999999996,-174.57172500000001,W-26,68,71,NA,10.3,-0.5,229,44,15,1,1,ALL,NBS_SINGLE,57744,2019-137,2,59.29,0,64.9,1.0347,0.2058,0,7,NBS,0.19889823137141202,19.889823137141203,5.027696793002915
-19486,NBS,2019,162,201902,2,3,0,2019-07-29,0.49500000000000005,2.7070000000000003,17.93,Y,2.6430000000000002,0.014150982087808501,62.335119999999996,-174.57172500000001,W-26,68,71,NA,10.3,-0.5,229,44,15,1,1,ALL,NBS_SINGLE,57744,2019-138,2,55.81,0,54.9,0.6845,0.174,0,7,NBS,0.25420014609203795,25.420014609203793,3.9339080459770117
-19486,NBS,2019,162,201902,2,3,0,2019-07-29,0.49500000000000005,2.7070000000000003,17.93,Y,2.6430000000000002,0.014150982087808501,62.335119999999996,-174.57172500000001,W-26,68,71,NA,10.3,-0.5,229,44,15,1,1,ALL,NBS_SINGLE,57744,2019-139,2,60.71,0,74.4,0.5842,0.1451,0,7,NBS,0.2483738445737761,24.83738445737761,4.02618883528601
-19486,NBS,2019,162,201902,2,3,0,2019-07-29,0.49500000000000005,2.7070000000000003,17.93,Y,2.6430000000000002,0.014150982087808501,62.335119999999996,-174.57172500000001,W-26,68,71,NA,10.3,-0.5,229,44,15,1,1,ALL,NBS_SINGLE,57744,2019-140,2,57.33,0,60.5,0.9285,0.3194,0,7,NBS,0.3439956919763059,34.39956919763059,2.907013149655604
-19486,NBS,2019,162,201902,2,3,0,2019-07-29,0.49500000000000005,2.7070000000000003,17.93,Y,2.6430000000000002,0.014150982087808501,62.335119999999996,-174.57172500000001,W-26,68,71,NA,10.3,-0.5,229,44,15,1,1,ALL,NBS_SINGLE,57744,2019-141,2,55.78,0,52.8,0.5308,0.171,0,7,NBS,0.3221552373775433,32.21552373775433,3.104093567251462
-19486,NBS,2019,162,201902,2,3,0,2019-07-29,0.49500000000000005,2.7070000000000003,17.93,Y,2.6430000000000002,0.014150982087808501,62.335119999999996,-174.57172500000001,W-26,68,71,NA,10.3,-0.5,229,44,15,1,1,ALL,NBS_SINGLE,57744,2019-142,2,60.03,0,74.2,0.7351,0.2402,0,7,NBS,0.326758264181744,32.675826418174395,3.0603663613655288
-19486,NBS,2019,162,201902,2,3,0,2019-07-29,0.49500000000000005,2.7070000000000003,17.93,Y,2.6430000000000002,0.014150982087808501,62.335119999999996,-174.57172500000001,W-26,68,71,NA,10.3,-0.5,229,44,15,1,1,ALL,NBS_SINGLE,57744,2019-143,2,57.71,0,61.4,0.9754,0.2233,0,7,NBS,0.22893172031986875,22.893172031986875,4.368114643976713
-19486,NBS,2019,162,201902,2,3,0,2019-07-29,0.49500000000000005,2.7070000000000003,17.93,Y,2.6430000000000002,0.014150982087808501,62.335119999999996,-174.57172500000001,W-26,68,71,NA,10.3,-0.5,229,44,15,1,1,ALL,NBS_SINGLE,57744,2019-144,2,57.9,0,59.9,0.7927,0.2082,0,7,NBS,0.2626466506875237,26.264665068752368,3.807396733909702
-19486,NBS,2019,162,201902,2,3,0,2019-07-29,0.49500000000000005,2.7070000000000003,17.93,Y,2.6430000000000002,0.014150982087808501,62.335119999999996,-174.57172500000001,W-26,68,71,NA,10.3,-0.5,229,44,15,1,1,ALL,NBS_SINGLE,57744,2019-145,2,59.34,0,57,1.0696,0.2555,0,7,NBS,0.2388743455497382,23.88743455497382,4.186301369863014
-19486,NBS,2019,162,201902,2,3,0,2019-07-29,0.49500000000000005,2.7070000000000003,17.93,Y,2.6430000000000002,0.014150982087808501,62.335119999999996,-174.57172500000001,W-26,68,71,NA,10.3,-0.5,229,44,15,1,1,ALL,NBS_SINGLE,57744,2019-146,2,56.35,0,53.9,0.7523,0.2223,0,7,NBS,0.29549381895520405,29.549381895520405,3.3841655420602788
-19485,NBS,2019,162,201902,1,3,0,2019-07-28,0.502,2.741,18.719,Y,2.5780000000000003,0.0149592464018597,62.31661,-175.31903499999999,W-27,77,80,NA,10.3,0.2,274,44,15,1,1,ALL,NBS_SINGLE,57744,2019-1,1,87.44,14.92,248.3,0.6304,0.1702,0,7,NBS,0.26998730964467005,26.998730964467004,3.7038777908343126
-19485,NBS,2019,162,201902,1,3,0,2019-07-28,0.502,2.741,18.719,Y,2.5780000000000003,0.0149592464018597,62.31661,-175.31903499999999,W-27,77,80,NA,10.3,0.2,274,44,15,1,1,ALL,NBS_SINGLE,57744,2019-13,1,85.09,15.04,230.6,1.0088,0.1771,0,7,NBS,0.1755551149881047,17.555511498810468,5.696216826651608
-19485,NBS,2019,162,201902,1,3,0,2019-07-28,0.502,2.741,18.719,Y,2.5780000000000003,0.0149592464018597,62.31661,-175.31903499999999,W-27,77,80,NA,10.3,0.2,274,44,15,1,1,ALL,NBS_SINGLE,57744,2019-14,1,93.94,13.48,224.8,0.9917,0.2046,0,7,NBS,0.20631239286074418,20.63123928607442,4.847018572825024
-19485,NBS,2019,162,201902,1,3,0,2019-07-28,0.502,2.741,18.719,Y,2.5780000000000003,0.0149592464018597,62.31661,-175.31903499999999,W-27,77,80,NA,10.3,0.2,274,44,15,1,1,ALL,NBS_SINGLE,57744,2019-15,1,79.23,13.57,199.4,1.1415,0.2166,0,7,NBS,0.1897503285151117,18.97503285151117,5.270083102493075
-19485,NBS,2019,162,201902,1,3,0,2019-07-28,0.502,2.741,18.719,Y,2.5780000000000003,0.0149592464018597,62.31661,-175.31903499999999,W-27,77,80,NA,10.3,0.2,274,44,15,1,1,ALL,NBS_SINGLE,57744,2019-16,1,80.69,14.25,208.7,0.9922,0.2586,0,7,NBS,0.2606329369078815,26.063293690788147,3.836813611755607
-19485,NBS,2019,162,201902,1,3,0,2019-07-28,0.502,2.741,18.719,Y,2.5780000000000003,0.0149592464018597,62.31661,-175.31903499999999,W-27,77,80,NA,10.3,0.2,274,44,15,1,1,ALL,NBS_SINGLE,57744,2019-163,1,78.37,11.96,182.9,0.7455,0.1372,0,7,NBS,0.18403755868544597,18.403755868544597,5.433673469387756
-19485,NBS,2019,162,201902,1,3,0,2019-07-28,0.502,2.741,18.719,Y,2.5780000000000003,0.0149592464018597,62.31661,-175.31903499999999,W-27,77,80,NA,10.3,0.2,274,44,15,1,1,ALL,NBS_SINGLE,57744,2019-164,1,77.43,12.53,170.1,0.9133,0.1516,0,7,NBS,0.1659914595423191,16.599145954231908,6.024406332453825
-19485,NBS,2019,162,201902,1,3,0,2019-07-28,0.502,2.741,18.719,Y,2.5780000000000003,0.0149592464018597,62.31661,-175.31903499999999,W-27,77,80,NA,10.3,0.2,274,44,15,1,1,ALL,NBS_SINGLE,57744,2019-165,1,84.43,12.49,223.4,1.0083,0.2145,0,7,NBS,0.2127343052662898,21.27343052662898,4.7006993006993
-19485,NBS,2019,162,201902,1,3,0,2019-07-28,0.502,2.741,18.719,Y,2.5780000000000003,0.0149592464018597,62.31661,-175.31903499999999,W-27,77,80,NA,10.3,0.2,274,44,15,1,1,ALL,NBS_SINGLE,57744,2019-176,1,88.29,12.31,235.2,1.6996,0.2134,0,7,NBS,0.12555895504824666,12.555895504824665,7.964386129334582
-19485,NBS,2019,162,201902,1,3,0,2019-07-28,0.502,2.741,18.719,Y,2.5780000000000003,0.0149592464018597,62.31661,-175.31903499999999,W-27,77,80,NA,10.3,0.2,274,44,15,1,1,ALL,NBS_SINGLE,57744,2019-187,1,83.49,12.11,211,0.6746,0.148,0,7,NBS,0.219389267714201,21.9389267714201,4.558108108108108
-19485,NBS,2019,162,201902,1,3,0,2019-07-28,0.502,2.741,18.719,Y,2.5780000000000003,0.0149592464018597,62.31661,-175.31903499999999,W-27,77,80,NA,10.3,0.2,274,44,15,1,1,ALL,NBS_SINGLE,57744,2019-2,1,78.57,11.38,170.6,0.6854,0.1509,0,7,NBS,0.22016340822877153,22.016340822877154,4.54208084824387
-19485,NBS,2019,162,201902,1,3,0,2019-07-28,0.502,2.741,18.719,Y,2.5780000000000003,0.0149592464018597,62.31661,-175.31903499999999,W-27,77,80,NA,10.3,0.2,274,44,15,1,1,ALL,NBS_SINGLE,57744,2019-3,1,75.87,11.99,151.8,0.7067,0.1746,0,7,NBS,0.24706381774444602,24.7063817744446,4.047537227949599
-19485,NBS,2019,162,201902,1,3,0,2019-07-28,0.502,2.741,18.719,Y,2.5780000000000003,0.0149592464018597,62.31661,-175.31903499999999,W-27,77,80,NA,10.3,0.2,274,44,15,1,1,ALL,NBS_SINGLE,57744,2019-4,1,78.97,12.31,189.2,0.7634,0.1697,0,7,NBS,0.2222949960702122,22.229499607021218,4.498526812021214
-19485,NBS,2019,162,201902,1,3,0,2019-07-28,0.502,2.741,18.719,Y,2.5780000000000003,0.0149592464018597,62.31661,-175.31903499999999,W-27,77,80,NA,10.3,0.2,274,44,15,1,1,ALL,NBS_SINGLE,57744,2019-5,1,78.61,12.83,175.1,1.0278,0.2458,0,7,NBS,0.23915158591165595,23.915158591165593,4.181448331977218
-19485,NBS,2019,162,201902,1,3,0,2019-07-28,0.502,2.741,18.719,Y,2.5780000000000003,0.0149592464018597,62.31661,-175.31903499999999,W-27,77,80,NA,10.3,0.2,274,44,15,1,1,ALL,NBS_SINGLE,57744,2019-64,1,88.23,15.43,247.8,0.9601,0.2007,0,7,NBS,0.20904072492448703,20.9040724924487,4.783756851021425
-19485,NBS,2019,162,201902,1,3,0,2019-07-28,0.502,2.741,18.719,Y,2.5780000000000003,0.0149592464018597,62.31661,-175.31903499999999,W-27,77,80,NA,10.3,0.2,274,44,15,1,1,ALL,NBS_SINGLE,57744,2019-186,2,58.03,0,49.2,0.8277,0.1922,0,7,NBS,0.23220973782771537,23.220973782771537,4.306451612903226
-19485,NBS,2019,162,201902,1,3,0,2019-07-28,0.502,2.741,18.719,Y,2.5780000000000003,0.0149592464018597,62.31661,-175.31903499999999,W-27,77,80,NA,10.3,0.2,274,44,15,1,1,ALL,NBS_SINGLE,57744,2019-62,2,53.71,0,47.3,0.5562,0.1544,0,7,NBS,0.2775979863358504,27.759798633585042,3.6023316062176165
-19485,NBS,2019,162,201902,1,3,0,2019-07-28,0.502,2.741,18.719,Y,2.5780000000000003,0.0149592464018597,62.31661,-175.31903499999999,W-27,77,80,NA,10.3,0.2,274,44,15,1,1,ALL,NBS_SINGLE,57744,2019-69,2,53.76,0,49.4,0.8057,0.2021,0,7,NBS,0.25083778081171654,25.083778081171655,3.986640277090549
-19485,NBS,2019,162,201902,1,3,0,2019-07-28,0.502,2.741,18.719,Y,2.5780000000000003,0.0149592464018597,62.31661,-175.31903499999999,W-27,77,80,NA,10.3,0.2,274,44,15,1,1,ALL,NBS_SINGLE,57744,2019-72,2,56.01,0,55.1,0.656,0.1419,0,7,NBS,0.2163109756097561,21.63109756097561,4.622973925299507
-19485,NBS,2019,162,201902,1,3,0,2019-07-28,0.502,2.741,18.719,Y,2.5780000000000003,0.0149592464018597,62.31661,-175.31903499999999,W-27,77,80,NA,10.3,0.2,274,44,15,1,1,ALL,NBS_SINGLE,57744,2019-73,2,54.33,0,49.3,0.5676,0.1383,0,7,NBS,0.24365750528541227,24.365750528541227,4.10412147505423
-19485,NBS,2019,162,201902,1,3,0,2019-07-28,0.502,2.741,18.719,Y,2.5780000000000003,0.0149592464018597,62.31661,-175.31903499999999,W-27,77,80,NA,10.3,0.2,274,44,15,1,1,ALL,NBS_SINGLE,57744,2019-74,2,57.59,0,51.8,0.6704,0.202,0,7,NBS,0.3013126491646778,30.13126491646778,3.3188118811881187
-19788,NBS,2019,162,201902,49,3,0,2019-08-14,0.507,2.801,17.815,Y,2.697,0.014548458227630302,63.010495,-173.293005,Y-24,67,70,NA,10.1,-0.6,229,44,15,1,1,ALL,NBS_SINGLE,57744,2019-120,2,59.58,0,82.8,0.7027,0.2106,0,8,NBS,0.29970115269674114,29.970115269674114,3.336657169990503
-19788,NBS,2019,162,201902,49,3,0,2019-08-14,0.507,2.801,17.815,Y,2.697,0.014548458227630302,63.010495,-173.293005,Y-24,67,70,NA,10.1,-0.6,229,44,15,1,1,ALL,NBS_SINGLE,57744,2019-121,2,53.26,0,55.2,0.9669,0.3269,0,8,NBS,0.3380908056675975,33.809080566759754,2.957785255429795
-19788,NBS,2019,162,201902,49,3,0,2019-08-14,0.507,2.801,17.815,Y,2.697,0.014548458227630302,63.010495,-173.293005,Y-24,67,70,NA,10.1,-0.6,229,44,15,1,1,ALL,NBS_SINGLE,57744,2019-122,2,53.51,0,56.8,1.0115,0.2582,0,8,NBS,0.2552644587246663,25.52644587246663,3.9175058094500392
-19788,NBS,2019,162,201902,49,3,0,2019-08-14,0.507,2.801,17.815,Y,2.697,0.014548458227630302,63.010495,-173.293005,Y-24,67,70,NA,10.1,-0.6,229,44,15,1,1,ALL,NBS_SINGLE,57744,2019-123,2,56.51,0,63,0.9762,0.2639,0,8,NBS,0.27033394796148336,27.033394796148336,3.699128457749147
-19788,NBS,2019,162,201902,49,3,0,2019-08-14,0.507,2.801,17.815,Y,2.697,0.014548458227630302,63.010495,-173.293005,Y-24,67,70,NA,10.1,-0.6,229,44,15,1,1,ALL,NBS_SINGLE,57744,2019-124,2,56.63,0,67.8,0.8546,0.2349,0,8,NBS,0.27486543412122627,27.48654341212263,3.6381438910174544
-19788,NBS,2019,162,201902,49,3,0,2019-08-14,0.507,2.801,17.815,Y,2.697,0.014548458227630302,63.010495,-173.293005,Y-24,67,70,NA,10.1,-0.6,229,44,15,1,1,ALL,NBS_SINGLE,57744,2019-125,2,59.99,0,73.9,0.9546,0.2613,0,8,NBS,0.2737272155876807,27.37272155876807,3.6532721010332954
-19788,NBS,2019,162,201902,49,3,0,2019-08-14,0.507,2.801,17.815,Y,2.697,0.014548458227630302,63.010495,-173.293005,Y-24,67,70,NA,10.1,-0.6,229,44,15,1,1,ALL,NBS_SINGLE,57744,2019-126,2,55.59,0,61.4,0.835,0.1522,0,8,NBS,0.1822754491017964,18.227544910179642,5.486202365308804
-19851,NBS,2019,162,201902,46,3,0,2019-08-13,0.505,2.798,17.869,Y,2.601,0.0145769275375977,63.336915,-173.406035,ZZ-24,68,71,NA,10.9,0,229,44,15,1,1,ALL,NBS_SINGLE,57744,2019-147,1,59.43,8.34,71.8,1.1738,0.3271,0,8,NBS,0.2786675753961493,27.866757539614927,3.5885050443289512
-19851,NBS,2019,162,201902,46,3,0,2019-08-13,0.505,2.798,17.869,Y,2.601,0.0145769275375977,63.336915,-173.406035,ZZ-24,68,71,NA,10.9,0,229,44,15,1,1,ALL,NBS_SINGLE,57744,2019-148,1,56.35,6.6,59.8,0.6835,0.1912,0,8,NBS,0.27973664959765915,27.973664959765916,3.574790794979079
-19851,NBS,2019,162,201902,46,3,0,2019-08-13,0.505,2.798,17.869,Y,2.601,0.0145769275375977,63.336915,-173.406035,ZZ-24,68,71,NA,10.9,0,229,44,15,1,1,ALL,NBS_SINGLE,57744,2019-149,1,54.5,7.13,62.9,0.6489,0.2011,0,8,NBS,0.30990907689936814,30.990907689936815,3.226752859273993
-19851,NBS,2019,162,201902,46,3,0,2019-08-13,0.505,2.798,17.869,Y,2.601,0.0145769275375977,63.336915,-173.406035,ZZ-24,68,71,NA,10.9,0,229,44,15,1,1,ALL,NBS_SINGLE,57744,2019-151,1,56.1,7.16,63.6,0.5707,0.1708,0,8,NBS,0.29928158401962507,29.928158401962506,3.341334894613583
-19851,NBS,2019,162,201902,46,3,0,2019-08-13,0.505,2.798,17.869,Y,2.601,0.0145769275375977,63.336915,-173.406035,ZZ-24,68,71,NA,10.9,0,229,44,15,1,1,ALL,NBS_SINGLE,57744,2019-154,1,59.85,7.56,80.2,1.055,0.3942,0,8,NBS,0.3736492890995261,37.36492890995261,2.676306443429731
-19851,NBS,2019,162,201902,46,3,0,2019-08-13,0.505,2.798,17.869,Y,2.601,0.0145769275375977,63.336915,-173.406035,ZZ-24,68,71,NA,10.9,0,229,44,15,1,1,ALL,NBS_SINGLE,57744,2019-150,2,54.37,0,52.6,0.5085,0.208,0,8,NBS,0.4090462143559489,40.90462143559489,2.4447115384615383
-19851,NBS,2019,162,201902,46,3,0,2019-08-13,0.505,2.798,17.869,Y,2.601,0.0145769275375977,63.336915,-173.406035,ZZ-24,68,71,NA,10.9,0,229,44,15,1,1,ALL,NBS_SINGLE,57744,2019-152,2,50.24,0,42.9,0.575,0.1759,0,8,NBS,0.30591304347826087,30.59130434782609,3.268902785673678
-19851,NBS,2019,162,201902,46,3,0,2019-08-13,0.505,2.798,17.869,Y,2.601,0.0145769275375977,63.336915,-173.406035,ZZ-24,68,71,NA,10.9,0,229,44,15,1,1,ALL,NBS_SINGLE,57744,2019-153,2,57.46,0,59.3,0.6889,0.1607,0,8,NBS,0.2332704311220787,23.32704311220787,4.286869943995021
-19851,NBS,2019,162,201902,46,3,0,2019-08-13,0.505,2.798,17.869,Y,2.601,0.0145769275375977,63.336915,-173.406035,ZZ-24,68,71,NA,10.9,0,229,44,15,1,1,ALL,NBS_SINGLE,57744,2019-155,2,57.26,0,63.2,0.6496,0.1839,0,8,NBS,0.28309729064039413,28.309729064039413,3.532354540511147
-19851,NBS,2019,162,201902,46,3,0,2019-08-13,0.505,2.798,17.869,Y,2.601,0.0145769275375977,63.336915,-173.406035,ZZ-24,68,71,NA,10.9,0,229,44,15,1,1,ALL,NBS_SINGLE,57744,2019-156,2,54.65,0,52.7,0.7356,0.1844,0,8,NBS,0.25067971723762916,25.067971723762916,3.9891540130151846
-19851,NBS,2019,162,201902,46,3,0,2019-08-13,0.505,2.798,17.869,Y,2.601,0.0145769275375977,63.336915,-173.406035,ZZ-24,68,71,NA,10.9,0,229,44,15,1,1,ALL,NBS_SINGLE,57744,2019-157,2,51.17,0,47.2,0.6304,0.148,0,8,NBS,0.23477157360406092,23.477157360406093,4.2594594594594595
-20643,NBS,2021,94,202102,30,3,0,2021-07-29,0.514,2.7150000000000003,16.249000000000002,Y,2.592,0.012862177792967302,63.68902,-168.26882,AA-01,30,33,NA,6.2,0.9,137,44,15,1,1,ALL,NBS_SINGLE,57744,2021-VA-222,2,43.59,0,30,0.3279,0.0954,0,8,NBS,0.2909423604757548,29.094236047575478,3.437106918238994
-20626,NBS,2021,94,202102,25,3,0,2021-07-28,0.516,2.782,15.855,Y,2.57,0.0128600130093435,63.68096,-168.963455,AA-18,33,36,NA,6.8,1.5,137,44,15,1,1,ALL,NBS_SINGLE,57744,2021-VA-192,1,53.69,8.96,NA,0.3069,0.1045,0,8,NBS,0.34050179211469533,34.05017921146953,2.936842105263158
-20626,NBS,2021,94,202102,25,3,0,2021-07-28,0.516,2.782,15.855,Y,2.57,0.0128600130093435,63.68096,-168.963455,AA-18,33,36,NA,6.8,1.5,137,44,15,1,1,ALL,NBS_SINGLE,57744,2021-VA-193,1,51.75,8.78,NA,0.3216,0.1021,0,8,NBS,0.31747512437810943,31.747512437810943,3.149853085210578
-20626,NBS,2021,94,202102,25,3,0,2021-07-28,0.516,2.782,15.855,Y,2.57,0.0128600130093435,63.68096,-168.963455,AA-18,33,36,NA,6.8,1.5,137,44,15,1,1,ALL,NBS_SINGLE,57744,2021-VA-200,2,54.78,0,50,0.3219,0.0972,0,8,NBS,0.3019571295433364,30.195712954333644,3.3117283950617287
-20626,NBS,2021,94,202102,25,3,0,2021-07-28,0.516,2.782,15.855,Y,2.57,0.0128600130093435,63.68096,-168.963455,AA-18,33,36,NA,6.8,1.5,137,44,15,1,1,ALL,NBS_SINGLE,57744,2021-VA-203,2,55.97,0,54,0.3025,0.109,0,8,NBS,0.3603305785123967,36.03305785123967,2.7752293577981653
-20626,NBS,2021,94,202102,25,3,0,2021-07-28,0.516,2.782,15.855,Y,2.57,0.0128600130093435,63.68096,-168.963455,AA-18,33,36,NA,6.8,1.5,137,44,15,1,1,ALL,NBS_SINGLE,57744,2021-VA-205,1,52.26,8.86,52,0.2769,0.0782,0,8,NBS,0.2824124232574937,28.241242325749372,3.5409207161125313
-20626,NBS,2021,94,202102,25,3,0,2021-07-28,0.516,2.782,15.855,Y,2.57,0.0128600130093435,63.68096,-168.963455,AA-18,33,36,NA,6.8,1.5,137,44,15,1,1,ALL,NBS_SINGLE,57744,2021-VA-207,1,55.14,10.81,70,0.3219,0.098,1,8,NBS,0.30444237340789065,30.444237340789066,3.2846938775510206
-20626,NBS,2021,94,202102,25,3,0,2021-07-28,0.516,2.782,15.855,Y,2.57,0.0128600130093435,63.68096,-168.963455,AA-18,33,36,NA,6.8,1.5,137,44,15,1,1,ALL,NBS_SINGLE,57744,2021-VA-210,2,46.9,0,34,0.2874,0.0925,0,8,NBS,0.32185107863604734,32.185107863604735,3.107027027027027
-20626,NBS,2021,94,202102,25,3,0,2021-07-28,0.516,2.782,15.855,Y,2.57,0.0128600130093435,63.68096,-168.963455,AA-18,33,36,NA,6.8,1.5,137,44,15,1,1,ALL,NBS_SINGLE,57744,2021-VA-211,2,51.49,0,44,0.3162,0.0936,0,8,NBS,0.29601518026565465,29.601518026565465,3.3782051282051277
-20626,NBS,2021,94,202102,25,3,0,2021-07-28,0.516,2.782,15.855,Y,2.57,0.0128600130093435,63.68096,-168.963455,AA-18,33,36,NA,6.8,1.5,137,44,15,1,1,ALL,NBS_SINGLE,57744,2021-VA-213,2,55.21,0,56,0.3398,0.112,0,8,NBS,0.329605650382578,32.9605650382578,3.033928571428571
-20626,NBS,2021,94,202102,25,3,0,2021-07-28,0.516,2.782,15.855,Y,2.57,0.0128600130093435,63.68096,-168.963455,AA-18,33,36,NA,6.8,1.5,137,44,15,1,1,ALL,NBS_SINGLE,57744,2021-VA-215,2,43.97,0,28,0.1942,0.0525,0,8,NBS,0.27033985581874354,27.033985581874354,3.6990476190476196
-20642,NBS,2021,94,202102,29,3,0,2021-07-29,0.507,2.716,15.72,Y,2.6380000000000003,0.012448021885992,64.01010000000001,-168.3144,BB-01,34,37,NA,6.6000000000000005,0.7000000000000001,137,44,15,1,1,ALL,NBS_SINGLE,57744,2021-VA-199,2,42.74,0,24,0.3108,0.0784,0,9,NBS,0.25225225225225223,25.225225225225223,3.964285714285715
-20642,NBS,2021,94,202102,29,3,0,2021-07-29,0.507,2.716,15.72,Y,2.6380000000000003,0.012448021885992,64.01010000000001,-168.3144,BB-01,34,37,NA,6.6000000000000005,0.7000000000000001,137,44,15,1,1,ALL,NBS_SINGLE,57744,2021-VA-214,2,42.12,0,22,0.2373,0.0643,0,9,NBS,0.27096502317741256,27.096502317741255,3.690513219284604
-20642,NBS,2021,94,202102,29,3,0,2021-07-29,0.507,2.716,15.72,Y,2.6380000000000003,0.012448021885992,64.01010000000001,-168.3144,BB-01,34,37,NA,6.6000000000000005,0.7000000000000001,137,44,15,1,1,ALL,NBS_SINGLE,57744,2021-VA-225,2,45.26,0,30,0.233,0.0673,0,9,NBS,0.28884120171673816,28.884120171673818,3.462109955423477
-20642,NBS,2021,94,202102,29,3,0,2021-07-29,0.507,2.716,15.72,Y,2.6380000000000003,0.012448021885992,64.01010000000001,-168.3144,BB-01,34,37,NA,6.6000000000000005,0.7000000000000001,137,44,15,1,1,ALL,NBS_SINGLE,57744,2021-VA-236,2,45,0,28,0.2932,0.0791,0,9,NBS,0.26978171896316505,26.978171896316503,3.706700379266751
-20642,NBS,2021,94,202102,29,3,0,2021-07-29,0.507,2.716,15.72,Y,2.6380000000000003,0.012448021885992,64.01010000000001,-168.3144,BB-01,34,37,NA,6.6000000000000005,0.7000000000000001,137,44,15,1,1,ALL,NBS_SINGLE,57744,2021-VA-237,2,41.78,0,24,0.2999,0.1003,0,9,NBS,0.3344448149383128,33.444481493831276,2.9900299102691923
-20647,NBS,2021,94,202102,34,3,0,2021-07-30,0.528,2.887,15.124,Y,2.902,0.0127300904224098,64.028995,-167.56952,BB-02,32,35,NA,4.7,3.5,137,44,15,1,1,ALL,NBS_SINGLE,57744,2021-VA-231,1,47.86,7.88,38,0.3128,0.0881,0,9,NBS,0.2816496163682864,28.16496163682864,3.550510783200908
-20647,NBS,2021,94,202102,34,3,0,2021-07-30,0.528,2.887,15.124,Y,2.902,0.0127300904224098,64.028995,-167.56952,BB-02,32,35,NA,4.7,3.5,137,44,15,1,1,ALL,NBS_SINGLE,57744,2021-VA-240,1,50.33,8.65,NA,0.3812,0.1097,0,9,NBS,0.28777544596012594,28.777544596012593,3.4749316317228804
-20628,NBS,2021,94,202102,27,3,0,2021-07-28,0.517,2.7070000000000003,15.062000000000001,Y,2.811,0.0118874563416939,63.980619999999995,-169.77537999999998,BB-19,32,35,NA,7.5,2.7,137,44,15,1,1,ALL,NBS_SINGLE,57744,2021-VA-191,2,49.56,0,36,0.2374,0.0807,0,9,NBS,0.33993260320134794,33.993260320134794,2.9417596034696407
-20628,NBS,2021,94,202102,27,3,0,2021-07-28,0.517,2.7070000000000003,15.062000000000001,Y,2.811,0.0118874563416939,63.980619999999995,-169.77537999999998,BB-19,32,35,NA,7.5,2.7,137,44,15,1,1,ALL,NBS_SINGLE,57744,2021-VA-194,2,43.01,0,24,0.1633,0.0486,0,9,NBS,0.2976117575015309,29.76117575015309,3.3600823045267494
-20628,NBS,2021,94,202102,27,3,0,2021-07-28,0.517,2.7070000000000003,15.062000000000001,Y,2.811,0.0118874563416939,63.980619999999995,-169.77537999999998,BB-19,32,35,NA,7.5,2.7,137,44,15,1,1,ALL,NBS_SINGLE,57744,2021-VA-195,1,57.54,10.62,72,0.3436,0.1351,0,9,NBS,0.39318975552968566,39.31897555296857,2.543301258327165
-20628,NBS,2021,94,202102,27,3,0,2021-07-28,0.517,2.7070000000000003,15.062000000000001,Y,2.811,0.0118874563416939,63.980619999999995,-169.77537999999998,BB-19,32,35,NA,7.5,2.7,137,44,15,1,1,ALL,NBS_SINGLE,57744,2021-VA-196,2,42.71,0,NA,0.132,0.0348,0,9,NBS,0.2636363636363636,26.36363636363636,3.7931034482758625
-20628,NBS,2021,94,202102,27,3,0,2021-07-28,0.517,2.7070000000000003,15.062000000000001,Y,2.811,0.0118874563416939,63.980619999999995,-169.77537999999998,BB-19,32,35,NA,7.5,2.7,137,44,15,1,1,ALL,NBS_SINGLE,57744,2021-VA-197,2,49.08,0,36,0.3037,0.0665,0,9,NBS,0.2189660849522555,21.89660849522555,4.566917293233083
-20628,NBS,2021,94,202102,27,3,0,2021-07-28,0.517,2.7070000000000003,15.062000000000001,Y,2.811,0.0118874563416939,63.980619999999995,-169.77537999999998,BB-19,32,35,NA,7.5,2.7,137,44,15,1,1,ALL,NBS_SINGLE,57744,2021-VA-202,2,50.43,0,42,0.3185,0.1057,0,9,NBS,0.33186813186813185,33.18681318681318,3.013245033112583
-20628,NBS,2021,94,202102,27,3,0,2021-07-28,0.517,2.7070000000000003,15.062000000000001,Y,2.811,0.0118874563416939,63.980619999999995,-169.77537999999998,BB-19,32,35,NA,7.5,2.7,137,44,15,1,1,ALL,NBS_SINGLE,57744,2021-VA-204,2,47.69,0,34,0.1961,0.0596,0,9,NBS,0.3039265680775115,30.392656807751152,3.2902684563758386
-20628,NBS,2021,94,202102,27,3,0,2021-07-28,0.517,2.7070000000000003,15.062000000000001,Y,2.811,0.0118874563416939,63.980619999999995,-169.77537999999998,BB-19,32,35,NA,7.5,2.7,137,44,15,1,1,ALL,NBS_SINGLE,57744,2021-VA-206,2,42.05,0,26,0.3057,0.0851,0,9,NBS,0.2783774942754334,27.83774942754334,3.5922444183313753
-20628,NBS,2021,94,202102,27,3,0,2021-07-28,0.517,2.7070000000000003,15.062000000000001,Y,2.811,0.0118874563416939,63.980619999999995,-169.77537999999998,BB-19,32,35,NA,7.5,2.7,137,44,15,1,1,ALL,NBS_SINGLE,57744,2021-VA-209,2,52.2,0,44,0.3038,0.1046,0,9,NBS,0.3443054641211323,34.43054641211323,2.904397705544933
-20628,NBS,2021,94,202102,27,3,0,2021-07-28,0.517,2.7070000000000003,15.062000000000001,Y,2.811,0.0118874563416939,63.980619999999995,-169.77537999999998,BB-19,32,35,NA,7.5,2.7,137,44,15,1,1,ALL,NBS_SINGLE,57744,2021-VA-216,2,55.59,0,54,0.2946,0.115,0,9,NBS,0.3903598099117448,39.035980991174476,2.5617391304347823
-20630,NBS,2021,162,202102,22,3,0,2021-07-27,0.506,2.757,17.305,Y,2.8640000000000003,0.013909976799864802,64.01035,-171.79476,BB-22,47,50,NA,8.2,-0.9,183,44,15,1,1,ALL,NBS_SINGLE,57744,2021-AKK-80,2,51.59,0,31,0.3244,0.07,0,9,NBS,0.2157829839704069,21.57829839704069,4.634285714285714
-20630,NBS,2021,162,202102,22,3,0,2021-07-27,0.506,2.757,17.305,Y,2.8640000000000003,0.013909976799864802,64.01035,-171.79476,BB-22,47,50,NA,8.2,-0.9,183,44,15,1,1,ALL,NBS_SINGLE,57744,2021-AKK-81,1,53.09,8.19,54,0.2944,0.0708,0,9,NBS,0.24048913043478262,24.04891304347826,4.15819209039548
-20630,NBS,2021,162,202102,22,3,0,2021-07-27,0.506,2.757,17.305,Y,2.8640000000000003,0.013909976799864802,64.01035,-171.79476,BB-22,47,50,NA,8.2,-0.9,183,44,15,1,1,ALL,NBS_SINGLE,57744,2021-AKK-82,1,50.56,9.29,43,0.3643,0.0604,0,9,NBS,0.16579741970903103,16.579741970903104,6.031456953642384
-20630,NBS,2021,162,202102,22,3,0,2021-07-27,0.506,2.757,17.305,Y,2.8640000000000003,0.013909976799864802,64.01035,-171.79476,BB-22,47,50,NA,8.2,-0.9,183,44,15,1,1,ALL,NBS_SINGLE,57744,2021-AKK-83,1,50.93,9.04,52,0.226,0.0543,0,9,NBS,0.24026548672566372,24.02654867256637,4.16206261510129
-20630,NBS,2021,162,202102,22,3,0,2021-07-27,0.506,2.757,17.305,Y,2.8640000000000003,0.013909976799864802,64.01035,-171.79476,BB-22,47,50,NA,8.2,-0.9,183,44,15,1,1,ALL,NBS_SINGLE,57744,2021-AKK-84,2,46.61,0,33,0.3336,0.0714,0,9,NBS,0.21402877697841727,21.402877697841728,4.672268907563025
-20630,NBS,2021,162,202102,22,3,0,2021-07-27,0.506,2.757,17.305,Y,2.8640000000000003,0.013909976799864802,64.01035,-171.79476,BB-22,47,50,NA,8.2,-0.9,183,44,15,1,1,ALL,NBS_SINGLE,57744,2021-AKK-85,2,50.49,0,47,0.3603,0.0803,0,9,NBS,0.22286983069664168,22.286983069664167,4.486924034869241
-20630,NBS,2021,162,202102,22,3,0,2021-07-27,0.506,2.757,17.305,Y,2.8640000000000003,0.013909976799864802,64.01035,-171.79476,BB-22,47,50,NA,8.2,-0.9,183,44,15,1,1,ALL,NBS_SINGLE,57744,2021-AKK-86,2,51.61,0,48,0.3494,0.0816,0,9,NBS,0.23354321694333144,23.354321694333144,4.281862745098039
-20630,NBS,2021,162,202102,22,3,0,2021-07-27,0.506,2.757,17.305,Y,2.8640000000000003,0.013909976799864802,64.01035,-171.79476,BB-22,47,50,NA,8.2,-0.9,183,44,15,1,1,ALL,NBS_SINGLE,57744,2021-AKK-87,2,46.69,0,32,0.3487,0.0966,0,9,NBS,0.2770289647261256,27.702896472612558,3.6097308488612834
-20630,NBS,2021,162,202102,22,3,0,2021-07-27,0.506,2.757,17.305,Y,2.8640000000000003,0.013909976799864802,64.01035,-171.79476,BB-22,47,50,NA,8.2,-0.9,183,44,15,1,1,ALL,NBS_SINGLE,57744,2021-AKK-88,2,50.18,0,39,0.3613,0.0767,0,9,NBS,0.21228895654580682,21.228895654580683,4.710560625814863
-20636,NBS,2021,162,202102,28,3,0,2021-07-29,0.504,2.7600000000000002,15.634,Y,3.0940000000000003,0.012580480403964,64.316715,-169.83787999999998,CC-19,36,39,NA,5.9,0.3,137,44,15,1,1,ALL,NBS_SINGLE,57744,2021-AKK-106,1,51.34,7.33,50,0.2701,0.115,0,9,NBS,0.4257682339874121,42.57682339874121,2.348695652173913
-20636,NBS,2021,162,202102,28,3,0,2021-07-29,0.504,2.7600000000000002,15.634,Y,3.0940000000000003,0.012580480403964,64.316715,-169.83787999999998,CC-19,36,39,NA,5.9,0.3,137,44,15,1,1,ALL,NBS_SINGLE,57744,2021-AKK-107,1,52.68,7.68,44,0.4736,0.188,0,9,NBS,0.39695945945945943,39.695945945945944,2.519148936170213
-20636,NBS,2021,162,202102,28,3,0,2021-07-29,0.504,2.7600000000000002,15.634,Y,3.0940000000000003,0.012580480403964,64.316715,-169.83787999999998,CC-19,36,39,NA,5.9,0.3,137,44,15,1,1,ALL,NBS_SINGLE,57744,2021-AKK-108,2,49.91,0,42,0.2863,0.0975,0,9,NBS,0.3405518686692281,34.05518686692281,2.936410256410256
-20636,NBS,2021,162,202102,28,3,0,2021-07-29,0.504,2.7600000000000002,15.634,Y,3.0940000000000003,0.012580480403964,64.316715,-169.83787999999998,CC-19,36,39,NA,5.9,0.3,137,44,15,1,1,ALL,NBS_SINGLE,57744,2021-AKK-109,2,46.67,0,33,0.16,0.0618,0,9,NBS,0.38625,38.625,2.588996763754045
-20636,NBS,2021,162,202102,28,3,0,2021-07-29,0.504,2.7600000000000002,15.634,Y,3.0940000000000003,0.012580480403964,64.316715,-169.83787999999998,CC-19,36,39,NA,5.9,0.3,137,44,15,1,1,ALL,NBS_SINGLE,57744,2021-AKK-110,2,47.34,0,35,0.6405,0.2364,0,9,NBS,0.3690866510538642,36.90866510538642,2.7093908629441623
-20636,NBS,2021,162,202102,28,3,0,2021-07-29,0.504,2.7600000000000002,15.634,Y,3.0940000000000003,0.012580480403964,64.316715,-169.83787999999998,CC-19,36,39,NA,5.9,0.3,137,44,15,1,1,ALL,NBS_SINGLE,57744,2021-AKK-111,2,52.97,0,45,0.253,0.0992,0,9,NBS,0.392094861660079,39.2094861660079,2.5504032258064515
-20636,NBS,2021,162,202102,28,3,0,2021-07-29,0.504,2.7600000000000002,15.634,Y,3.0940000000000003,0.012580480403964,64.316715,-169.83787999999998,CC-19,36,39,NA,5.9,0.3,137,44,15,1,1,ALL,NBS_SINGLE,57744,2021-AKK-112,2,46.29,0,28,0.3211,0.1394,0,9,NBS,0.4341326689504827,43.41326689504827,2.303443328550933
-20636,NBS,2021,162,202102,28,3,0,2021-07-29,0.504,2.7600000000000002,15.634,Y,3.0940000000000003,0.012580480403964,64.316715,-169.83787999999998,CC-19,36,39,NA,5.9,0.3,137,44,15,1,1,ALL,NBS_SINGLE,57744,2021-AKK-113,2,46.96,0,34,0.3114,0.0665,0,9,NBS,0.21355170199100834,21.355170199100833,4.682706766917293
-20636,NBS,2021,162,202102,28,3,0,2021-07-29,0.504,2.7600000000000002,15.634,Y,3.0940000000000003,0.012580480403964,64.316715,-169.83787999999998,CC-19,36,39,NA,5.9,0.3,137,44,15,1,1,ALL,NBS_SINGLE,57744,2021-AKK-114,2,48.03,0,37,0.4163,0.1486,0,9,NBS,0.35695411962527024,35.695411962527025,2.801480484522207
-20635,NBS,2021,162,202102,27,3,0,2021-07-28,0.503,2.762,15.721,Y,3.2800000000000002,0.0126596552147967,64.28089,-170.67872,CC-20,31,34,NA,7.9,0.6,137,44,15,1,1,ALL,NBS_SINGLE,57744,2021-AKK-97,2,49.06,0,37,0.3847,0.0976,0,9,NBS,0.2537041850792826,25.37041850792826,3.941598360655737
-20635,NBS,2021,162,202102,27,3,0,2021-07-28,0.503,2.762,15.721,Y,3.2800000000000002,0.0126596552147967,64.28089,-170.67872,CC-20,31,34,NA,7.9,0.6,137,44,15,1,1,ALL,NBS_SINGLE,57744,2021-AKK-98,2,54.3,0,47,0.2346,0.0452,0,9,NBS,0.19266837169650466,19.266837169650465,5.190265486725664
-20635,NBS,2021,162,202102,27,3,0,2021-07-28,0.503,2.762,15.721,Y,3.2800000000000002,0.0126596552147967,64.28089,-170.67872,CC-20,31,34,NA,7.9,0.6,137,44,15,1,1,ALL,NBS_SINGLE,57744,2021-AKK-99,2,55.07,0,51,0.2924,0.0767,0,9,NBS,0.262311901504788,26.2311901504788,3.8122555410691
-20635,NBS,2021,162,202102,27,3,0,2021-07-28,0.503,2.762,15.721,Y,3.2800000000000002,0.0126596552147967,64.28089,-170.67872,CC-20,31,34,NA,7.9,0.6,137,44,15,1,1,ALL,NBS_SINGLE,57744,2021-AKK-100,2,53.1,0,48,0.3712,0.1203,0,9,NBS,0.32408405172413796,32.408405172413794,3.0856192851205315
-20635,NBS,2021,162,202102,27,3,0,2021-07-28,0.503,2.762,15.721,Y,3.2800000000000002,0.0126596552147967,64.28089,-170.67872,CC-20,31,34,NA,7.9,0.6,137,44,15,1,1,ALL,NBS_SINGLE,57744,2021-AKK-101,1,53.24,9.65,58,0.5619,0.1521,0,9,NBS,0.2706887346502937,27.06887346502937,3.694280078895463
-20635,NBS,2021,162,202102,27,3,0,2021-07-28,0.503,2.762,15.721,Y,3.2800000000000002,0.0126596552147967,64.28089,-170.67872,CC-20,31,34,NA,7.9,0.6,137,44,15,1,1,ALL,NBS_SINGLE,57744,2021-AKK-102,2,46.72,0,32,0.3315,0.0969,0,9,NBS,0.29230769230769227,29.230769230769226,3.4210526315789473
-20635,NBS,2021,162,202102,27,3,0,2021-07-28,0.503,2.762,15.721,Y,3.2800000000000002,0.0126596552147967,64.28089,-170.67872,CC-20,31,34,NA,7.9,0.6,137,44,15,1,1,ALL,NBS_SINGLE,57744,2021-AKK-103,2,48.77,0,40,0.1609,0.0404,0,9,NBS,0.25108763206960844,25.108763206960845,3.9826732673267324
-20635,NBS,2021,162,202102,27,3,0,2021-07-28,0.503,2.762,15.721,Y,3.2800000000000002,0.0126596552147967,64.28089,-170.67872,CC-20,31,34,NA,7.9,0.6,137,44,15,1,1,ALL,NBS_SINGLE,57744,2021-AKK-104,2,51.27,0,44,0.2609,0.0671,0,9,NBS,0.2571866615561518,25.71866615561518,3.8882265275707897
-20635,NBS,2021,162,202102,27,3,0,2021-07-28,0.503,2.762,15.721,Y,3.2800000000000002,0.0126596552147967,64.28089,-170.67872,CC-20,31,34,NA,7.9,0.6,137,44,15,1,1,ALL,NBS_SINGLE,57744,2021-AKK-105,2,43.52,0,29,0.3464,0.0917,0,9,NBS,0.2647228637413395,26.47228637413395,3.777535441657579
-20634,NBS,2021,162,202102,26,3,0,2021-07-28,0.505,2.728,15.595,Y,3.145,0.012403600817586001,64.233985,-171.105935,CC-21,37,40,NA,7.8,0.3,137,44,15,1,1,ALL,NBS_SINGLE,57744,2021-AKK-89,2,56.93,0,58,0.3604,0.1046,0,9,NBS,0.2902330743618202,29.023307436182023,3.445506692160612
-20634,NBS,2021,162,202102,26,3,0,2021-07-28,0.505,2.728,15.595,Y,3.145,0.012403600817586001,64.233985,-171.105935,CC-21,37,40,NA,7.8,0.3,137,44,15,1,1,ALL,NBS_SINGLE,57744,2021-AKK-90,2,55.87,0,59,0.3562,0.0848,0,9,NBS,0.23806850084222345,23.806850084222344,4.2004716981132075
-20634,NBS,2021,162,202102,26,3,0,2021-07-28,0.505,2.728,15.595,Y,3.145,0.012403600817586001,64.233985,-171.105935,CC-21,37,40,NA,7.8,0.3,137,44,15,1,1,ALL,NBS_SINGLE,57744,2021-AKK-91,1,57.44,9.54,66,0.2361,0.0574,0,9,NBS,0.24311732316814907,24.311732316814908,4.113240418118467
-20634,NBS,2021,162,202102,26,3,0,2021-07-28,0.505,2.728,15.595,Y,3.145,0.012403600817586001,64.233985,-171.105935,CC-21,37,40,NA,7.8,0.3,137,44,15,1,1,ALL,NBS_SINGLE,57744,2021-AKK-92,1,51.94,8.39,49,0.2976,0.0553,0,9,NBS,0.1858198924731183,18.58198924731183,5.381555153707052
-20634,NBS,2021,162,202102,26,3,0,2021-07-28,0.505,2.728,15.595,Y,3.145,0.012403600817586001,64.233985,-171.105935,CC-21,37,40,NA,7.8,0.3,137,44,15,1,1,ALL,NBS_SINGLE,57744,2021-AKK-93,2,50.36,0,44,0.3732,0.0952,0,9,NBS,0.25509110396570206,25.509110396570208,3.92016806722689
-20634,NBS,2021,162,202102,26,3,0,2021-07-28,0.505,2.728,15.595,Y,3.145,0.012403600817586001,64.233985,-171.105935,CC-21,37,40,NA,7.8,0.3,137,44,15,1,1,ALL,NBS_SINGLE,57744,2021-AKK-94,2,49.83,0,40,0.3409,0.0889,0,9,NBS,0.2607802874743327,26.07802874743327,3.834645669291338
-20634,NBS,2021,162,202102,26,3,0,2021-07-28,0.505,2.728,15.595,Y,3.145,0.012403600817586001,64.233985,-171.105935,CC-21,37,40,NA,7.8,0.3,137,44,15,1,1,ALL,NBS_SINGLE,57744,2021-AKK-95,2,46.86,0,35,0.233,0.0547,0,9,NBS,0.23476394849785406,23.476394849785407,4.259597806215722
-20634,NBS,2021,162,202102,26,3,0,2021-07-28,0.505,2.728,15.595,Y,3.145,0.012403600817586001,64.233985,-171.105935,CC-21,37,40,NA,7.8,0.3,137,44,15,1,1,ALL,NBS_SINGLE,57744,2021-AKK-96,2,44.55,0,34,0.3382,0.0829,0,9,NBS,0.24512123004139563,24.512123004139564,4.079613992762364
-20637,NBS,2021,162,202102,29,3,0,2021-07-29,0.508,2.74,16.461000000000002,Y,2.737,0.013149971562519,64.65693,-169.90694,DD-19,44,47,NA,0.9,0.3,183,44,15,1,1,ALL,NBS_SINGLE,57744,2021-AKK-115,2,54.73,0,48,0.2261,0.0762,0,9,NBS,0.3370190181335692,33.70190181335692,2.9671916010498687
-20637,NBS,2021,162,202102,29,3,0,2021-07-29,0.508,2.74,16.461000000000002,Y,2.737,0.013149971562519,64.65693,-169.90694,DD-19,44,47,NA,0.9,0.3,183,44,15,1,1,ALL,NBS_SINGLE,57744,2021-AKK-116,2,57.04,0,55,0.4027,0.1352,0,9,NBS,0.3357337968711199,33.573379687111995,2.9785502958579886
-20637,NBS,2021,162,202102,29,3,0,2021-07-29,0.508,2.74,16.461000000000002,Y,2.737,0.013149971562519,64.65693,-169.90694,DD-19,44,47,NA,0.9,0.3,183,44,15,1,1,ALL,NBS_SINGLE,57744,2021-AKK-117,2,53.57,0,44,0.4747,0.1841,0,9,NBS,0.3878238887718559,38.78238887718559,2.578489951113525
-20637,NBS,2021,162,202102,29,3,0,2021-07-29,0.508,2.74,16.461000000000002,Y,2.737,0.013149971562519,64.65693,-169.90694,DD-19,44,47,NA,0.9,0.3,183,44,15,1,1,ALL,NBS_SINGLE,57744,2021-AKK-118,1,59.35,9.82,70,0.5296,0.1738,0,9,NBS,0.3281722054380665,32.817220543806656,3.0471806674338318
-20637,NBS,2021,162,202102,29,3,0,2021-07-29,0.508,2.74,16.461000000000002,Y,2.737,0.013149971562519,64.65693,-169.90694,DD-19,44,47,NA,0.9,0.3,183,44,15,1,1,ALL,NBS_SINGLE,57744,2021-AKK-119,1,50.79,7.9,49,0.28,0.1029,0,9,NBS,0.3675,36.75,2.7210884353741496
-20637,NBS,2021,162,202102,29,3,0,2021-07-29,0.508,2.74,16.461000000000002,Y,2.737,0.013149971562519,64.65693,-169.90694,DD-19,44,47,NA,0.9,0.3,183,44,15,1,1,ALL,NBS_SINGLE,57744,2021-AKK-120,2,60.6,0,68,0.3998,0.1318,0,9,NBS,0.32966483241620814,32.966483241620814,3.0333839150227617
-20637,NBS,2021,162,202102,29,3,0,2021-07-29,0.508,2.74,16.461000000000002,Y,2.737,0.013149971562519,64.65693,-169.90694,DD-19,44,47,NA,0.9,0.3,183,44,15,1,1,ALL,NBS_SINGLE,57744,2021-AKK-121,2,57.34,0,55,0.4469,0.1443,0,9,NBS,0.3228910270754084,32.28910270754084,3.097020097020097
-20637,NBS,2021,162,202102,29,3,0,2021-07-29,0.508,2.74,16.461000000000002,Y,2.737,0.013149971562519,64.65693,-169.90694,DD-19,44,47,NA,0.9,0.3,183,44,15,1,1,ALL,NBS_SINGLE,57744,2021-AKK-122,2,53.65,0,49,0.2388,0.0883,0,9,NBS,0.36976549413735343,36.97654941373534,2.7044167610419025
-20637,NBS,2021,162,202102,29,3,0,2021-07-29,0.508,2.74,16.461000000000002,Y,2.737,0.013149971562519,64.65693,-169.90694,DD-19,44,47,NA,0.9,0.3,183,44,15,1,1,ALL,NBS_SINGLE,57744,2021-AKK-123,2,50.47,0,41,0.1991,0.061,0,9,NBS,0.3063787041687594,30.63787041687594,3.2639344262295085
-20637,NBS,2021,162,202102,29,3,0,2021-07-29,0.508,2.74,16.461000000000002,Y,2.737,0.013149971562519,64.65693,-169.90694,DD-19,44,47,NA,0.9,0.3,183,44,15,1,1,ALL,NBS_SINGLE,57744,2021-AKK-124,2,50.42,0,40,0.2381,0.0721,0,9,NBS,0.3028139437211256,30.28139437211256,3.302357836338419
-20637,NBS,2021,162,202102,29,3,0,2021-07-29,0.508,2.74,16.461000000000002,Y,2.737,0.013149971562519,64.65693,-169.90694,DD-19,44,47,NA,0.9,0.3,183,44,15,1,1,ALL,NBS_SINGLE,57744,2021-AKK-125,2,49.69,0,37,0.4972,0.1734,0,9,NBS,0.3487530168946098,34.87530168946098,2.867358708189158
-20637,NBS,2021,162,202102,29,3,0,2021-07-29,0.508,2.74,16.461000000000002,Y,2.737,0.013149971562519,64.65693,-169.90694,DD-19,44,47,NA,0.9,0.3,183,44,15,1,1,ALL,NBS_SINGLE,57744,2021-AKK-126,2,51.79,0,44,0.2087,0.0612,0,9,NBS,0.29324389075227597,29.324389075227597,3.4101307189542482
-20637,NBS,2021,162,202102,29,3,0,2021-07-29,0.508,2.74,16.461000000000002,Y,2.737,0.013149971562519,64.65693,-169.90694,DD-19,44,47,NA,0.9,0.3,183,44,15,1,1,ALL,NBS_SINGLE,57744,2021-AKK-127,2,46.09,0,31,0.246,0.0723,0,9,NBS,0.2939024390243903,29.39024390243903,3.4024896265560165
-20648,NBS,2021,162,202102,33,3,4.1,2021-07-30,0.514,2.79,15.448,Y,2.793,0.012565926060731999,65.252895,-168.947575,FF-18,49,52,NA,7.6000000000000005,2.2,183,44,15,1,1,ALL,NBS_SINGLE,57744,2021-AKK-128,2,51.19,0,49,0.3188,0.1182,0,9,NBS,0.3707653701380176,37.076537013801754,2.6971235194585446
-20648,NBS,2021,162,202102,33,3,4.1,2021-07-30,0.514,2.79,15.448,Y,2.793,0.012565926060731999,65.252895,-168.947575,FF-18,49,52,NA,7.6000000000000005,2.2,183,44,15,1,1,ALL,NBS_SINGLE,57744,2021-AKK-129,1,58.62,9.91,73,0.2416,0.0764,0,9,NBS,0.31622516556291386,31.622516556291387,3.1623036649214664
-20648,NBS,2021,162,202102,33,3,4.1,2021-07-30,0.514,2.79,15.448,Y,2.793,0.012565926060731999,65.252895,-168.947575,FF-18,49,52,NA,7.6000000000000005,2.2,183,44,15,1,1,ALL,NBS_SINGLE,57744,2021-AKK-130,1,58.55,9.64,76,0.3156,0.1095,0,9,NBS,0.34695817490494296,34.6958174904943,2.8821917808219175
-20648,NBS,2021,162,202102,33,3,4.1,2021-07-30,0.514,2.79,15.448,Y,2.793,0.012565926060731999,65.252895,-168.947575,FF-18,49,52,NA,7.6000000000000005,2.2,183,44,15,1,1,ALL,NBS_SINGLE,57744,2021-AKK-131,1,52.75,8.6,60,0.4841,0.1505,0,9,NBS,0.3108861805412105,31.08861805412105,3.216611295681063
-20648,NBS,2021,162,202102,33,3,4.1,2021-07-30,0.514,2.79,15.448,Y,2.793,0.012565926060731999,65.252895,-168.947575,FF-18,49,52,NA,7.6000000000000005,2.2,183,44,15,1,1,ALL,NBS_SINGLE,57744,2021-AKK-132,1,55.79,9.49,67,0.2719,0.0916,0,9,NBS,0.336888561971313,33.6888561971313,2.9683406113537116
-20648,NBS,2021,162,202102,33,3,4.1,2021-07-30,0.514,2.79,15.448,Y,2.793,0.012565926060731999,65.252895,-168.947575,FF-18,49,52,NA,7.6000000000000005,2.2,183,44,15,1,1,ALL,NBS_SINGLE,57744,2021-AKK-133,1,58.73,9.44,74,0.3365,0.1006,0,9,NBS,0.2989598811292719,29.895988112927192,3.3449304174950303
-20648,NBS,2021,162,202102,33,3,4.1,2021-07-30,0.514,2.79,15.448,Y,2.793,0.012565926060731999,65.252895,-168.947575,FF-18,49,52,NA,7.6000000000000005,2.2,183,44,15,1,1,ALL,NBS_SINGLE,57744,2021-AKK-134,1,56.56,8.92,69,0.3518,0.1115,0,9,NBS,0.31694144400227403,31.694144400227405,3.155156950672646
-20648,NBS,2021,162,202102,33,3,4.1,2021-07-30,0.514,2.79,15.448,Y,2.793,0.012565926060731999,65.252895,-168.947575,FF-18,49,52,NA,7.6000000000000005,2.2,183,44,15,1,1,ALL,NBS_SINGLE,57744,2021-AKK-135,1,55.95,9.39,68,0.1495,0.0462,0,9,NBS,0.30903010033444817,30.903010033444815,3.235930735930736
-20648,NBS,2021,162,202102,33,3,4.1,2021-07-30,0.514,2.79,15.448,Y,2.793,0.012565926060731999,65.252895,-168.947575,FF-18,49,52,NA,7.6000000000000005,2.2,183,44,15,1,1,ALL,NBS_SINGLE,57744,2021-AKK-136,1,58.66,8.39,74,0.3854,0.1387,0,9,NBS,0.35988583290088216,35.988583290088215,2.778658976207643
-20648,NBS,2021,162,202102,33,3,4.1,2021-07-30,0.514,2.79,15.448,Y,2.793,0.012565926060731999,65.252895,-168.947575,FF-18,49,52,NA,7.6000000000000005,2.2,183,44,15,1,1,ALL,NBS_SINGLE,57744,2021-AKK-137,1,67.03,11.6,116,0.3206,0.1087,0,9,NBS,0.3390517779164068,33.905177791640675,2.9494020239190433
-20648,NBS,2021,162,202102,33,3,4.1,2021-07-30,0.514,2.79,15.448,Y,2.793,0.012565926060731999,65.252895,-168.947575,FF-18,49,52,NA,7.6000000000000005,2.2,183,44,15,1,1,ALL,NBS_SINGLE,57744,2021-AKK-138,2,54.26,0,54,0.3016,0.1023,0,9,NBS,0.33919098143236076,33.91909814323608,2.9481915933528833
-20648,NBS,2021,162,202102,33,3,4.1,2021-07-30,0.514,2.79,15.448,Y,2.793,0.012565926060731999,65.252895,-168.947575,FF-18,49,52,NA,7.6000000000000005,2.2,183,44,15,1,1,ALL,NBS_SINGLE,57744,2021-AKK-139,2,54.08,0,56,0.1026,0.0323,0,9,NBS,0.3148148148148148,31.48148148148148,3.176470588235294
-20648,NBS,2021,162,202102,33,3,4.1,2021-07-30,0.514,2.79,15.448,Y,2.793,0.012565926060731999,65.252895,-168.947575,FF-18,49,52,NA,7.6000000000000005,2.2,183,44,15,1,1,ALL,NBS_SINGLE,57744,2021-AKK-140,2,51.93,0,44,0.1648,0.0547,0,9,NBS,0.33191747572815533,33.19174757281553,3.0127970749542965
-20591,NBS,2021,94,202102,5,3,0,2021-07-23,0.53,2.9410000000000003,16.651,Y,2.494,0.0142775398575299,61.66059,-171.533265,U-22,52,54,NA,8.9,0.6,183,44,15,1,1,ALL,NBS_SINGLE,57744,2021-VA-176,2,54.31,0,52,0.3005,0.0975,0,7,NBS,0.32445923460898507,32.445923460898506,3.0820512820512818
-20591,NBS,2021,94,202102,5,3,0,2021-07-23,0.53,2.9410000000000003,16.651,Y,2.494,0.0142775398575299,61.66059,-171.533265,U-22,52,54,NA,8.9,0.6,183,44,15,1,1,ALL,NBS_SINGLE,57744,2021-VA-177,1,52.44,8.09,50,0.3579,0.0832,0,7,NBS,0.23246716960044705,23.246716960044704,4.3016826923076925
-20591,NBS,2021,94,202102,5,3,0,2021-07-23,0.53,2.9410000000000003,16.651,Y,2.494,0.0142775398575299,61.66059,-171.533265,U-22,52,54,NA,8.9,0.6,183,44,15,1,1,ALL,NBS_SINGLE,57744,2021-VA-179,1,55.68,9.21,NA,0.3315,0.1074,0,7,NBS,0.32398190045248865,32.39819004524887,3.08659217877095
-20591,NBS,2021,94,202102,5,3,0,2021-07-23,0.53,2.9410000000000003,16.651,Y,2.494,0.0142775398575299,61.66059,-171.533265,U-22,52,54,NA,8.9,0.6,183,44,15,1,1,ALL,NBS_SINGLE,57744,2021-VA-180,1,51.87,8.85,NA,0.3044,0.0786,0,7,NBS,0.25821287779237845,25.821287779237846,3.872773536895674
-20591,NBS,2021,94,202102,5,3,0,2021-07-23,0.53,2.9410000000000003,16.651,Y,2.494,0.0142775398575299,61.66059,-171.533265,U-22,52,54,NA,8.9,0.6,183,44,15,1,1,ALL,NBS_SINGLE,57744,2021-VA-181,2,55.21,0,52,0.3137,0.1045,0,7,NBS,0.3331208160663054,33.31208160663054,3.001913875598086
-20591,NBS,2021,94,202102,5,3,0,2021-07-23,0.53,2.9410000000000003,16.651,Y,2.494,0.0142775398575299,61.66059,-171.533265,U-22,52,54,NA,8.9,0.6,183,44,15,1,1,ALL,NBS_SINGLE,57744,2021-VA-182,1,52.65,8.9,54,0.3116,0.0869,0,7,NBS,0.2788831835686778,27.88831835686778,3.585730724971231
-20591,NBS,2021,94,202102,5,3,0,2021-07-23,0.53,2.9410000000000003,16.651,Y,2.494,0.0142775398575299,61.66059,-171.533265,U-22,52,54,NA,8.9,0.6,183,44,15,1,1,ALL,NBS_SINGLE,57744,2021-VA-183,2,52.47,0,48,0.3179,0.0848,0,7,NBS,0.2667505504875747,26.675055048757468,3.748820754716981
-20591,NBS,2021,94,202102,5,3,0,2021-07-23,0.53,2.9410000000000003,16.651,Y,2.494,0.0142775398575299,61.66059,-171.533265,U-22,52,54,NA,8.9,0.6,183,44,15,1,1,ALL,NBS_SINGLE,57744,2021-VA-184,2,55.83,0,56,0.3203,0.1202,0,7,NBS,0.37527318139244464,37.527318139244464,2.6647254575707153
-20591,NBS,2021,94,202102,5,3,0,2021-07-23,0.53,2.9410000000000003,16.651,Y,2.494,0.0142775398575299,61.66059,-171.533265,U-22,52,54,NA,8.9,0.6,183,44,15,1,1,ALL,NBS_SINGLE,57744,2021-VA-185,2,50.23,0,42,0.2977,0.0953,0,7,NBS,0.32012092710782664,32.01209271078266,3.1238195173137466
-20591,NBS,2021,94,202102,5,3,0,2021-07-23,0.53,2.9410000000000003,16.651,Y,2.494,0.0142775398575299,61.66059,-171.533265,U-22,52,54,NA,8.9,0.6,183,44,15,1,1,ALL,NBS_SINGLE,57744,2021-VA-188,1,57.64,9.7,NA,0.3308,0.0875,0,7,NBS,0.26451027811366384,26.451027811366384,3.7805714285714287
-20591,NBS,2021,94,202102,5,3,0,2021-07-23,0.53,2.9410000000000003,16.651,Y,2.494,0.0142775398575299,61.66059,-171.533265,U-22,52,54,NA,8.9,0.6,183,44,15,1,1,ALL,NBS_SINGLE,57744,2021-VA-189,2,50.35,0,42,0.3097,0.09,0,7,NBS,0.29060381013884407,29.060381013884406,3.441111111111111
-20592,NBS,2021,94,202102,6,3,0,2021-07-23,0.519,2.8560000000000003,17.526,Y,2.596,0.014593486018557601,61.664665,-172.292375,U-23,58,61,NA,9.3,0.5,229,44,15,1,1,ALL,NBS_SINGLE,57744,2021-VA-166,2,56.45,0,60,0.3109,0.1005,0,7,NBS,0.3232550659376005,32.32550659376005,3.0935323383084574
-20592,NBS,2021,94,202102,6,3,0,2021-07-23,0.519,2.8560000000000003,17.526,Y,2.596,0.014593486018557601,61.664665,-172.292375,U-23,58,61,NA,9.3,0.5,229,44,15,1,1,ALL,NBS_SINGLE,57744,2021-VA-167,1,77.04,16.63,NA,0.3114,0.0862,1,7,NBS,0.27681438664097624,27.681438664097623,3.6125290023201857
-20592,NBS,2021,94,202102,6,3,0,2021-07-23,0.519,2.8560000000000003,17.526,Y,2.596,0.014593486018557601,61.664665,-172.292375,U-23,58,61,NA,9.3,0.5,229,44,15,1,1,ALL,NBS_SINGLE,57744,2021-VA-168,2,54.11,0,56,0.3387,0.1012,0,7,NBS,0.2987894892235016,29.878948922350162,3.3468379446640317
-20592,NBS,2021,94,202102,6,3,0,2021-07-23,0.519,2.8560000000000003,17.526,Y,2.596,0.014593486018557601,61.664665,-172.292375,U-23,58,61,NA,9.3,0.5,229,44,15,1,1,ALL,NBS_SINGLE,57744,2021-VA-169,1,78.37,14.81,NA,0.3114,0.0792,0,7,NBS,0.254335260115607,25.433526011560698,3.9318181818181817
-20592,NBS,2021,94,202102,6,3,0,2021-07-23,0.519,2.8560000000000003,17.526,Y,2.596,0.014593486018557601,61.664665,-172.292375,U-23,58,61,NA,9.3,0.5,229,44,15,1,1,ALL,NBS_SINGLE,57744,2021-VA-170,1,73.21,12.93,124,0.322,0.0866,0,7,NBS,0.268944099378882,26.8944099378882,3.7182448036951503
-20592,NBS,2021,94,202102,6,3,0,2021-07-23,0.519,2.8560000000000003,17.526,Y,2.596,0.014593486018557601,61.664665,-172.292375,U-23,58,61,NA,9.3,0.5,229,44,15,1,1,ALL,NBS_SINGLE,57744,2021-VA-171,1,87.59,16.7,242,0.3129,0.1004,0,7,NBS,0.32086928731224035,32.086928731224035,3.116533864541833
-20592,NBS,2021,94,202102,6,3,0,2021-07-23,0.519,2.8560000000000003,17.526,Y,2.596,0.014593486018557601,61.664665,-172.292375,U-23,58,61,NA,9.3,0.5,229,44,15,1,1,ALL,NBS_SINGLE,57744,2021-VA-172,2,60.03,0,70,0.3041,0.0863,0,7,NBS,0.2837882275567248,28.378822755672477,3.523754345307068
-20592,NBS,2021,94,202102,6,3,0,2021-07-23,0.519,2.8560000000000003,17.526,Y,2.596,0.014593486018557601,61.664665,-172.292375,U-23,58,61,NA,9.3,0.5,229,44,15,1,1,ALL,NBS_SINGLE,57744,2021-VA-173,1,78.76,15.21,180,0.3161,0.0912,0,7,NBS,0.2885162923125593,28.85162923125593,3.4660087719298245
-20592,NBS,2021,94,202102,6,3,0,2021-07-23,0.519,2.8560000000000003,17.526,Y,2.596,0.014593486018557601,61.664665,-172.292375,U-23,58,61,NA,9.3,0.5,229,44,15,1,1,ALL,NBS_SINGLE,57744,2021-VA-174,1,76.33,14.43,152,0.3347,0.0943,0,7,NBS,0.2817448461308634,28.174484613086342,3.5493107104984096
-20592,NBS,2021,94,202102,6,3,0,2021-07-23,0.519,2.8560000000000003,17.526,Y,2.596,0.014593486018557601,61.664665,-172.292375,U-23,58,61,NA,9.3,0.5,229,44,15,1,1,ALL,NBS_SINGLE,57744,2021-VA-175,1,70.87,13.44,NA,0.3158,0.0698,0,7,NBS,0.22102596580113995,22.102596580113996,4.524355300859599
-20592,NBS,2021,94,202102,6,3,0,2021-07-23,0.519,2.8560000000000003,17.526,Y,2.596,0.014593486018557601,61.664665,-172.292375,U-23,58,61,NA,9.3,0.5,229,44,15,1,1,ALL,NBS_SINGLE,57744,2021-VA-178,1,75.18,14.37,NA,0.485,0.1365,0,7,NBS,0.2814432989690722,28.144329896907223,3.553113553113553
-20592,NBS,2021,94,202102,6,3,0,2021-07-23,0.519,2.8560000000000003,17.526,Y,2.596,0.014593486018557601,61.664665,-172.292375,U-23,58,61,NA,9.3,0.5,229,44,15,1,1,ALL,NBS_SINGLE,57744,2021-VA-187,2,58.3,0,66,0.2992,0.0975,0,7,NBS,0.32586898395721925,32.586898395721924,3.068717948717949
-20592,NBS,2021,94,202102,6,3,0,2021-07-23,0.519,2.8560000000000003,17.526,Y,2.596,0.014593486018557601,61.664665,-172.292375,U-23,58,61,NA,9.3,0.5,229,44,15,1,1,ALL,NBS_SINGLE,57744,2021-VA-190,1,83.74,16.19,228,0.3139,0.0858,0,7,NBS,0.2733354571519592,27.33354571519592,3.6585081585081585
-20576,NBS,2021,94,202102,1,3,0,2021-07-22,0.529,2.839,18.996000000000002,Y,2.2230000000000003,0.015723368372507398,61.67323,-173.07778,U-24,64,66,NA,8.5,1.1,229,44,15,1,1,ALL,NBS_SINGLE,57744,2021-VA-143,1,52.4,9.51,NA,0.308,0.0993,0,7,NBS,0.3224025974025974,32.24025974025974,3.1017119838872103
-20576,NBS,2021,94,202102,1,3,0,2021-07-22,0.529,2.839,18.996000000000002,Y,2.2230000000000003,0.015723368372507398,61.67323,-173.07778,U-24,64,66,NA,8.5,1.1,229,44,15,1,1,ALL,NBS_SINGLE,57744,2021-VA-145,2,46.21,0,32,0.1305,0.053900000000000003,0,7,NBS,0.41302681992337165,41.30268199233716,2.4211502782931356
-20576,NBS,2021,94,202102,1,3,0,2021-07-22,0.529,2.839,18.996000000000002,Y,2.2230000000000003,0.015723368372507398,61.67323,-173.07778,U-24,64,66,NA,8.5,1.1,229,44,15,1,1,ALL,NBS_SINGLE,57744,2021-VA-146,2,47.69,0,34,0.3198,0.1136,0,7,NBS,0.3552220137585992,35.52220137585992,2.815140845070422
-20576,NBS,2021,94,202102,1,3,0,2021-07-22,0.529,2.839,18.996000000000002,Y,2.2230000000000003,0.015723368372507398,61.67323,-173.07778,U-24,64,66,NA,8.5,1.1,229,44,15,1,1,ALL,NBS_SINGLE,57744,2021-VA-147,2,43.21,0,28,0.3198,0.1089,0,7,NBS,0.3405253283302064,34.052532833020635,2.9366391184573
-20576,NBS,2021,94,202102,1,3,0,2021-07-22,0.529,2.839,18.996000000000002,Y,2.2230000000000003,0.015723368372507398,61.67323,-173.07778,U-24,64,66,NA,8.5,1.1,229,44,15,1,1,ALL,NBS_SINGLE,57744,2021-VA-148,1,62.4,11.21,90,0.3186,0.1135,0,7,NBS,0.35624607658505963,35.624607658505965,2.8070484581497794
-20576,NBS,2021,94,202102,1,3,0,2021-07-22,0.529,2.839,18.996000000000002,Y,2.2230000000000003,0.015723368372507398,61.67323,-173.07778,U-24,64,66,NA,8.5,1.1,229,44,15,1,1,ALL,NBS_SINGLE,57744,2021-VA-149,1,55.49,10.01,NA,0.3116,0.0929,0,7,NBS,0.29813863928112966,29.813863928112966,3.3541442411194833
-20576,NBS,2021,94,202102,1,3,0,2021-07-22,0.529,2.839,18.996000000000002,Y,2.2230000000000003,0.015723368372507398,61.67323,-173.07778,U-24,64,66,NA,8.5,1.1,229,44,15,1,1,ALL,NBS_SINGLE,57744,2021-VA-150,2,43.45,0,28,0.3031,0.1171,0,7,NBS,0.3863411415374464,38.63411415374464,2.588385994876174
-20576,NBS,2021,94,202102,1,3,0,2021-07-22,0.529,2.839,18.996000000000002,Y,2.2230000000000003,0.015723368372507398,61.67323,-173.07778,U-24,64,66,NA,8.5,1.1,229,44,15,1,1,ALL,NBS_SINGLE,57744,2021-VA-151,1,56.11,10,NA,0.3432,0.0778,0,7,NBS,0.22668997668997667,22.66899766899767,4.411311053984576
-20576,NBS,2021,94,202102,1,3,0,2021-07-22,0.529,2.839,18.996000000000002,Y,2.2230000000000003,0.015723368372507398,61.67323,-173.07778,U-24,64,66,NA,8.5,1.1,229,44,15,1,1,ALL,NBS_SINGLE,57744,2021-VA-153,1,52.21,8.61,54,0.3488,0.1349,0,7,NBS,0.3867545871559633,38.67545871559633,2.585618977020015
-20576,NBS,2021,94,202102,1,3,0,2021-07-22,0.529,2.839,18.996000000000002,Y,2.2230000000000003,0.015723368372507398,61.67323,-173.07778,U-24,64,66,NA,8.5,1.1,229,44,15,1,1,ALL,NBS_SINGLE,57744,2021-VA-155,1,51.24,8.71,NA,0.2786,0.0767,0,7,NBS,0.2753050969131371,27.53050969131371,3.6323337679269883
-20576,NBS,2021,94,202102,1,3,0,2021-07-22,0.529,2.839,18.996000000000002,Y,2.2230000000000003,0.015723368372507398,61.67323,-173.07778,U-24,64,66,NA,8.5,1.1,229,44,15,1,1,ALL,NBS_SINGLE,57744,2021-VA-156,2,52.05,0,NA,0.3315,0.116,0,7,NBS,0.34992458521870284,34.99245852187028,2.8577586206896552
-20576,NBS,2021,94,202102,1,3,0,2021-07-22,0.529,2.839,18.996000000000002,Y,2.2230000000000003,0.015723368372507398,61.67323,-173.07778,U-24,64,66,NA,8.5,1.1,229,44,15,1,1,ALL,NBS_SINGLE,57744,2021-VA-161,2,41.99,0,34,0.3036,0.1044,0,7,NBS,0.34387351778656133,34.38735177865613,2.908045977011494
-20576,NBS,2021,94,202102,1,3,0,2021-07-22,0.529,2.839,18.996000000000002,Y,2.2230000000000003,0.015723368372507398,61.67323,-173.07778,U-24,64,66,NA,8.5,1.1,229,44,15,1,1,ALL,NBS_SINGLE,57744,2021-VA-162,2,43.14,0,32,0.313,0.1301,0,7,NBS,0.4156549520766773,41.56549520766773,2.4058416602613377
-20576,NBS,2021,94,202102,1,3,0,2021-07-22,0.529,2.839,18.996000000000002,Y,2.2230000000000003,0.015723368372507398,61.67323,-173.07778,U-24,64,66,NA,8.5,1.1,229,44,15,1,1,ALL,NBS_SINGLE,57744,2021-VA-163,2,44.07,0,26,0.1579,0.0604,0,7,NBS,0.3825205826472451,38.25205826472451,2.614238410596027
-20576,NBS,2021,94,202102,1,3,0,2021-07-22,0.529,2.839,18.996000000000002,Y,2.2230000000000003,0.015723368372507398,61.67323,-173.07778,U-24,64,66,NA,8.5,1.1,229,44,15,1,1,ALL,NBS_SINGLE,57744,2021-VA-164,2,44.04,0,26,0.3192,0.099,0,7,NBS,0.3101503759398497,31.015037593984967,3.224242424242424
-20576,NBS,2021,94,202102,1,3,0,2021-07-22,0.529,2.839,18.996000000000002,Y,2.2230000000000003,0.015723368372507398,61.67323,-173.07778,U-24,64,66,NA,8.5,1.1,229,44,15,1,1,ALL,NBS_SINGLE,57744,2021-VA-165,2,44.05,0,28,0.1736,0.0611,0,7,NBS,0.3519585253456221,35.19585253456221,2.841243862520458
-20585,NBS,2021,162,202102,2,3,0,2021-07-23,0.51,2.738,17.088,Y,2.656,0.0136408902594624,62.33486,-175.275625,W-27,76,79,NA,9.200000000000001,-0.6,274,44,15,1,1,ALL,NBS_SINGLE,57744,2021-AKK-26,2,57.41,0,58,0.3025,0.0956,0,7,NBS,0.3160330578512397,31.60330578512397,3.1642259414225937
-20585,NBS,2021,162,202102,2,3,0,2021-07-23,0.51,2.738,17.088,Y,2.656,0.0136408902594624,62.33486,-175.275625,W-27,76,79,NA,9.200000000000001,-0.6,274,44,15,1,1,ALL,NBS_SINGLE,57744,2021-AKK-27,2,57.59,0,60,0.2567,0.0658,0,7,NBS,0.2563303467082197,25.63303467082197,3.9012158054711246
-20585,NBS,2021,162,202102,2,3,0,2021-07-23,0.51,2.738,17.088,Y,2.656,0.0136408902594624,62.33486,-175.275625,W-27,76,79,NA,9.200000000000001,-0.6,274,44,15,1,1,ALL,NBS_SINGLE,57744,2021-AKK-28,2,55.27,0,56,0.3627,0.131,0,7,NBS,0.3611800385993934,36.11800385993934,2.768702290076336
-20587,NBS,2021,162,202102,4,3,0,2021-07-23,0.522,2.778,17.092000000000002,Y,2.616,0.013843412546079601,62.659095,-174.621015,X-26,70,73,NA,8.3,-1.7,274,44,15,1,1,ALL,NBS_SINGLE,57744,2021-AKK-29,2,53.86,0,47,0.2226,0.0686,0,7,NBS,0.3081761006289308,30.81761006289308,3.2448979591836737
-20587,NBS,2021,162,202102,4,3,0,2021-07-23,0.522,2.778,17.092000000000002,Y,2.616,0.013843412546079601,62.659095,-174.621015,X-26,70,73,NA,8.3,-1.7,274,44,15,1,1,ALL,NBS_SINGLE,57744,2021-AKK-30,2,55.57,0,51,0.9023,0.3067,0,7,NBS,0.33990912113487753,33.99091211348775,2.9419628301271605
-20587,NBS,2021,162,202102,4,3,0,2021-07-23,0.522,2.778,17.092000000000002,Y,2.616,0.013843412546079601,62.659095,-174.621015,X-26,70,73,NA,8.3,-1.7,274,44,15,1,1,ALL,NBS_SINGLE,57744,2021-AKK-31,2,52.81,0,48,0.2256,0.0786,0,7,NBS,0.348404255319149,34.840425531914896,2.8702290076335877
-20625,NBS,2021,94,202102,24,3,0,2021-07-27,0.501,2.705,16.132,Y,2.564,0.012722531027151,62.99652,-168.20090499999998,Y-01,37,40,NA,4.1,0.8,137,44,15,1,1,ALL,NBS_SINGLE,57744,2021-VA-198,1,45.89,9.41,38,0.2848,0.0522,1,8,NBS,0.1832865168539326,18.32865168539326,5.4559386973180075
-20625,NBS,2021,94,202102,24,3,0,2021-07-27,0.501,2.705,16.132,Y,2.564,0.012722531027151,62.99652,-168.20090499999998,Y-01,37,40,NA,4.1,0.8,137,44,15,1,1,ALL,NBS_SINGLE,57744,2021-VA-201,2,42.89,0,NA,0.3274,0.0743,0,8,NBS,0.22693952351863164,22.693952351863164,4.406460296096904
-20625,NBS,2021,94,202102,24,3,0,2021-07-27,0.501,2.705,16.132,Y,2.564,0.012722531027151,62.99652,-168.20090499999998,Y-01,37,40,NA,4.1,0.8,137,44,15,1,1,ALL,NBS_SINGLE,57744,2021-VA-212,2,43.04,0,28,0.1762,0.0424,0,8,NBS,0.24063564131668558,24.063564131668556,4.15566037735849
-20625,NBS,2021,94,202102,24,3,0,2021-07-27,0.501,2.705,16.132,Y,2.564,0.012722531027151,62.99652,-168.20090499999998,Y-01,37,40,NA,4.1,0.8,137,44,15,1,1,ALL,NBS_SINGLE,57744,2021-VA-217,2,41.63,0,NA,0.3034,0.0554,0,8,NBS,0.18259723137771916,18.259723137771918,5.476534296028881
-20625,NBS,2021,94,202102,24,3,0,2021-07-27,0.501,2.705,16.132,Y,2.564,0.012722531027151,62.99652,-168.20090499999998,Y-01,37,40,NA,4.1,0.8,137,44,15,1,1,ALL,NBS_SINGLE,57744,2021-VA-218,2,43.57,0,30,0.3138,0.0653,0,8,NBS,0.20809432759719565,20.809432759719567,4.80551301684533
-20625,NBS,2021,94,202102,24,3,0,2021-07-27,0.501,2.705,16.132,Y,2.564,0.012722531027151,62.99652,-168.20090499999998,Y-01,37,40,NA,4.1,0.8,137,44,15,1,1,ALL,NBS_SINGLE,57744,2021-VA-219,2,43.68,0,26,0.1234,0.0272,0,8,NBS,0.22042139384116693,22.042139384116695,4.536764705882353
-20624,NBS,2021,94,202102,23,3,0,2021-07-27,0.509,2.811,15.902000000000001,Y,2.563,0.0130325869358487,62.865444999999994,-168.825805,Y-18,37,40,NA,1.7,-0.2,137,44,15,1,1,ALL,NBS_SINGLE,57744,2021-VA-186,2,43.71,0,28,0.1625,0.0488,0,8,NBS,0.30030769230769233,30.030769230769234,3.3299180327868854
-20624,NBS,2021,94,202102,23,3,0,2021-07-27,0.509,2.811,15.902000000000001,Y,2.563,0.0130325869358487,62.865444999999994,-168.825805,Y-18,37,40,NA,1.7,-0.2,137,44,15,1,1,ALL,NBS_SINGLE,57744,2021-VA-208,2,42.8,0,26,0.3027,0.0417,0,8,NBS,0.1377601585728444,13.77601585728444,7.258992805755396
-20624,NBS,2021,94,202102,23,3,0,2021-07-27,0.509,2.811,15.902000000000001,Y,2.563,0.0130325869358487,62.865444999999994,-168.825805,Y-18,37,40,NA,1.7,-0.2,137,44,15,1,1,ALL,NBS_SINGLE,57744,2021-VA-220,1,51.04,8.41,NA,0.3005,0.1095,0,8,NBS,0.3643926788685524,36.43926788685524,2.7442922374429224
-20604,NBS,2021,162,202102,12,3,0,2021-07-25,0.509,2.819,17.603,Y,2.6310000000000002,0.014467710194921001,63.003305,-172.56412,Y-23,58,61,NA,7.8,-1.7,229,44,15,1,1,ALL,NBS_SINGLE,57744,2021-AKK-32,1,58,10.42,63,0.3566,0.1278,0,8,NBS,0.3583847448121144,35.83847448121144,2.790297339593114
-20604,NBS,2021,162,202102,12,3,0,2021-07-25,0.509,2.819,17.603,Y,2.6310000000000002,0.014467710194921001,63.003305,-172.56412,Y-23,58,61,NA,7.8,-1.7,229,44,15,1,1,ALL,NBS_SINGLE,57744,2021-AKK-33,1,49.62,6.94,30,0.3823,0.1293,0,8,NBS,0.33821606068532567,33.82160606853257,2.956689868522815
-20604,NBS,2021,162,202102,12,3,0,2021-07-25,0.509,2.819,17.603,Y,2.6310000000000002,0.014467710194921001,63.003305,-172.56412,Y-23,58,61,NA,7.8,-1.7,229,44,15,1,1,ALL,NBS_SINGLE,57744,2021-AKK-34,2,42.14,0,10,0.3769,0.1253,0,8,NBS,0.33244892544441496,33.2448925444415,3.007980845969673
-20604,NBS,2021,162,202102,12,3,0,2021-07-25,0.509,2.819,17.603,Y,2.6310000000000002,0.014467710194921001,63.003305,-172.56412,Y-23,58,61,NA,7.8,-1.7,229,44,15,1,1,ALL,NBS_SINGLE,57744,2021-AKK-35,2,53.59,0,37,0.3109,0.1082,0,8,NBS,0.34802187198456097,34.802187198456096,2.8733826247689462
-20604,NBS,2021,162,202102,12,3,0,2021-07-25,0.509,2.819,17.603,Y,2.6310000000000002,0.014467710194921001,63.003305,-172.56412,Y-23,58,61,NA,7.8,-1.7,229,44,15,1,1,ALL,NBS_SINGLE,57744,2021-AKK-36,1,55.28,8.89,39,0.3526,0.0874,0,8,NBS,0.24787294384571754,24.787294384571755,4.034324942791762
-20604,NBS,2021,162,202102,12,3,0,2021-07-25,0.509,2.819,17.603,Y,2.6310000000000002,0.014467710194921001,63.003305,-172.56412,Y-23,58,61,NA,7.8,-1.7,229,44,15,1,1,ALL,NBS_SINGLE,57744,2021-AKK-37,1,52.75,8.33,34,0.3769,0.1185,0,8,NBS,0.3144070045104802,31.44070045104802,3.1805907172995784
-20604,NBS,2021,162,202102,12,3,0,2021-07-25,0.509,2.819,17.603,Y,2.6310000000000002,0.014467710194921001,63.003305,-172.56412,Y-23,58,61,NA,7.8,-1.7,229,44,15,1,1,ALL,NBS_SINGLE,57744,2021-AKK-38,2,49.43,0,26,0.3496,0.1145,0,8,NBS,0.3275171624713959,32.75171624713959,3.053275109170306
-20604,NBS,2021,162,202102,12,3,0,2021-07-25,0.509,2.819,17.603,Y,2.6310000000000002,0.014467710194921001,63.003305,-172.56412,Y-23,58,61,NA,7.8,-1.7,229,44,15,1,1,ALL,NBS_SINGLE,57744,2021-AKK-39,2,50.28,0,22,0.265,0.0713,0,8,NBS,0.2690566037735849,26.905660377358494,3.7166900420757365
-20604,NBS,2021,162,202102,12,3,0,2021-07-25,0.509,2.819,17.603,Y,2.6310000000000002,0.014467710194921001,63.003305,-172.56412,Y-23,58,61,NA,7.8,-1.7,229,44,15,1,1,ALL,NBS_SINGLE,57744,2021-AKK-40,2,51.45,0,25,0.3566,0.1275,0,8,NBS,0.357543466068424,35.754346606842404,2.796862745098039
-20605,NBS,2021,162,202102,13,3,0,2021-07-25,0.499,2.7680000000000002,17.317,Y,2.66,0.0139751596738776,63.004000000000005,-173.215325,Y-24,66,69,NA,7.5,-1.7,229,44,15,1,1,ALL,NBS_SINGLE,57744,2021-AKK-41,1,63.74,10.75,98,0.3087,0.103,0,8,NBS,0.33365727243278265,33.365727243278265,2.9970873786407766
-20605,NBS,2021,162,202102,13,3,0,2021-07-25,0.499,2.7680000000000002,17.317,Y,2.66,0.0139751596738776,63.004000000000005,-173.215325,Y-24,66,69,NA,7.5,-1.7,229,44,15,1,1,ALL,NBS_SINGLE,57744,2021-AKK-42,2,56.99,0,47,0.3463,0.1172,0,8,NBS,0.33843488304937913,33.843488304937914,2.954778156996587
-20605,NBS,2021,162,202102,13,3,0,2021-07-25,0.499,2.7680000000000002,17.317,Y,2.66,0.0139751596738776,63.004000000000005,-173.215325,Y-24,66,69,NA,7.5,-1.7,229,44,15,1,1,ALL,NBS_SINGLE,57744,2021-AKK-43,1,51.12,8.22,54,0.3475,0.1168,0,8,NBS,0.3361151079136691,33.61151079136691,2.975171232876712
-20605,NBS,2021,162,202102,13,3,0,2021-07-25,0.499,2.7680000000000002,17.317,Y,2.66,0.0139751596738776,63.004000000000005,-173.215325,Y-24,66,69,NA,7.5,-1.7,229,44,15,1,1,ALL,NBS_SINGLE,57744,2021-AKK-44,2,46.88,0,38,0.3126,0.1247,0,8,NBS,0.39891234804862447,39.89123480486245,2.506816359262229
-20605,NBS,2021,162,202102,13,3,0,2021-07-25,0.499,2.7680000000000002,17.317,Y,2.66,0.0139751596738776,63.004000000000005,-173.215325,Y-24,66,69,NA,7.5,-1.7,229,44,15,1,1,ALL,NBS_SINGLE,57744,2021-AKK-45,1,51.48,8.55,53,0.3592,0.1125,0,8,NBS,0.313195991091314,31.319599109131403,3.192888888888889
-20605,NBS,2021,162,202102,13,3,0,2021-07-25,0.499,2.7680000000000002,17.317,Y,2.66,0.0139751596738776,63.004000000000005,-173.215325,Y-24,66,69,NA,7.5,-1.7,229,44,15,1,1,ALL,NBS_SINGLE,57744,2021-AKK-46,2,44.63,0,30,0.2393,0.0828,0,8,NBS,0.3460091934809862,34.60091934809862,2.890096618357488
-20605,NBS,2021,162,202102,13,3,0,2021-07-25,0.499,2.7680000000000002,17.317,Y,2.66,0.0139751596738776,63.004000000000005,-173.215325,Y-24,66,69,NA,7.5,-1.7,229,44,15,1,1,ALL,NBS_SINGLE,57744,2021-AKK-47,1,51.83,8.9,51,0.3342,0.1126,0,8,NBS,0.3369239976062238,33.69239976062238,2.9680284191829482
-20605,NBS,2021,162,202102,13,3,0,2021-07-25,0.499,2.7680000000000002,17.317,Y,2.66,0.0139751596738776,63.004000000000005,-173.215325,Y-24,66,69,NA,7.5,-1.7,229,44,15,1,1,ALL,NBS_SINGLE,57744,2021-AKK-48,2,44.64,0,32,0.3214,0.123,0,8,NBS,0.3827006845052893,38.27006845052893,2.613008130081301
-20606,NBS,2021,162,202102,14,3,0,2021-07-25,0.507,2.778,18.687,Y,2.431,0.015135259200128101,63.000434999999996,-173.981685,Y-25,71,73,NA,8,-1.7,274,44,15,1,1,ALL,NBS_SINGLE,57744,2021-AKK-49,2,53.16,0,50,0.392,0.1547,0,8,NBS,0.39464285714285713,39.464285714285715,2.5339366515837103
-20606,NBS,2021,162,202102,14,3,0,2021-07-25,0.507,2.778,18.687,Y,2.431,0.015135259200128101,63.000434999999996,-173.981685,Y-25,71,73,NA,8,-1.7,274,44,15,1,1,ALL,NBS_SINGLE,57744,2021-AKK-50,1,53.18,8.12,54,0.3827,0.1386,0,8,NBS,0.36216357460151555,36.216357460151556,2.761183261183261
-20606,NBS,2021,162,202102,14,3,0,2021-07-25,0.507,2.778,18.687,Y,2.431,0.015135259200128101,63.000434999999996,-173.981685,Y-25,71,73,NA,8,-1.7,274,44,15,1,1,ALL,NBS_SINGLE,57744,2021-AKK-51,2,46.82,0,34,0.2196,0.0785,0,8,NBS,0.3574681238615665,35.74681238615665,2.797452229299363
-20606,NBS,2021,162,202102,14,3,0,2021-07-25,0.507,2.778,18.687,Y,2.431,0.015135259200128101,63.000434999999996,-173.981685,Y-25,71,73,NA,8,-1.7,274,44,15,1,1,ALL,NBS_SINGLE,57744,2021-AKK-52,1,51.07,7.22,49,0.3187,0.0945,0,8,NBS,0.29651710072168186,29.651710072168186,3.372486772486772
-20606,NBS,2021,162,202102,14,3,0,2021-07-25,0.507,2.778,18.687,Y,2.431,0.015135259200128101,63.000434999999996,-173.981685,Y-25,71,73,NA,8,-1.7,274,44,15,1,1,ALL,NBS_SINGLE,57744,2021-AKK-54,2,45.67,0,31,0.3183,0.1455,0,8,NBS,0.4571159283694627,45.71159283694627,2.1876288659793817
-20606,NBS,2021,162,202102,14,3,0,2021-07-25,0.507,2.778,18.687,Y,2.431,0.015135259200128101,63.000434999999996,-173.981685,Y-25,71,73,NA,8,-1.7,274,44,15,1,1,ALL,NBS_SINGLE,57744,2021-AKK-55,1,54.6,8.98,61,0.443,0.1561,0,8,NBS,0.35237020316027085,35.237020316027085,2.8379244074311343
-20606,NBS,2021,162,202102,14,3,0,2021-07-25,0.507,2.778,18.687,Y,2.431,0.015135259200128101,63.000434999999996,-173.981685,Y-25,71,73,NA,8,-1.7,274,44,15,1,1,ALL,NBS_SINGLE,57744,2021-AKK-56,2,51.14,0,43,0.3578,0.1183,0,8,NBS,0.33063163778647287,33.06316377864729,3.0245139475908704
-20606,NBS,2021,162,202102,14,3,0,2021-07-25,0.507,2.778,18.687,Y,2.431,0.015135259200128101,63.000434999999996,-173.981685,Y-25,71,73,NA,8,-1.7,274,44,15,1,1,ALL,NBS_SINGLE,57744,2021-AKK-57,1,54.3,7.24,53,0.3228,0.1171,0,8,NBS,0.3627633209417596,36.27633209417596,2.7566182749786505
-20606,NBS,2021,162,202102,14,3,0,2021-07-25,0.507,2.778,18.687,Y,2.431,0.015135259200128101,63.000434999999996,-173.981685,Y-25,71,73,NA,8,-1.7,274,44,15,1,1,ALL,NBS_SINGLE,57744,2021-AKK-58,2,50.24,0,41,0.373,0.1281,0,8,NBS,0.34343163538873994,34.343163538873995,2.9117876658860267
-20606,NBS,2021,162,202102,14,3,0,2021-07-25,0.507,2.778,18.687,Y,2.431,0.015135259200128101,63.000434999999996,-173.981685,Y-25,71,73,NA,8,-1.7,274,44,15,1,1,ALL,NBS_SINGLE,57744,2021-AKK-59,2,46.48,0,32,0.2553,0.0836,0,8,NBS,0.3274578926752839,32.745789267528394,3.053827751196173
-20606,NBS,2021,162,202102,14,3,0,2021-07-25,0.507,2.778,18.687,Y,2.431,0.015135259200128101,63.000434999999996,-173.981685,Y-25,71,73,NA,8,-1.7,274,44,15,1,1,ALL,NBS_SINGLE,57744,2021-AKK-60,2,50.42,0,40,0.2448,0.1039,0,8,NBS,0.42442810457516345,42.442810457516345,2.356111645813282
-20644,NBS,2021,94,202102,31,3,0,2021-07-29,0.527,2.8850000000000002,15.432,Y,2.66,0.012980339992422,63.372045,-168.283725,ZZ-01,26,29,NA,3.6,0.4,137,44,15,1,1,ALL,NBS_SINGLE,57744,2021-VA-226,1,53.5,8.72,52,0.3115,0.0947,0,8,NBS,0.3040128410914928,30.40128410914928,3.2893347412882785
-20644,NBS,2021,94,202102,31,3,0,2021-07-29,0.527,2.8850000000000002,15.432,Y,2.66,0.012980339992422,63.372045,-168.283725,ZZ-01,26,29,NA,3.6,0.4,137,44,15,1,1,ALL,NBS_SINGLE,57744,2021-VA-228,1,50.44,8,42,0.3222,0.1131,0,8,NBS,0.35102420856610805,35.102420856610806,2.848806366047745
-20644,NBS,2021,94,202102,31,3,0,2021-07-29,0.527,2.8850000000000002,15.432,Y,2.66,0.012980339992422,63.372045,-168.283725,ZZ-01,26,29,NA,3.6,0.4,137,44,15,1,1,ALL,NBS_SINGLE,57744,2021-VA-235,1,50.34,8.43,50,0.2886,0.0857,0,8,NBS,0.2969507969507969,29.69507969507969,3.3675612602100355
-20619,NBS,2021,162,202102,18,3,0,2021-07-26,0.529,2.863,16.932000000000002,Y,2.561,0.0141334323254586,63.245149999999995,-171.99725999999998,ZZ-22,56,59,NA,7.6000000000000005,-1.5,229,44,15,1,1,ALL,NBS_SINGLE,57744,2021-AKK-71,2,48.39,0,37,0.355,0.1012,0,8,NBS,0.28507042253521125,28.507042253521124,3.507905138339921
-20619,NBS,2021,162,202102,18,3,0,2021-07-26,0.529,2.863,16.932000000000002,Y,2.561,0.0141334323254586,63.245149999999995,-171.99725999999998,ZZ-22,56,59,NA,7.6000000000000005,-1.5,229,44,15,1,1,ALL,NBS_SINGLE,57744,2021-AKK-72,1,55.12,9.36,55,0.4163,0.1216,0,8,NBS,0.29209704539995196,29.209704539995197,3.4235197368421053
-20619,NBS,2021,162,202102,18,3,0,2021-07-26,0.529,2.863,16.932000000000002,Y,2.561,0.0141334323254586,63.245149999999995,-171.99725999999998,ZZ-22,56,59,NA,7.6000000000000005,-1.5,229,44,15,1,1,ALL,NBS_SINGLE,57744,2021-AKK-73,2,47.03,0,30,0.3355,0.0761,0,8,NBS,0.22682563338301043,22.682563338301044,4.408672798948752
-20619,NBS,2021,162,202102,18,3,0,2021-07-26,0.529,2.863,16.932000000000002,Y,2.561,0.0141334323254586,63.245149999999995,-171.99725999999998,ZZ-22,56,59,NA,7.6000000000000005,-1.5,229,44,15,1,1,ALL,NBS_SINGLE,57744,2021-AKK-74,1,52.13,8.83,41,0.3088,0.0585,0,8,NBS,0.18944300518134716,18.944300518134717,5.2786324786324785
-20619,NBS,2021,162,202102,18,3,0,2021-07-26,0.529,2.863,16.932000000000002,Y,2.561,0.0141334323254586,63.245149999999995,-171.99725999999998,ZZ-22,56,59,NA,7.6000000000000005,-1.5,229,44,15,1,1,ALL,NBS_SINGLE,57744,2021-AKK-75,2,47.44,0,36,0.344,0.0955,0,8,NBS,0.2776162790697675,27.76162790697675,3.602094240837696
-20619,NBS,2021,162,202102,18,3,0,2021-07-26,0.529,2.863,16.932000000000002,Y,2.561,0.0141334323254586,63.245149999999995,-171.99725999999998,ZZ-22,56,59,NA,7.6000000000000005,-1.5,229,44,15,1,1,ALL,NBS_SINGLE,57744,2021-AKK-76,2,53.99,0,53,0.3618,0.0993,0,8,NBS,0.27446102819237145,27.446102819237144,3.6435045317220545
-20619,NBS,2021,162,202102,18,3,0,2021-07-26,0.529,2.863,16.932000000000002,Y,2.561,0.0141334323254586,63.245149999999995,-171.99725999999998,ZZ-22,56,59,NA,7.6000000000000005,-1.5,229,44,15,1,1,ALL,NBS_SINGLE,57744,2021-AKK-77,2,48.05,0,35,0.3084,0.0932,0,8,NBS,0.30220492866407267,30.220492866407266,3.3090128755364807
-20619,NBS,2021,162,202102,18,3,0,2021-07-26,0.529,2.863,16.932000000000002,Y,2.561,0.0141334323254586,63.245149999999995,-171.99725999999998,ZZ-22,56,59,NA,7.6000000000000005,-1.5,229,44,15,1,1,ALL,NBS_SINGLE,57744,2021-AKK-78,2,48.75,0,39,0.3387,0.0659,0,8,NBS,0.19456746383229997,19.456746383229998,5.139605462822458
-20619,NBS,2021,162,202102,18,3,0,2021-07-26,0.529,2.863,16.932000000000002,Y,2.561,0.0141334323254586,63.245149999999995,-171.99725999999998,ZZ-22,56,59,NA,7.6000000000000005,-1.5,229,44,15,1,1,ALL,NBS_SINGLE,57744,2021-AKK-79,2,45.06,0,32,0.3258,0.094,0,8,NBS,0.2885205647636587,28.852056476365874,3.4659574468085106
-20616,NBS,2021,162,202102,15,3,0,2021-07-26,0.5,2.709,17.039,Y,2.6670000000000003,0.0134577093305309,63.339025,-173.35744499999998,ZZ-24,68,71,NA,7.4,-1.6,229,44,15,1,1,ALL,NBS_SINGLE,57744,2021-AKK-53,2,51.47,0,40,0.2394,0.0737,0,8,NBS,0.3078529657477026,30.78529657477026,3.248303934871099
-20616,NBS,2021,162,202102,15,3,0,2021-07-26,0.5,2.709,17.039,Y,2.6670000000000003,0.0134577093305309,63.339025,-173.35744499999998,ZZ-24,68,71,NA,7.4,-1.6,229,44,15,1,1,ALL,NBS_SINGLE,57744,2021-AKK-61,2,47.37,0,35,0.3599,0.1492,0,8,NBS,0.41455959988885804,41.4559599888858,2.4121983914209113
-20616,NBS,2021,162,202102,15,3,0,2021-07-26,0.5,2.709,17.039,Y,2.6670000000000003,0.0134577093305309,63.339025,-173.35744499999998,ZZ-24,68,71,NA,7.4,-1.6,229,44,15,1,1,ALL,NBS_SINGLE,57744,2021-AKK-62,2,44.46,0,29,0.23,0.0976,0,8,NBS,0.42434782608695654,42.434782608695656,2.3565573770491803
-20616,NBS,2021,162,202102,15,3,0,2021-07-26,0.5,2.709,17.039,Y,2.6670000000000003,0.0134577093305309,63.339025,-173.35744499999998,ZZ-24,68,71,NA,7.4,-1.6,229,44,15,1,1,ALL,NBS_SINGLE,57744,2021-AKK-63,1,51.53,8.53,51,0.3401,0.107,0,8,NBS,0.31461334901499555,31.461334901499555,3.1785046728971964
-20616,NBS,2021,162,202102,15,3,0,2021-07-26,0.5,2.709,17.039,Y,2.6670000000000003,0.0134577093305309,63.339025,-173.35744499999998,ZZ-24,68,71,NA,7.4,-1.6,229,44,15,1,1,ALL,NBS_SINGLE,57744,2021-AKK-64,1,50.74,7.63,45,0.4201,0.137,0,8,NBS,0.3261128302785052,32.61128302785052,3.0664233576642332
-20616,NBS,2021,162,202102,15,3,0,2021-07-26,0.5,2.709,17.039,Y,2.6670000000000003,0.0134577093305309,63.339025,-173.35744499999998,ZZ-24,68,71,NA,7.4,-1.6,229,44,15,1,1,ALL,NBS_SINGLE,57744,2021-AKK-65,2,44.15,0,28,0.3747,0.1638,0,8,NBS,0.4371497197758207,43.71497197758207,2.2875457875457874
-20616,NBS,2021,162,202102,15,3,0,2021-07-26,0.5,2.709,17.039,Y,2.6670000000000003,0.0134577093305309,63.339025,-173.35744499999998,ZZ-24,68,71,NA,7.4,-1.6,229,44,15,1,1,ALL,NBS_SINGLE,57744,2021-AKK-66,1,52.62,8.32,52,0.3427,0.1085,0,8,NBS,0.31660344324482054,31.660344324482054,3.15852534562212
-20616,NBS,2021,162,202102,15,3,0,2021-07-26,0.5,2.709,17.039,Y,2.6670000000000003,0.0134577093305309,63.339025,-173.35744499999998,ZZ-24,68,71,NA,7.4,-1.6,229,44,15,1,1,ALL,NBS_SINGLE,57744,2021-AKK-67,2,46.18,0,33,0.3373,0.1152,0,8,NBS,0.3415357248739994,34.15357248739994,2.927951388888889
-20616,NBS,2021,162,202102,15,3,0,2021-07-26,0.5,2.709,17.039,Y,2.6670000000000003,0.0134577093305309,63.339025,-173.35744499999998,ZZ-24,68,71,NA,7.4,-1.6,229,44,15,1,1,ALL,NBS_SINGLE,57744,2021-AKK-68,2,41.08,0,41,0.3638,0.1142,0,8,NBS,0.31390874106652006,31.390874106652007,3.185639229422067
-20616,NBS,2021,162,202102,15,3,0,2021-07-26,0.5,2.709,17.039,Y,2.6670000000000003,0.0134577093305309,63.339025,-173.35744499999998,ZZ-24,68,71,NA,7.4,-1.6,229,44,15,1,1,ALL,NBS_SINGLE,57744,2021-AKK-69,2,46.23,0,32,0.3318,0.1001,0,8,NBS,0.30168776371308015,30.168776371308013,3.3146853146853146
-20616,NBS,2021,162,202102,15,3,0,2021-07-26,0.5,2.709,17.039,Y,2.6670000000000003,0.0134577093305309,63.339025,-173.35744499999998,ZZ-24,68,71,NA,7.4,-1.6,229,44,15,1,1,ALL,NBS_SINGLE,57744,2021-AKK-70,2,45.43,0,33,0.3204,0.0592,0,8,NBS,0.18476903870162298,18.476903870162296,5.412162162162162
-21937,NBS,2022,94,202202,38,3,0,2022-08-10,0.522,2.7760000000000002,15.267000000000001,Y,2.79,0.0123563785045932,63.664429999999996,-168.27987000000002,AA-01,28,31,NA,6.8,2.5,137,44,15,1,1,ALL,NBS_SINGLE,57744,2022-VA-128,1,53.58,10.79,NA,0.3158,0.0946,1,8,NBS,0.29955668144395187,29.955668144395187,3.338266384778013
-21937,NBS,2022,94,202202,38,3,0,2022-08-10,0.522,2.7760000000000002,15.267000000000001,Y,2.79,0.0123563785045932,63.664429999999996,-168.27987000000002,AA-01,28,31,NA,6.8,2.5,137,44,15,1,1,ALL,NBS_SINGLE,57744,2022-VA-135,1,50.29,8.59,52,0.2952,0.1103,0,8,NBS,0.37364498644986444,37.36449864498644,2.676337262012693
-21937,NBS,2022,94,202202,38,3,0,2022-08-10,0.522,2.7760000000000002,15.267000000000001,Y,2.79,0.0123563785045932,63.664429999999996,-168.27987000000002,AA-01,28,31,NA,6.8,2.5,137,44,15,1,1,ALL,NBS_SINGLE,57744,2022-VA-137,2,45.85,0,36,0.3226,0.0999,0,8,NBS,0.3096714197148171,30.96714197148171,3.229229229229229
-21937,NBS,2022,94,202202,38,3,0,2022-08-10,0.522,2.7760000000000002,15.267000000000001,Y,2.79,0.0123563785045932,63.664429999999996,-168.27987000000002,AA-01,28,31,NA,6.8,2.5,137,44,15,1,1,ALL,NBS_SINGLE,57744,2022-VA-138,2,51.82,0,48,0.3194,0.0975,0,8,NBS,0.3052598622417032,30.52598622417032,3.275897435897436
-21937,NBS,2022,94,202202,38,3,0,2022-08-10,0.522,2.7760000000000002,15.267000000000001,Y,2.79,0.0123563785045932,63.664429999999996,-168.27987000000002,AA-01,28,31,NA,6.8,2.5,137,44,15,1,1,ALL,NBS_SINGLE,57744,2022-VA-141,2,43.71,0,32,0.3369,0.1035,0,8,NBS,0.3072128227960819,30.721282279608193,3.255072463768116
-21937,NBS,2022,94,202202,38,3,0,2022-08-10,0.522,2.7760000000000002,15.267000000000001,Y,2.79,0.0123563785045932,63.664429999999996,-168.27987000000002,AA-01,28,31,NA,6.8,2.5,137,44,15,1,1,ALL,NBS_SINGLE,57744,2022-VA-142,2,46.35,0,38,0.3236,0.1095,0,8,NBS,0.338380716934487,33.838071693448704,2.9552511415525116
-21937,NBS,2022,94,202202,38,3,0,2022-08-10,0.522,2.7760000000000002,15.267000000000001,Y,2.79,0.0123563785045932,63.664429999999996,-168.27987000000002,AA-01,28,31,NA,6.8,2.5,137,44,15,1,1,ALL,NBS_SINGLE,57744,2022-VA-145,1,50.06,8.14,NA,0.2988,0.116,0,8,NBS,0.38821954484605087,38.82195448460509,2.575862068965517
-21937,NBS,2022,94,202202,38,3,0,2022-08-10,0.522,2.7760000000000002,15.267000000000001,Y,2.79,0.0123563785045932,63.664429999999996,-168.27987000000002,AA-01,28,31,NA,6.8,2.5,137,44,15,1,1,ALL,NBS_SINGLE,57744,2022-VA-148,2,56.06,0,60,0.3226,0.0776,0,8,NBS,0.24054556726596404,24.054556726596406,4.15721649484536
-21898,NBS,2022,94,202202,26,3,0,2022-08-07,0.524,2.829,15.878,Y,2.537,0.0130962446942877,63.68443,-167.53972,AA-02,25,28,NA,7.4,4,137,44,15,1,1,ALL,NBS_SINGLE,57744,2022-VA-112,2,53.39,0,NA,0.3785,0.1057,0,9,NBS,0.27926023778071335,27.926023778071336,3.5808893093661305
-21898,NBS,2022,94,202202,26,3,0,2022-08-07,0.524,2.829,15.878,Y,2.537,0.0130962446942877,63.68443,-167.53972,AA-02,25,28,NA,7.4,4,137,44,15,1,1,ALL,NBS_SINGLE,57744,2022-VA-116,2,47.31,0,36,0.33,0.1246,0,9,NBS,0.37757575757575756,37.75757575757576,2.648475120385233
-21898,NBS,2022,94,202202,26,3,0,2022-08-07,0.524,2.829,15.878,Y,2.537,0.0130962446942877,63.68443,-167.53972,AA-02,25,28,NA,7.4,4,137,44,15,1,1,ALL,NBS_SINGLE,57744,2022-VA-118,1,50.49,8.51,NA,0.416,0.1679,0,9,NBS,0.40360576923076924,40.36057692307693,2.4776652769505656
-21906,NBS,2022,162,202202,23,3,0,2022-08-06,0.512,2.8680000000000003,15.094000000000001,Y,2.3560000000000003,0.0126212255677332,63.670525,-169.001755,AA-18,33,35,NA,7.4,4.6000000000000005,137,44,15,1,1,ALL,NBS_SINGLE,57744,2022-AKK-54,1,50.57,8.43,52,0.3076,0.1302,0,8,NBS,0.42327698309492856,42.32769830949286,2.3625192012288783
-21906,NBS,2022,162,202202,23,3,0,2022-08-06,0.512,2.8680000000000003,15.094000000000001,Y,2.3560000000000003,0.0126212255677332,63.670525,-169.001755,AA-18,33,35,NA,7.4,4.6000000000000005,137,44,15,1,1,ALL,NBS_SINGLE,57744,2022-AKK-55,1,59.01,9.48,77,0.3547,0.1322,0,8,NBS,0.3727093318297153,37.270933182971525,2.683055975794251
-21906,NBS,2022,162,202202,23,3,0,2022-08-06,0.512,2.8680000000000003,15.094000000000001,Y,2.3560000000000003,0.0126212255677332,63.670525,-169.001755,AA-18,33,35,NA,7.4,4.6000000000000005,137,44,15,1,1,ALL,NBS_SINGLE,57744,2022-AKK-56,2,43.74,0,27,0.3068,0.0957,0,8,NBS,0.31192959582790086,31.192959582790085,3.2058516196447235
-21906,NBS,2022,162,202202,23,3,0,2022-08-06,0.512,2.8680000000000003,15.094000000000001,Y,2.3560000000000003,0.0126212255677332,63.670525,-169.001755,AA-18,33,35,NA,7.4,4.6000000000000005,137,44,15,1,1,ALL,NBS_SINGLE,57744,2022-AKK-57,1,52.39,8.55,52,0.3704,0.1529,0,8,NBS,0.41279697624190065,41.279697624190064,2.422498364944408
-21906,NBS,2022,162,202202,23,3,0,2022-08-06,0.512,2.8680000000000003,15.094000000000001,Y,2.3560000000000003,0.0126212255677332,63.670525,-169.001755,AA-18,33,35,NA,7.4,4.6000000000000005,137,44,15,1,1,ALL,NBS_SINGLE,57744,2022-AKK-58,2,44.06,0,27,0.3296,0.0883,0,8,NBS,0.2679004854368932,26.79004854368932,3.7327293318233297
-21906,NBS,2022,162,202202,23,3,0,2022-08-06,0.512,2.8680000000000003,15.094000000000001,Y,2.3560000000000003,0.0126212255677332,63.670525,-169.001755,AA-18,33,35,NA,7.4,4.6000000000000005,137,44,15,1,1,ALL,NBS_SINGLE,57744,2022-AKK-59,2,46.35,0,33,0.3199,0.1153,0,8,NBS,0.36042513285401684,36.04251328540168,2.774501300954033
-21906,NBS,2022,162,202202,23,3,0,2022-08-06,0.512,2.8680000000000003,15.094000000000001,Y,2.3560000000000003,0.0126212255677332,63.670525,-169.001755,AA-18,33,35,NA,7.4,4.6000000000000005,137,44,15,1,1,ALL,NBS_SINGLE,57744,2022-AKK-60,2,44.57,0,29,0.3127,0.0809,0,8,NBS,0.2587144227694276,25.87144227694276,3.865265760197775
-21952,NBS,2022,162,202202,36,3,0,2022-08-10,0.514,2.873,16.09,Y,2.418,0.0134775113425095,63.66676,-172.694685,AA-23,53,55,NA,7.1000000000000005,-0.7000000000000001,183,44,15,1,1,ALL,NBS_SINGLE,57744,2022-AKK-68,1,60.36,12.03,85,0.3189,0.0844,1,8,NBS,0.26465976795233614,26.465976795233615,3.778436018957346
-21952,NBS,2022,162,202202,36,3,0,2022-08-10,0.514,2.873,16.09,Y,2.418,0.0134775113425095,63.66676,-172.694685,AA-23,53,55,NA,7.1000000000000005,-0.7000000000000001,183,44,15,1,1,ALL,NBS_SINGLE,57744,2022-AKK-69,1,54.2,10.55,61,0.3205,0.0777,0,8,NBS,0.24243369734789394,24.243369734789393,4.1248391248391245
-21952,NBS,2022,162,202202,36,3,0,2022-08-10,0.514,2.873,16.09,Y,2.418,0.0134775113425095,63.66676,-172.694685,AA-23,53,55,NA,7.1000000000000005,-0.7000000000000001,183,44,15,1,1,ALL,NBS_SINGLE,57744,2022-AKK-70,1,55.56,8.75,59,0.3103,0.0971,0,8,NBS,0.31292297776345473,31.292297776345475,3.1956745623069
-21952,NBS,2022,162,202202,36,3,0,2022-08-10,0.514,2.873,16.09,Y,2.418,0.0134775113425095,63.66676,-172.694685,AA-23,53,55,NA,7.1000000000000005,-0.7000000000000001,183,44,15,1,1,ALL,NBS_SINGLE,57744,2022-AKK-71,2,49.24,0,38,0.3691,0.131,0,8,NBS,0.354917366567326,35.4917366567326,2.8175572519083967
-21952,NBS,2022,162,202202,36,3,0,2022-08-10,0.514,2.873,16.09,Y,2.418,0.0134775113425095,63.66676,-172.694685,AA-23,53,55,NA,7.1000000000000005,-0.7000000000000001,183,44,15,1,1,ALL,NBS_SINGLE,57744,2022-AKK-72,2,46.92,0,37,0.3224,0.0978,0,8,NBS,0.30334987593052104,30.334987593052105,3.2965235173824134
-21952,NBS,2022,162,202202,36,3,0,2022-08-10,0.514,2.873,16.09,Y,2.418,0.0134775113425095,63.66676,-172.694685,AA-23,53,55,NA,7.1000000000000005,-0.7000000000000001,183,44,15,1,1,ALL,NBS_SINGLE,57744,2022-AKK-73,2,45.09,0,30,0.3406,0.1322,0,8,NBS,0.38813857897827364,38.81385789782736,2.5763993948562782
-21952,NBS,2022,162,202202,36,3,0,2022-08-10,0.514,2.873,16.09,Y,2.418,0.0134775113425095,63.66676,-172.694685,AA-23,53,55,NA,7.1000000000000005,-0.7000000000000001,183,44,15,1,1,ALL,NBS_SINGLE,57744,2022-AKK-74,2,42.08,0,29,0.4618,0.1294,0,8,NBS,0.2802078822000866,28.020788220008658,3.5687789799072647
-21952,NBS,2022,162,202202,36,3,0,2022-08-10,0.514,2.873,16.09,Y,2.418,0.0134775113425095,63.66676,-172.694685,AA-23,53,55,NA,7.1000000000000005,-0.7000000000000001,183,44,15,1,1,ALL,NBS_SINGLE,57744,2022-AKK-75,2,40.16,0,23,0.3257,0.1029,0,8,NBS,0.31593490942585206,31.593490942585206,3.1652089407191446
-21952,NBS,2022,162,202202,36,3,0,2022-08-10,0.514,2.873,16.09,Y,2.418,0.0134775113425095,63.66676,-172.694685,AA-23,53,55,NA,7.1000000000000005,-0.7000000000000001,183,44,15,1,1,ALL,NBS_SINGLE,57744,2022-AKK-76,1,53.7,8.48,59,0.3816,0.101,0,8,NBS,0.2646750524109015,26.46750524109015,3.778217821782178
-21952,NBS,2022,162,202202,36,3,0,2022-08-10,0.514,2.873,16.09,Y,2.418,0.0134775113425095,63.66676,-172.694685,AA-23,53,55,NA,7.1000000000000005,-0.7000000000000001,183,44,15,1,1,ALL,NBS_SINGLE,57744,2022-AKK-77,1,52.05,8.8,54,0.3628,0.0992,0,8,NBS,0.27342888643880925,27.342888643880926,3.6572580645161294
-21896,NBS,2022,94,202202,24,3,0,2022-08-07,0.514,2.807,15.919,Y,2.4770000000000003,0.0130279544446706,64.023125,-168.29402,BB-01,33,35,NA,6.9,3.5,137,44,15,1,1,ALL,NBS_SINGLE,57744,2022-VA-105,1,51.48,10.55,58,0.31,0.1154,1,9,NBS,0.37225806451612903,37.225806451612904,2.68630849220104
-21896,NBS,2022,94,202202,24,3,0,2022-08-07,0.514,2.807,15.919,Y,2.4770000000000003,0.0130279544446706,64.023125,-168.29402,BB-01,33,35,NA,6.9,3.5,137,44,15,1,1,ALL,NBS_SINGLE,57744,2022-VA-108,2,40.63,0,NA,0.3081,0.1117,0,9,NBS,0.3625446283674132,36.25446283674132,2.7582811101163833
-21896,NBS,2022,94,202202,24,3,0,2022-08-07,0.514,2.807,15.919,Y,2.4770000000000003,0.0130279544446706,64.023125,-168.29402,BB-01,33,35,NA,6.9,3.5,137,44,15,1,1,ALL,NBS_SINGLE,57744,2022-VA-109,2,41.98,0,24,0.3259,0.1141,0,9,NBS,0.35010739490641296,35.0107394906413,2.85626643295355
-21896,NBS,2022,94,202202,24,3,0,2022-08-07,0.514,2.807,15.919,Y,2.4770000000000003,0.0130279544446706,64.023125,-168.29402,BB-01,33,35,NA,6.9,3.5,137,44,15,1,1,ALL,NBS_SINGLE,57744,2022-VA-114,2,43.33,0,28,0.3287,0.1021,0,9,NBS,0.31061758442348647,31.061758442348648,3.219392752203722
-21896,NBS,2022,94,202202,24,3,0,2022-08-07,0.514,2.807,15.919,Y,2.4770000000000003,0.0130279544446706,64.023125,-168.29402,BB-01,33,35,NA,6.9,3.5,137,44,15,1,1,ALL,NBS_SINGLE,57744,2022-VA-120,2,40.65,0,26,0.4566,0.1503,0,9,NBS,0.3291721419185282,32.91721419185282,3.037924151696607
-21896,NBS,2022,94,202202,24,3,0,2022-08-07,0.514,2.807,15.919,Y,2.4770000000000003,0.0130279544446706,64.023125,-168.29402,BB-01,33,35,NA,6.9,3.5,137,44,15,1,1,ALL,NBS_SINGLE,57744,2022-VA-133,2,42.38,0,30,0.311,0.1085,0,9,NBS,0.34887459807073956,34.88745980707396,2.866359447004608
-21896,NBS,2022,94,202202,24,3,0,2022-08-07,0.514,2.807,15.919,Y,2.4770000000000003,0.0130279544446706,64.023125,-168.29402,BB-01,33,35,NA,6.9,3.5,137,44,15,1,1,ALL,NBS_SINGLE,57744,2022-VA-134,2,43.22,0,30,0.3409,0.1193,0,9,NBS,0.3499559988266354,34.99559988266354,2.857502095557418
-21896,NBS,2022,94,202202,24,3,0,2022-08-07,0.514,2.807,15.919,Y,2.4770000000000003,0.0130279544446706,64.023125,-168.29402,BB-01,33,35,NA,6.9,3.5,137,44,15,1,1,ALL,NBS_SINGLE,57744,2022-VA-153,2,40.31,0,24,0.3037,0.1079,0,9,NBS,0.355284820546592,35.5284820546592,2.8146431881371643
-21897,NBS,2022,94,202202,25,3,0,2022-08-07,0.521,2.853,16.107,Y,2.4890000000000003,0.0133978301035079,64.013565,-167.57013,BB-02,31,33,NA,7.9,3.6,137,44,15,1,1,ALL,NBS_SINGLE,57744,2022-VA-104,2,43.82,0,30,0.3433,0.1122,0,9,NBS,0.3268278473638217,32.68278473638217,3.059714795008913
-21897,NBS,2022,94,202202,25,3,0,2022-08-07,0.521,2.853,16.107,Y,2.4890000000000003,0.0133978301035079,64.013565,-167.57013,BB-02,31,33,NA,7.9,3.6,137,44,15,1,1,ALL,NBS_SINGLE,57744,2022-VA-107,2,41,0,24,0.3069,0.1071,0,9,NBS,0.3489736070381232,34.89736070381232,2.865546218487395
-21897,NBS,2022,94,202202,25,3,0,2022-08-07,0.521,2.853,16.107,Y,2.4890000000000003,0.0133978301035079,64.013565,-167.57013,BB-02,31,33,NA,7.9,3.6,137,44,15,1,1,ALL,NBS_SINGLE,57744,2022-VA-110,2,41.69,0,NA,0.3568,0.1325,0,9,NBS,0.3713565022421525,37.13565022421525,2.6928301886792454
-21897,NBS,2022,94,202202,25,3,0,2022-08-07,0.521,2.853,16.107,Y,2.4890000000000003,0.0133978301035079,64.013565,-167.57013,BB-02,31,33,NA,7.9,3.6,137,44,15,1,1,ALL,NBS_SINGLE,57744,2022-VA-111,2,43.21,0,30,0.3195,0.1156,0,9,NBS,0.3618153364632238,36.18153364632238,2.763840830449827
-21897,NBS,2022,94,202202,25,3,0,2022-08-07,0.521,2.853,16.107,Y,2.4890000000000003,0.0133978301035079,64.013565,-167.57013,BB-02,31,33,NA,7.9,3.6,137,44,15,1,1,ALL,NBS_SINGLE,57744,2022-VA-113,2,43.15,0,NA,0.3029,0.0855,0,9,NBS,0.28227137669197755,28.227137669197756,3.542690058479532
-21897,NBS,2022,94,202202,25,3,0,2022-08-07,0.521,2.853,16.107,Y,2.4890000000000003,0.0133978301035079,64.013565,-167.57013,BB-02,31,33,NA,7.9,3.6,137,44,15,1,1,ALL,NBS_SINGLE,57744,2022-VA-117,2,44.75,0,30,0.349,0.0933,0,9,NBS,0.2673352435530086,26.733524355300858,3.740621650589496
-21897,NBS,2022,94,202202,25,3,0,2022-08-07,0.521,2.853,16.107,Y,2.4890000000000003,0.0133978301035079,64.013565,-167.57013,BB-02,31,33,NA,7.9,3.6,137,44,15,1,1,ALL,NBS_SINGLE,57744,2022-VA-119,2,42.02,0,24,0.2903,0.1029,0,9,NBS,0.35446090251464,35.446090251464,2.821185617103984
-21905,NBS,2022,162,202202,22,3,0,2022-08-06,0.518,2.88,15.792000000000002,Y,2.221,0.013260126249216,64.00589,-169.051885,BB-18,33,35,NA,6.4,3,137,44,15,1,1,ALL,NBS_SINGLE,57744,2022-AKK-83,1,57.07,9.03,68,0.3389,0.1494,0,9,NBS,0.4408380053113013,44.08380053113013,2.2684069611780453
-21905,NBS,2022,162,202202,22,3,0,2022-08-06,0.518,2.88,15.792000000000002,Y,2.221,0.013260126249216,64.00589,-169.051885,BB-18,33,35,NA,6.4,3,137,44,15,1,1,ALL,NBS_SINGLE,57744,2022-AKK-84,1,48.91,7.44,36,0.3818,0.1744,0,9,NBS,0.45678365636458884,45.678365636458885,2.1892201834862384
-21905,NBS,2022,162,202202,22,3,0,2022-08-06,0.518,2.88,15.792000000000002,Y,2.221,0.013260126249216,64.00589,-169.051885,BB-18,33,35,NA,6.4,3,137,44,15,1,1,ALL,NBS_SINGLE,57744,2022-AKK-85,1,46.69,6.94,29,0.3675,0.147,0,9,NBS,0.39999999999999997,40,2.5
-21905,NBS,2022,162,202202,22,3,0,2022-08-06,0.518,2.88,15.792000000000002,Y,2.221,0.013260126249216,64.00589,-169.051885,BB-18,33,35,NA,6.4,3,137,44,15,1,1,ALL,NBS_SINGLE,57744,2022-AKK-86,1,47.68,7.61,36,0.3838,0.1683,0,9,NBS,0.438509640437728,43.8509640437728,2.2804515745692213
-21905,NBS,2022,162,202202,22,3,0,2022-08-06,0.518,2.88,15.792000000000002,Y,2.221,0.013260126249216,64.00589,-169.051885,BB-18,33,35,NA,6.4,3,137,44,15,1,1,ALL,NBS_SINGLE,57744,2022-AKK-87,1,44.72,6.84,29,0.3812,0.1524,0,9,NBS,0.39979013641133265,39.979013641133264,2.501312335958005
-21905,NBS,2022,162,202202,22,3,0,2022-08-06,0.518,2.88,15.792000000000002,Y,2.221,0.013260126249216,64.00589,-169.051885,BB-18,33,35,NA,6.4,3,137,44,15,1,1,ALL,NBS_SINGLE,57744,2022-AKK-88,1,47.56,7.7,32,0.3272,0.0993,0,9,NBS,0.3034841075794621,30.34841075794621,3.295065458207452
-21905,NBS,2022,162,202202,22,3,0,2022-08-06,0.518,2.88,15.792000000000002,Y,2.221,0.013260126249216,64.00589,-169.051885,BB-18,33,35,NA,6.4,3,137,44,15,1,1,ALL,NBS_SINGLE,57744,2022-AKK-89,1,45.91,7.24,32,0.3415,0.1569,0,9,NBS,0.45944363103953145,45.944363103953144,2.176545570427024
-21947,NBS,2022,162,202202,31,3,0,2022-08-08,0.528,2.956,15.199,Y,2.5540000000000003,0.013098980047817399,63.97803,-170.55256,BB-20,27,30,NA,6.1000000000000005,4.2,137,44,15,2,1,ALL,NBS_SINGLE,57744,2022-AKK-90,1,51.19,10.6,52,0.3202,0.1121,1,9,NBS,0.35009369144284824,35.009369144284825,2.8563782337198926
-21895,NBS,2022,94,202202,23,3,0,2022-08-07,0.505,2.7070000000000003,15.026000000000002,Y,2.5780000000000003,0.011859043884629699,64.33917,-168.36378,CC-01,36,39,NA,6.5,4.2,137,44,15,2,1,ALL,NBS_SINGLE,57744,2022-VA-152,1,54.58,9.07,NA,0.3307,0.1294,0,9,NBS,0.39129120048382215,39.12912004838221,2.55564142194745
-21882,NBS,2022,94,202202,22,3,0,2022-08-06,0.528,2.846,15.185,Y,2.564,0.0125999182658085,64.344405,-167.57619499999998,CC-02,28,31,NA,6.9,2.7,137,44,15,2,1,ALL,NBS_SINGLE,57744,2022-VA-106,1,54.22,9.53,NA,0.3143,0.062,0,9,NBS,0.19726376073814825,19.726376073814826,5.069354838709677
-21882,NBS,2022,94,202202,22,3,0,2022-08-06,0.528,2.846,15.185,Y,2.564,0.0125999182658085,64.344405,-167.57619499999998,CC-02,28,31,NA,6.9,2.7,137,44,15,2,1,ALL,NBS_SINGLE,57744,2022-VA-115,2,40.49,0,22,0.337,0.0867,0,9,NBS,0.2572700296735905,25.72700296735905,3.886966551326413
-21904,NBS,2022,162,202202,21,3,0,2022-08-06,0.512,2.813,15.454,Y,2.517,0.012674436969641701,64.31985,-169.11642999999998,CC-18,38,41,NA,5.9,1.1,137,44,15,1,1,ALL,NBS_SINGLE,57744,2022-AKK-51,2,40.98,0,24,0.3252,0.1308,0,9,NBS,0.4022140221402214,40.22140221402214,2.4862385321100917
-21904,NBS,2022,162,202202,21,3,0,2022-08-06,0.512,2.813,15.454,Y,2.517,0.012674436969641701,64.31985,-169.11642999999998,CC-18,38,41,NA,5.9,1.1,137,44,15,1,1,ALL,NBS_SINGLE,57744,2022-AKK-52,1,47.16,7.11,37,0.309,0.094,0,9,NBS,0.3042071197411003,30.42071197411003,3.2872340425531914
-21904,NBS,2022,162,202202,21,3,0,2022-08-06,0.512,2.813,15.454,Y,2.517,0.012674436969641701,64.31985,-169.11642999999998,CC-18,38,41,NA,5.9,1.1,137,44,15,1,1,ALL,NBS_SINGLE,57744,2022-AKK-53,1,49.83,5.66,44,0.3104,0.1052,0,9,NBS,0.3389175257731959,33.891752577319586,2.950570342205323
-21903,NBS,2022,162,202202,20,3,0,2022-08-06,0.525,2.938,16.391000000000002,Y,2.3240000000000003,0.0140402641200393,64.638305,-169.13644499999998,DD-18,42,44,NA,5.9,1.8,183,44,15,1,1,ALL,NBS_SINGLE,57744,2022-AKK-41,1,58.69,9.38,73,0.3326,0.1231,0,9,NBS,0.37011425135297654,37.01142513529766,2.7018683996750608
-21903,NBS,2022,162,202202,20,3,0,2022-08-06,0.525,2.938,16.391000000000002,Y,2.3240000000000003,0.0140402641200393,64.638305,-169.13644499999998,DD-18,42,44,NA,5.9,1.8,183,44,15,1,1,ALL,NBS_SINGLE,57744,2022-AKK-42,1,52.65,9.62,61,0.3002,0.1313,0,9,NBS,0.43737508327781477,43.73750832778148,2.2863670982482867
-21903,NBS,2022,162,202202,20,3,0,2022-08-06,0.525,2.938,16.391000000000002,Y,2.3240000000000003,0.0140402641200393,64.638305,-169.13644499999998,DD-18,42,44,NA,5.9,1.8,183,44,15,1,1,ALL,NBS_SINGLE,57744,2022-AKK-43,1,50.02,8.46,44,0.3008,0.0856,0,9,NBS,0.28457446808510634,28.457446808510632,3.5140186915887854
-21863,NBS,2022,162,202202,14,3,0,2022-08-04,0.511,2.827,16.482,Y,2.168,0.013584815803656902,65.343345,-168.42497,FF-01,51,53,NA,6.8,2.2,183,44,15,2,1,ALL,NBS_SINGLE,57744,2022-AKK-47,1,55.86,9.45,67,0.3236,0.1269,0,9,NBS,0.39215080346106307,39.215080346106305,2.5500394011032306
-21863,NBS,2022,162,202202,14,3,0,2022-08-04,0.511,2.827,16.482,Y,2.168,0.013584815803656902,65.343345,-168.42497,FF-01,51,53,NA,6.8,2.2,183,44,15,2,1,ALL,NBS_SINGLE,57744,2022-AKK-48,1,51.63,8.12,51,0.3404,0.1211,0,9,NBS,0.3557579318448884,35.57579318448884,2.810900082576383
-21863,NBS,2022,162,202202,14,3,0,2022-08-04,0.511,2.827,16.482,Y,2.168,0.013584815803656902,65.343345,-168.42497,FF-01,51,53,NA,6.8,2.2,183,44,15,2,1,ALL,NBS_SINGLE,57744,2022-AKK-49,1,57.26,9.66,70,0.3378,0.1001,0,9,NBS,0.2963291888691533,29.632918886915334,3.3746253746253747
-21863,NBS,2022,162,202202,14,3,0,2022-08-04,0.511,2.827,16.482,Y,2.168,0.013584815803656902,65.343345,-168.42497,FF-01,51,53,NA,6.8,2.2,183,44,15,2,1,ALL,NBS_SINGLE,57744,2022-AKK-50,1,54.3,10.11,65,0.3319,0.0925,0,9,NBS,0.27869840313347394,27.869840313347392,3.588108108108108
-21864,NBS,2022,162,202202,15,3,0,2022-08-04,0.511,2.846,16.344,Y,2.293,0.0135616110725304,65.221155,-168.88522,FF-18,51,53,NA,6.5,1.6,183,44,15,2,1,ALL,NBS_SINGLE,57744,2022-AKK-44,2,54.94,0,56,0.3343,0.1152,0,9,NBS,0.34460065809153456,34.460065809153456,2.9019097222222223
-21864,NBS,2022,162,202202,15,3,0,2022-08-04,0.511,2.846,16.344,Y,2.293,0.0135616110725304,65.221155,-168.88522,FF-18,51,53,NA,6.5,1.6,183,44,15,2,1,ALL,NBS_SINGLE,57744,2022-AKK-45,2,52.44,0,46,0.3054,0.0991,0,9,NBS,0.3244924688932547,32.44924688932547,3.0817356205852677
-21864,NBS,2022,162,202202,15,3,0,2022-08-04,0.511,2.846,16.344,Y,2.293,0.0135616110725304,65.221155,-168.88522,FF-18,51,53,NA,6.5,1.6,183,44,15,2,1,ALL,NBS_SINGLE,57744,2022-AKK-46,2,55.97,0,57,0.4383,0.139,0,9,NBS,0.31713438284280177,31.713438284280176,3.1532374100719425
-21800,NBS,2022,162,202202,1,3,0,2022-07-29,0.53,3.019,18.777,N,1.419,0.016527507206656102,62.33188,-173.169555,W-24,58,59,NA,8.1,-1.3,229,44,15,1,1,ALL,NBS_SINGLE,57744,2022-AKK-1,1,56.96,10.1,70,0.3463,0.1162,0,7,NBS,0.3355472133987872,33.55472133987872,2.9802065404475044
-21800,NBS,2022,162,202202,1,3,0,2022-07-29,0.53,3.019,18.777,N,1.419,0.016527507206656102,62.33188,-173.169555,W-24,58,59,NA,8.1,-1.3,229,44,15,1,1,ALL,NBS_SINGLE,57744,2022-AKK-2,1,57.97,9.94,67,0.3336,0.1068,0,7,NBS,0.32014388489208634,32.014388489208635,3.1235955056179776
-21800,NBS,2022,162,202202,1,3,0,2022-07-29,0.53,3.019,18.777,N,1.419,0.016527507206656102,62.33188,-173.169555,W-24,58,59,NA,8.1,-1.3,229,44,15,1,1,ALL,NBS_SINGLE,57744,2022-AKK-3,1,56.79,10.65,69,0.375,0.1429,0,7,NBS,0.38106666666666666,38.10666666666667,2.624212736179146
-21800,NBS,2022,162,202202,1,3,0,2022-07-29,0.53,3.019,18.777,N,1.419,0.016527507206656102,62.33188,-173.169555,W-24,58,59,NA,8.1,-1.3,229,44,15,1,1,ALL,NBS_SINGLE,57744,2022-AKK-4,1,56.62,10.15,65,0.3419,0.1126,0,7,NBS,0.3293360631763674,32.93360631763674,3.0364120781527526
-21800,NBS,2022,162,202202,1,3,0,2022-07-29,0.53,3.019,18.777,N,1.419,0.016527507206656102,62.33188,-173.169555,W-24,58,59,NA,8.1,-1.3,229,44,15,1,1,ALL,NBS_SINGLE,57744,2022-AKK-5,2,45.48,0,35,0.3395,0.0971,0,7,NBS,0.2860088365243004,28.600883652430042,3.4963954685890837
-21800,NBS,2022,162,202202,1,3,0,2022-07-29,0.53,3.019,18.777,N,1.419,0.016527507206656102,62.33188,-173.169555,W-24,58,59,NA,8.1,-1.3,229,44,15,1,1,ALL,NBS_SINGLE,57744,2022-AKK-6,2,45.12,0,32,0.3243,0.0788,0,7,NBS,0.24298489053345668,24.29848905334567,4.115482233502538
-21800,NBS,2022,162,202202,1,3,0,2022-07-29,0.53,3.019,18.777,N,1.419,0.016527507206656102,62.33188,-173.169555,W-24,58,59,NA,8.1,-1.3,229,44,15,1,1,ALL,NBS_SINGLE,57744,2022-AKK-7,2,50.31,0,41,0.3185,0.0918,0,7,NBS,0.2882260596546311,28.82260596546311,3.469498910675381
-21800,NBS,2022,162,202202,1,3,0,2022-07-29,0.53,3.019,18.777,N,1.419,0.016527507206656102,62.33188,-173.169555,W-24,58,59,NA,8.1,-1.3,229,44,15,1,1,ALL,NBS_SINGLE,57744,2022-AKK-8,2,45.45,0,31,0.3377,0.0912,0,7,NBS,0.2700621853716316,27.006218537163164,3.7028508771929824
-21800,NBS,2022,162,202202,1,3,0,2022-07-29,0.53,3.019,18.777,N,1.419,0.016527507206656102,62.33188,-173.169555,W-24,58,59,NA,8.1,-1.3,229,44,15,1,1,ALL,NBS_SINGLE,57744,2022-AKK-9,2,43.03,0,25,0.3266,0.1,0,7,NBS,0.3061849357011635,30.61849357011635,3.266
-21800,NBS,2022,162,202202,1,3,0,2022-07-29,0.53,3.019,18.777,N,1.419,0.016527507206656102,62.33188,-173.169555,W-24,58,59,NA,8.1,-1.3,229,44,15,1,1,ALL,NBS_SINGLE,57744,2022-AKK-10,2,43.78,0,28,0.3487,0.0943,0,7,NBS,0.2704330369945512,27.04330369945512,3.6977730646871687
-21801,NBS,2022,162,202202,2,3,0,2022-07-29,0.526,2.938,17.805,N,1.8820000000000001,0.0152514735316515,62.33338,-173.84635500000002,W-25,62,64,NA,8.4,-1.3,229,44,15,1,1,ALL,NBS_SINGLE,57744,2022-AKK-11,2,45.29,0,33,0.3276,0.121,0,7,NBS,0.3693528693528693,36.93528693528693,2.7074380165289256
-21801,NBS,2022,162,202202,2,3,0,2022-07-29,0.526,2.938,17.805,N,1.8820000000000001,0.0152514735316515,62.33338,-173.84635500000002,W-25,62,64,NA,8.4,-1.3,229,44,15,1,1,ALL,NBS_SINGLE,57744,2022-AKK-12,2,48.7,0,39,0.3346,0.115,0,7,NBS,0.3436939629408249,34.36939629408249,2.9095652173913042
-21801,NBS,2022,162,202202,2,3,0,2022-07-29,0.526,2.938,17.805,N,1.8820000000000001,0.0152514735316515,62.33338,-173.84635500000002,W-25,62,64,NA,8.4,-1.3,229,44,15,1,1,ALL,NBS_SINGLE,57744,2022-AKK-13,2,46.46,0,34,0.3246,0.1196,0,7,NBS,0.36845348120764015,36.845348120764015,2.7140468227424748
-21801,NBS,2022,162,202202,2,3,0,2022-07-29,0.526,2.938,17.805,N,1.8820000000000001,0.0152514735316515,62.33338,-173.84635500000002,W-25,62,64,NA,8.4,-1.3,229,44,15,1,1,ALL,NBS_SINGLE,57744,2022-AKK-14,2,47.32,0,38,0.3379,0.1242,0,7,NBS,0.3675643681562593,36.75643681562593,2.72061191626409
-21801,NBS,2022,162,202202,2,3,0,2022-07-29,0.526,2.938,17.805,N,1.8820000000000001,0.0152514735316515,62.33338,-173.84635500000002,W-25,62,64,NA,8.4,-1.3,229,44,15,1,1,ALL,NBS_SINGLE,57744,2022-AKK-15,2,48.22,0,37,0.3375,0.0894,0,7,NBS,0.26488888888888884,26.488888888888884,3.7751677852349
-21801,NBS,2022,162,202202,2,3,0,2022-07-29,0.526,2.938,17.805,N,1.8820000000000001,0.0152514735316515,62.33338,-173.84635500000002,W-25,62,64,NA,8.4,-1.3,229,44,15,1,1,ALL,NBS_SINGLE,57744,2022-AKK-16,2,46.38,0,35,0.323,0.1087,0,7,NBS,0.3365325077399381,33.65325077399381,2.9714811407543698
-21801,NBS,2022,162,202202,2,3,0,2022-07-29,0.526,2.938,17.805,N,1.8820000000000001,0.0152514735316515,62.33338,-173.84635500000002,W-25,62,64,NA,8.4,-1.3,229,44,15,1,1,ALL,NBS_SINGLE,57744,2022-AKK-17,1,54.25,9.4,62,0.3313,0.1345,0,7,NBS,0.4059764563839421,40.59764563839421,2.4631970260223044
-21801,NBS,2022,162,202202,2,3,0,2022-07-29,0.526,2.938,17.805,N,1.8820000000000001,0.0152514735316515,62.33338,-173.84635500000002,W-25,62,64,NA,8.4,-1.3,229,44,15,1,1,ALL,NBS_SINGLE,57744,2022-AKK-18,1,52.92,9.12,54,0.3206,0.1193,0,7,NBS,0.37211478477854026,37.21147847785403,2.6873428331936293
-21801,NBS,2022,162,202202,2,3,0,2022-07-29,0.526,2.938,17.805,N,1.8820000000000001,0.0152514735316515,62.33338,-173.84635500000002,W-25,62,64,NA,8.4,-1.3,229,44,15,1,1,ALL,NBS_SINGLE,57744,2022-AKK-19,1,63.85,11.36,89,0.3257,0.1062,0,7,NBS,0.3260669327602088,32.606693276020884,3.066854990583804
-21801,NBS,2022,162,202202,2,3,0,2022-07-29,0.526,2.938,17.805,N,1.8820000000000001,0.0152514735316515,62.33338,-173.84635500000002,W-25,62,64,NA,8.4,-1.3,229,44,15,1,1,ALL,NBS_SINGLE,57744,2022-AKK-20,1,55.61,9.68,66,0.3306,0.1112,0,7,NBS,0.3363581367211131,33.63581367211131,2.9730215827338133
-21802,NBS,2022,162,202202,3,3,0,2022-07-29,0.507,2.826,18.075,Y,1.971,0.0148925305403325,62.326555,-174.58062,W-26,69,71,NA,8.5,-1.5,229,44,15,1,1,ALL,NBS_SINGLE,57744,2022-AKK-21,2,43.64,0,26,0.3074,0.1045,0,7,NBS,0.33994795055302535,33.99479505530253,2.9416267942583736
-21802,NBS,2022,162,202202,3,3,0,2022-07-29,0.507,2.826,18.075,Y,1.971,0.0148925305403325,62.326555,-174.58062,W-26,69,71,NA,8.5,-1.5,229,44,15,1,1,ALL,NBS_SINGLE,57744,2022-AKK-22,2,48.65,0,39,0.3069,0.1056,0,7,NBS,0.3440860215053763,34.40860215053763,2.90625
-21802,NBS,2022,162,202202,3,3,0,2022-07-29,0.507,2.826,18.075,Y,1.971,0.0148925305403325,62.326555,-174.58062,W-26,69,71,NA,8.5,-1.5,229,44,15,1,1,ALL,NBS_SINGLE,57744,2022-AKK-23,2,45.21,0,29,0.3294,0.1066,0,7,NBS,0.32361870066788095,32.36187006678809,3.0900562851782367
-21802,NBS,2022,162,202202,3,3,0,2022-07-29,0.507,2.826,18.075,Y,1.971,0.0148925305403325,62.326555,-174.58062,W-26,69,71,NA,8.5,-1.5,229,44,15,1,1,ALL,NBS_SINGLE,57744,2022-AKK-24,2,44.24,0,25,0.329,0.1159,0,7,NBS,0.35227963525835865,35.22796352583587,2.838654012079379
-21802,NBS,2022,162,202202,3,3,0,2022-07-29,0.507,2.826,18.075,Y,1.971,0.0148925305403325,62.326555,-174.58062,W-26,69,71,NA,8.5,-1.5,229,44,15,1,1,ALL,NBS_SINGLE,57744,2022-AKK-25,2,46.75,0,31,0.3487,0.118,0,7,NBS,0.3383997705764267,33.83997705764267,2.9550847457627123
-21802,NBS,2022,162,202202,3,3,0,2022-07-29,0.507,2.826,18.075,Y,1.971,0.0148925305403325,62.326555,-174.58062,W-26,69,71,NA,8.5,-1.5,229,44,15,1,1,ALL,NBS_SINGLE,57744,2022-AKK-27,1,58.1,10.08,71,0.3143,0.1104,0,7,NBS,0.3512567610563156,35.12567610563156,2.8469202898550727
-21802,NBS,2022,162,202202,3,3,0,2022-07-29,0.507,2.826,18.075,Y,1.971,0.0148925305403325,62.326555,-174.58062,W-26,69,71,NA,8.5,-1.5,229,44,15,1,1,ALL,NBS_SINGLE,57744,2022-AKK-28,1,65.83,10.52,98,0.3409,0.1415,0,7,NBS,0.41507773540627746,41.507773540627745,2.4091872791519435
-21802,NBS,2022,162,202202,3,3,0,2022-07-29,0.507,2.826,18.075,Y,1.971,0.0148925305403325,62.326555,-174.58062,W-26,69,71,NA,8.5,-1.5,229,44,15,1,1,ALL,NBS_SINGLE,57744,2022-AKK-29,1,54.37,9.09,58,0.3136,0.1111,0,7,NBS,0.3542729591836735,35.42729591836735,2.8226822682268224
-21802,NBS,2022,162,202202,3,3,0,2022-07-29,0.507,2.826,18.075,Y,1.971,0.0148925305403325,62.326555,-174.58062,W-26,69,71,NA,8.5,-1.5,229,44,15,1,1,ALL,NBS_SINGLE,57744,2022-AKK-30,1,55.6,9.68,67,0.3211,0.1127,0,7,NBS,0.35098100280286515,35.098100280286516,2.8491570541259983
-21802,NBS,2022,162,202202,3,3,0,2022-07-29,0.507,2.826,18.075,Y,1.971,0.0148925305403325,62.326555,-174.58062,W-26,69,71,NA,8.5,-1.5,229,44,15,1,1,ALL,NBS_SINGLE,57744,2022-AKK-26,1,61.41,10.93,88,0.3263,0.1245,0,7,NBS,0.38155072019613856,38.155072019613854,2.620883534136546
-21803,NBS,2022,162,202202,4,3,0,2022-07-29,0.539,3.043,18.346,Y,2.129,0.016276513300941303,62.330405,-175.28957,W-27,76,78,NA,8.4,-1.6,274,44,15,1,1,ALL,NBS_SINGLE,57744,2022-AKK-31,1,64.47,11.47,95,0.3549,0.1257,0,7,NBS,0.3541842772612004,35.418427726120036,2.8233890214797133
-21803,NBS,2022,162,202202,4,3,0,2022-07-29,0.539,3.043,18.346,Y,2.129,0.016276513300941303,62.330405,-175.28957,W-27,76,78,NA,8.4,-1.6,274,44,15,1,1,ALL,NBS_SINGLE,57744,2022-AKK-32,2,50.36,0,40,0.3312,0.1074,0,7,NBS,0.3242753623188406,32.427536231884055,3.083798882681564
-21803,NBS,2022,162,202202,4,3,0,2022-07-29,0.539,3.043,18.346,Y,2.129,0.016276513300941303,62.330405,-175.28957,W-27,76,78,NA,8.4,-1.6,274,44,15,1,1,ALL,NBS_SINGLE,57744,2022-AKK-33,1,56.22,8.77,64,0.3168,0.0954,0,7,NBS,0.3011363636363636,30.11363636363636,3.3207547169811322
-21803,NBS,2022,162,202202,4,3,0,2022-07-29,0.539,3.043,18.346,Y,2.129,0.016276513300941303,62.330405,-175.28957,W-27,76,78,NA,8.4,-1.6,274,44,15,1,1,ALL,NBS_SINGLE,57744,2022-AKK-34,2,45.01,0,31,0.317,0.1092,0,7,NBS,0.3444794952681388,34.44794952681388,2.902930402930403
-21803,NBS,2022,162,202202,4,3,0,2022-07-29,0.539,3.043,18.346,Y,2.129,0.016276513300941303,62.330405,-175.28957,W-27,76,78,NA,8.4,-1.6,274,44,15,1,1,ALL,NBS_SINGLE,57744,2022-AKK-35,1,56.18,9.3,60,0.3317,0.1083,0,7,NBS,0.32649984926138076,32.649984926138075,3.0627885503231767
-21803,NBS,2022,162,202202,4,3,0,2022-07-29,0.539,3.043,18.346,Y,2.129,0.016276513300941303,62.330405,-175.28957,W-27,76,78,NA,8.4,-1.6,274,44,15,1,1,ALL,NBS_SINGLE,57744,2022-AKK-36,2,45.13,0,29,0.314,0.1008,0,7,NBS,0.32101910828025476,32.101910828025474,3.115079365079365
-21803,NBS,2022,162,202202,4,3,0,2022-07-29,0.539,3.043,18.346,Y,2.129,0.016276513300941303,62.330405,-175.28957,W-27,76,78,NA,8.4,-1.6,274,44,15,1,1,ALL,NBS_SINGLE,57744,2022-AKK-37,2,46.41,0,35,0.3125,0.0997,0,7,NBS,0.31904,31.904,3.134403209628887
-21803,NBS,2022,162,202202,4,3,0,2022-07-29,0.539,3.043,18.346,Y,2.129,0.016276513300941303,62.330405,-175.28957,W-27,76,78,NA,8.4,-1.6,274,44,15,1,1,ALL,NBS_SINGLE,57744,2022-AKK-38,2,47.26,0,33,0.3221,0.1151,0,7,NBS,0.3573424402359516,35.73424402359516,2.798436142484796
-21917,NBS,2022,94,202202,28,3,0,2022-08-08,0.513,2.831,15.454,Y,2.67,0.0127555389481179,62.665555,-168.889095,X-18,32,35,NA,6.3,-0.1,137,44,15,1,1,ALL,NBS_SINGLE,57744,2022-VA-139,1,61.99,10.11,92,0.3046,0.1113,0,7,NBS,0.3653972422849639,36.53972422849639,2.7367475292003594
-21917,NBS,2022,94,202202,28,3,0,2022-08-08,0.513,2.831,15.454,Y,2.67,0.0127555389481179,62.665555,-168.889095,X-18,32,35,NA,6.3,-0.1,137,44,15,1,1,ALL,NBS_SINGLE,57744,2022-VA-150,1,55.27,10.56,70,0.3173,0.1202,0,7,NBS,0.37882130475890324,37.88213047589032,2.639767054908486
-21917,NBS,2022,94,202202,28,3,0,2022-08-08,0.513,2.831,15.454,Y,2.67,0.0127555389481179,62.665555,-168.889095,X-18,32,35,NA,6.3,-0.1,137,44,15,1,1,ALL,NBS_SINGLE,57744,2022-VA-158,1,55.41,12.2,72,0.3266,0.122,1,7,NBS,0.3735456215554195,37.35456215554195,2.677049180327869
-21805,NBS,2022,162,202202,6,3,0,2022-07-30,0.519,2.9040000000000004,18.221,Y,2.072,0.015427190986376401,62.659389999999995,-173.95076,X-25,68,70,NA,8.4,-1.5,229,44,15,1,1,ALL,NBS_SINGLE,57744,2022-AKK-39,1,55.76,8.73,61,0.3442,0.1121,0,7,NBS,0.3256827425915166,32.56827425915166,3.0704727921498662
-21805,NBS,2022,162,202202,6,3,0,2022-07-30,0.519,2.9040000000000004,18.221,Y,2.072,0.015427190986376401,62.659389999999995,-173.95076,X-25,68,70,NA,8.4,-1.5,229,44,15,1,1,ALL,NBS_SINGLE,57744,2022-AKK-40,2,46.74,0,33,0.3027,0.0987,0,7,NBS,0.3260654112983151,32.60654112983151,3.0668693009118546
-21916,NBS,2022,94,202202,27,3,0,2022-08-08,0.511,2.6990000000000003,15.578000000000001,Y,2.553,0.012258367014923699,62.86239,-168.82470999999998,Y-18,36,39,NA,6.4,0.6,137,44,15,1,1,ALL,NBS_SINGLE,57744,2022-VA-130,2,52.88,0,52,0.3436,0.0971,0,8,NBS,0.28259604190919674,28.259604190919674,3.538619979402678
-21916,NBS,2022,94,202202,27,3,0,2022-08-08,0.511,2.6990000000000003,15.578000000000001,Y,2.553,0.012258367014923699,62.86239,-168.82470999999998,Y-18,36,39,NA,6.4,0.6,137,44,15,1,1,ALL,NBS_SINGLE,57744,2022-VA-143,1,51.23,8.46,50,0.3429,0.1022,0,8,NBS,0.29804607757363666,29.804607757363666,3.35518590998043
-21916,NBS,2022,94,202202,27,3,0,2022-08-08,0.511,2.6990000000000003,15.578000000000001,Y,2.553,0.012258367014923699,62.86239,-168.82470999999998,Y-18,36,39,NA,6.4,0.6,137,44,15,1,1,ALL,NBS_SINGLE,57744,2022-VA-144,2,51.39,0,46,0.3171,0.095,0,8,NBS,0.29959003468937245,29.959003468937244,3.337894736842105
-21916,NBS,2022,94,202202,27,3,0,2022-08-08,0.511,2.6990000000000003,15.578000000000001,Y,2.553,0.012258367014923699,62.86239,-168.82470999999998,Y-18,36,39,NA,6.4,0.6,137,44,15,1,1,ALL,NBS_SINGLE,57744,2022-VA-146,1,52.69,8.94,56,0.3194,0.125,0,8,NBS,0.3913587977457733,39.13587977457733,2.5552
-21916,NBS,2022,94,202202,27,3,0,2022-08-08,0.511,2.6990000000000003,15.578000000000001,Y,2.553,0.012258367014923699,62.86239,-168.82470999999998,Y-18,36,39,NA,6.4,0.6,137,44,15,1,1,ALL,NBS_SINGLE,57744,2022-VA-147,2,50.97,0,46,0.3218,0.0857,0,8,NBS,0.2663144810441268,26.63144810441268,3.7549591598599763
-21916,NBS,2022,94,202202,27,3,0,2022-08-08,0.511,2.6990000000000003,15.578000000000001,Y,2.553,0.012258367014923699,62.86239,-168.82470999999998,Y-18,36,39,NA,6.4,0.6,137,44,15,1,1,ALL,NBS_SINGLE,57744,2022-VA-151,1,54.04,9,62,0.3381,0.1245,0,8,NBS,0.3682342502218279,36.82342502218279,2.7156626506024097
-21916,NBS,2022,94,202202,27,3,0,2022-08-08,0.511,2.6990000000000003,15.578000000000001,Y,2.553,0.012258367014923699,62.86239,-168.82470999999998,Y-18,36,39,NA,6.4,0.6,137,44,15,1,1,ALL,NBS_SINGLE,57744,2022-VA-154,2,51.51,0,46,0.3224,0.1059,0,8,NBS,0.32847394540942926,32.84739454094293,3.04438149197356
-21916,NBS,2022,94,202202,27,3,0,2022-08-08,0.511,2.6990000000000003,15.578000000000001,Y,2.553,0.012258367014923699,62.86239,-168.82470999999998,Y-18,36,39,NA,6.4,0.6,137,44,15,1,1,ALL,NBS_SINGLE,57744,2022-VA-155,1,52.97,9.42,58,0.304,0.0986,0,8,NBS,0.3243421052631579,32.43421052631579,3.08316430020284
-21916,NBS,2022,94,202202,27,3,0,2022-08-08,0.511,2.6990000000000003,15.578000000000001,Y,2.553,0.012258367014923699,62.86239,-168.82470999999998,Y-18,36,39,NA,6.4,0.6,137,44,15,1,1,ALL,NBS_SINGLE,57744,2022-VA-156,2,55.44,0,60,0.3461,0.1007,0,8,NBS,0.29095637099104305,29.095637099104305,3.4369414101290965
-21916,NBS,2022,94,202202,27,3,0,2022-08-08,0.511,2.6990000000000003,15.578000000000001,Y,2.553,0.012258367014923699,62.86239,-168.82470999999998,Y-18,36,39,NA,6.4,0.6,137,44,15,1,1,ALL,NBS_SINGLE,57744,2022-VA-160,1,50.53,8.66,54,0.307,0.0967,0,8,NBS,0.3149837133550488,31.49837133550488,3.174767321613237
-21959,NBS,2022,162,202202,43,3,0,2022-08-11,0.524,2.935,17.47,Y,1.637,0.0149492376669075,63.00125,-171.84918499999998,Y-22,52,54,NA,7.2,-1.2,183,44,15,1,1,ALL,NBS_SINGLE,57744,2022-AKK-78,2,47.45,0,41,0.3441,0.1012,0,8,NBS,0.29410055216506825,29.410055216506827,3.400197628458498
-21959,NBS,2022,162,202202,43,3,0,2022-08-11,0.524,2.935,17.47,Y,1.637,0.0149492376669075,63.00125,-171.84918499999998,Y-22,52,54,NA,7.2,-1.2,183,44,15,1,1,ALL,NBS_SINGLE,57744,2022-AKK-79,2,44.28,0,33,0.3261,0.1134,0,8,NBS,0.34774609015639374,34.77460901563937,2.875661375661376
-21959,NBS,2022,162,202202,43,3,0,2022-08-11,0.524,2.935,17.47,Y,1.637,0.0149492376669075,63.00125,-171.84918499999998,Y-22,52,54,NA,7.2,-1.2,183,44,15,1,1,ALL,NBS_SINGLE,57744,2022-AKK-80,2,46.54,0,36,0.3196,0.1306,0,8,NBS,0.40863579474342926,40.86357947434293,2.447166921898928
-21956,NBS,2022,162,202202,40,3,0,2022-08-11,0.534,3.043,18.901,Y,1.81,0.0167689075493891,62.993044999999995,-174.02492,Y-25,72,74,NA,7.9,-1.6,274,44,15,1,1,ALL,NBS_SINGLE,57744,2022-AKK-81,1,52.59,8.74,58,0.3326,0.1173,0,8,NBS,0.3526758869512928,35.267588695129284,2.835464620630861
-21956,NBS,2022,162,202202,40,3,0,2022-08-11,0.534,3.043,18.901,Y,1.81,0.0167689075493891,62.993044999999995,-174.02492,Y-25,72,74,NA,7.9,-1.6,274,44,15,1,1,ALL,NBS_SINGLE,57744,2022-AKK-82,1,55.49,10.36,72,0.3149,0.0859,0,8,NBS,0.2727850111146396,27.27850111146396,3.6658905704307334
-21955,NBS,2022,162,202202,39,3,0,2022-08-10,0.519,2.9010000000000002,18.097,Y,1.7930000000000001,0.01530637506833,63.33898,-173.43322,ZZ-24,69,71,NA,7.7,-1.7,229,44,15,1,1,ALL,NBS_SINGLE,57744,2022-AKK-61,1,54.79,8.86,62,0.3247,0.0998,0,8,NBS,0.30736064059131507,30.736064059131508,3.253507014028056
-21955,NBS,2022,162,202202,39,3,0,2022-08-10,0.519,2.9010000000000002,18.097,Y,1.7930000000000001,0.01530637506833,63.33898,-173.43322,ZZ-24,69,71,NA,7.7,-1.7,229,44,15,1,1,ALL,NBS_SINGLE,57744,2022-AKK-62,1,54.43,9.04,61,0.3138,0.1266,0,8,NBS,0.4034416826003823,40.34416826003823,2.4786729857819907
-21955,NBS,2022,162,202202,39,3,0,2022-08-10,0.519,2.9010000000000002,18.097,Y,1.7930000000000001,0.01530637506833,63.33898,-173.43322,ZZ-24,69,71,NA,7.7,-1.7,229,44,15,1,1,ALL,NBS_SINGLE,57744,2022-AKK-63,1,45.83,7.6,34,0.3298,0.1166,0,8,NBS,0.35354760460885387,35.35476046088539,2.828473413379074
-21955,NBS,2022,162,202202,39,3,0,2022-08-10,0.519,2.9010000000000002,18.097,Y,1.7930000000000001,0.01530637506833,63.33898,-173.43322,ZZ-24,69,71,NA,7.7,-1.7,229,44,15,1,1,ALL,NBS_SINGLE,57744,2022-AKK-64,2,46.35,0,33,0.3333,0.1303,0,8,NBS,0.39093909390939097,39.093909390939096,2.5579432079815807
-21955,NBS,2022,162,202202,39,3,0,2022-08-10,0.519,2.9010000000000002,18.097,Y,1.7930000000000001,0.01530637506833,63.33898,-173.43322,ZZ-24,69,71,NA,7.7,-1.7,229,44,15,1,1,ALL,NBS_SINGLE,57744,2022-AKK-65,2,46.88,0,35,0.3135,0.1124,0,8,NBS,0.35853269537480065,35.85326953748007,2.78914590747331
-21955,NBS,2022,162,202202,39,3,0,2022-08-10,0.519,2.9010000000000002,18.097,Y,1.7930000000000001,0.01530637506833,63.33898,-173.43322,ZZ-24,69,71,NA,7.7,-1.7,229,44,15,1,1,ALL,NBS_SINGLE,57744,2022-AKK-66,2,44.96,0,33,0.3144,0.1079,0,8,NBS,0.34319338422391854,34.31933842239185,2.9138090824837817
-21955,NBS,2022,162,202202,39,3,0,2022-08-10,0.519,2.9010000000000002,18.097,Y,1.7930000000000001,0.01530637506833,63.33898,-173.43322,ZZ-24,69,71,NA,7.7,-1.7,229,44,15,1,1,ALL,NBS_SINGLE,57744,2022-AKK-67,2,43.43,0,29,0.3379,0.122,0,8,NBS,0.36105356614382955,36.105356614382956,2.7696721311475407
-23072,NBS,2023,162,202302,35,3,0,2023-08-11,0.512,2.8080000000000003,14.791,Y,2.6380000000000003,0.0121091226043788,63.685195,-168.2721,AA-01,30,33,NA,5.4,2.8000000000000003,137,44,15,1,1,ALL,NBS_SINGLE,57744,2023-84,1,51.15,8.27,52,0.3209,0.1107,0,8,NBS,0.3449672795263322,34.49672795263322,2.898825654923216
-23072,NBS,2023,162,202302,35,3,0,2023-08-11,0.512,2.8080000000000003,14.791,Y,2.6380000000000003,0.0121091226043788,63.685195,-168.2721,AA-01,30,33,NA,5.4,2.8000000000000003,137,44,15,1,1,ALL,NBS_SINGLE,57744,2023-104,1,53.58,9.1,56,0.3645,0.137,0,8,NBS,0.3758573388203018,37.58573388203018,2.660583941605839
-23072,NBS,2023,162,202302,35,3,0,2023-08-11,0.512,2.8080000000000003,14.791,Y,2.6380000000000003,0.0121091226043788,63.685195,-168.2721,AA-01,30,33,NA,5.4,2.8000000000000003,137,44,15,1,1,ALL,NBS_SINGLE,57744,2023-106,1,50.01,8.35,40,0.3275,0.0969,0,8,NBS,0.2958778625954198,29.587786259541982,3.3797729618163057
-23072,NBS,2023,162,202302,35,3,0,2023-08-11,0.512,2.8080000000000003,14.791,Y,2.6380000000000003,0.0121091226043788,63.685195,-168.2721,AA-01,30,33,NA,5.4,2.8000000000000003,137,44,15,1,1,ALL,NBS_SINGLE,57744,2023-115,1,51.62,10.2,54,0.3235,0.12,1,8,NBS,0.3709428129829984,37.09428129829984,2.6958333333333333
-23072,NBS,2023,162,202302,35,3,0,2023-08-11,0.512,2.8080000000000003,14.791,Y,2.6380000000000003,0.0121091226043788,63.685195,-168.2721,AA-01,30,33,NA,5.4,2.8000000000000003,137,44,15,1,1,ALL,NBS_SINGLE,57744,2023-126,2,44.69,0,26,0.3346,0.1,0,8,NBS,0.2988643156007173,29.88643156007173,3.346
-23072,NBS,2023,162,202302,35,3,0,2023-08-11,0.512,2.8080000000000003,14.791,Y,2.6380000000000003,0.0121091226043788,63.685195,-168.2721,AA-01,30,33,NA,5.4,2.8000000000000003,137,44,15,1,1,ALL,NBS_SINGLE,57744,2023-130,1,56.53,9.86,66,0.3306,0.0897,0,8,NBS,0.2713248638838476,27.13248638838476,3.6856187290969897
-23072,NBS,2023,162,202302,35,3,0,2023-08-11,0.512,2.8080000000000003,14.791,Y,2.6380000000000003,0.0121091226043788,63.685195,-168.2721,AA-01,30,33,NA,5.4,2.8000000000000003,137,44,15,1,1,ALL,NBS_SINGLE,57744,2023-142,1,51.45,8.16,48,0.3004,0.1226,0,8,NBS,0.4081225033288948,40.812250332889484,2.4502446982055464
-23072,NBS,2023,162,202302,35,3,0,2023-08-11,0.512,2.8080000000000003,14.791,Y,2.6380000000000003,0.0121091226043788,63.685195,-168.2721,AA-01,30,33,NA,5.4,2.8000000000000003,137,44,15,1,1,ALL,NBS_SINGLE,57744,2023-143,1,52.56,8.47,52,0.3282,0.1355,0,8,NBS,0.4128580134064595,41.28580134064595,2.4221402214022136
-23072,NBS,2023,162,202302,35,3,0,2023-08-11,0.512,2.8080000000000003,14.791,Y,2.6380000000000003,0.0121091226043788,63.685195,-168.2721,AA-01,30,33,NA,5.4,2.8000000000000003,137,44,15,1,1,ALL,NBS_SINGLE,57744,2023-144,1,50.72,8.18,54,0.3047,0.0943,0,8,NBS,0.30948473908762714,30.948473908762715,3.23117709437964
-23072,NBS,2023,162,202302,35,3,0,2023-08-11,0.512,2.8080000000000003,14.791,Y,2.6380000000000003,0.0121091226043788,63.685195,-168.2721,AA-01,30,33,NA,5.4,2.8000000000000003,137,44,15,1,1,ALL,NBS_SINGLE,57744,2023-152,1,53.7,9.05,54,0.326,0.1005,0,8,NBS,0.30828220858895705,30.828220858895705,3.243781094527363
-23072,NBS,2023,162,202302,35,3,0,2023-08-11,0.512,2.8080000000000003,14.791,Y,2.6380000000000003,0.0121091226043788,63.685195,-168.2721,AA-01,30,33,NA,5.4,2.8000000000000003,137,44,15,1,1,ALL,NBS_SINGLE,57744,2023-156,1,57.17,9.66,60,0.3057,0.0968,0,8,NBS,0.31665031076218514,31.665031076218515,3.1580578512396698
-23072,NBS,2023,162,202302,35,3,0,2023-08-11,0.512,2.8080000000000003,14.791,Y,2.6380000000000003,0.0121091226043788,63.685195,-168.2721,AA-01,30,33,NA,5.4,2.8000000000000003,137,44,15,1,1,ALL,NBS_SINGLE,57744,2023-168,1,54.8,12.52,66,0.3178,0.1114,1,8,NBS,0.3505349276274386,35.05349276274386,2.8527827648114905
-23072,NBS,2023,162,202302,35,3,0,2023-08-11,0.512,2.8080000000000003,14.791,Y,2.6380000000000003,0.0121091226043788,63.685195,-168.2721,AA-01,30,33,NA,5.4,2.8000000000000003,137,44,15,1,1,ALL,NBS_SINGLE,57744,2023-191,2,55.64,0,54,0.3041,0.0994,0,8,NBS,0.32686616244656364,32.68661624465636,3.0593561368209254
-23072,NBS,2023,162,202302,35,3,0,2023-08-11,0.512,2.8080000000000003,14.791,Y,2.6380000000000003,0.0121091226043788,63.685195,-168.2721,AA-01,30,33,NA,5.4,2.8000000000000003,137,44,15,1,1,ALL,NBS_SINGLE,57744,2023-200,1,54.45,9.08,62,0.3152,0.1086,0,8,NBS,0.34454314720812185,34.454314720812185,2.902394106813996
-23072,NBS,2023,162,202302,35,3,0,2023-08-11,0.512,2.8080000000000003,14.791,Y,2.6380000000000003,0.0121091226043788,63.685195,-168.2721,AA-01,30,33,NA,5.4,2.8000000000000003,137,44,15,1,1,ALL,NBS_SINGLE,57744,2023-201,2,44.78,0,32,0.3308,0.0974,0,8,NBS,0.29443772672309554,29.443772672309553,3.3963039014373715
-23072,NBS,2023,162,202302,35,3,0,2023-08-11,0.512,2.8080000000000003,14.791,Y,2.6380000000000003,0.0121091226043788,63.685195,-168.2721,AA-01,30,33,NA,5.4,2.8000000000000003,137,44,15,1,1,ALL,NBS_SINGLE,57744,2023-205,2,42.76,0,26,0.3032,0.0989,0,8,NBS,0.32618733509234826,32.61873350923483,3.06572295247725
-23072,NBS,2023,162,202302,35,3,0,2023-08-11,0.512,2.8080000000000003,14.791,Y,2.6380000000000003,0.0121091226043788,63.685195,-168.2721,AA-01,30,33,NA,5.4,2.8000000000000003,137,44,15,1,1,ALL,NBS_SINGLE,57744,2023-210,1,51.17,9.19,50,0.3683,0.1183,0,8,NBS,0.3212055389628021,32.12055389628021,3.113271344040575
-23072,NBS,2023,162,202302,35,3,0,2023-08-11,0.512,2.8080000000000003,14.791,Y,2.6380000000000003,0.0121091226043788,63.685195,-168.2721,AA-01,30,33,NA,5.4,2.8000000000000003,137,44,15,1,1,ALL,NBS_SINGLE,57744,2023-212,1,56.47,11.35,72,0.3473,0.1313,1,8,NBS,0.3780593147135042,37.80593147135042,2.645087585681645
-23072,NBS,2023,162,202302,35,3,0,2023-08-11,0.512,2.8080000000000003,14.791,Y,2.6380000000000003,0.0121091226043788,63.685195,-168.2721,AA-01,30,33,NA,5.4,2.8000000000000003,137,44,15,1,1,ALL,NBS_SINGLE,57744,2023-213,1,51.18,8.98,52,0.2993,0.0946,0,8,NBS,0.3160708319411961,31.60708319411961,3.16384778012685
-23072,NBS,2023,162,202302,35,3,0,2023-08-11,0.512,2.8080000000000003,14.791,Y,2.6380000000000003,0.0121091226043788,63.685195,-168.2721,AA-01,30,33,NA,5.4,2.8000000000000003,137,44,15,1,1,ALL,NBS_SINGLE,57744,2023-216,1,51.95,8.52,NA,0.3099,0.1065,0,8,NBS,0.3436592449177154,34.36592449177154,2.9098591549295776
-23072,NBS,2023,162,202302,35,3,0,2023-08-11,0.512,2.8080000000000003,14.791,Y,2.6380000000000003,0.0121091226043788,63.685195,-168.2721,AA-01,30,33,NA,5.4,2.8000000000000003,137,44,15,1,1,ALL,NBS_SINGLE,57744,2023-218,2,43.14,0,28,0.3075,0.0992,0,8,NBS,0.32260162601626013,32.260162601626014,3.0997983870967745
-23072,NBS,2023,162,202302,35,3,0,2023-08-11,0.512,2.8080000000000003,14.791,Y,2.6380000000000003,0.0121091226043788,63.685195,-168.2721,AA-01,30,33,NA,5.4,2.8000000000000003,137,44,15,1,1,ALL,NBS_SINGLE,57744,2023-219,1,51.46,9.76,92,0.3358,0.1413,0,8,NBS,0.4207861822513401,42.078618225134015,2.376503892427459
-23072,NBS,2023,162,202302,35,3,0,2023-08-11,0.512,2.8080000000000003,14.791,Y,2.6380000000000003,0.0121091226043788,63.685195,-168.2721,AA-01,30,33,NA,5.4,2.8000000000000003,137,44,15,1,1,ALL,NBS_SINGLE,57744,2023-220,1,53.07,11.26,68,0.3196,0.0853,1,8,NBS,0.26689612015018777,26.689612015018778,3.746776084407972
-23031,NBS,2023,162,202302,10,3,0,2023-08-06,0.521,2.865,16.084,Y,2,0.013434970793211001,63.667624999999994,-169.03946,AA-18,34,36,NA,8.700000000000001,2.7,137,44,15,1,1,ALL,NBS_SINGLE,57744,2023-101,2,42.73,0,30,0.2983,0.0974,0,8,NBS,0.32651692926583975,32.651692926583976,3.062628336755647
-23031,NBS,2023,162,202302,10,3,0,2023-08-06,0.521,2.865,16.084,Y,2,0.013434970793211001,63.667624999999994,-169.03946,AA-18,34,36,NA,8.700000000000001,2.7,137,44,15,1,1,ALL,NBS_SINGLE,57744,2023-114,2,44.82,0,NA,0.302,0.0921,0,8,NBS,0.30496688741721856,30.496688741721854,3.279044516829533
-23031,NBS,2023,162,202302,10,3,0,2023-08-06,0.521,2.865,16.084,Y,2,0.013434970793211001,63.667624999999994,-169.03946,AA-18,34,36,NA,8.700000000000001,2.7,137,44,15,1,1,ALL,NBS_SINGLE,57744,2023-120,2,44.88,0,26,0.3085,0.098,0,8,NBS,0.31766612641815234,31.766612641815232,3.147959183673469
-23031,NBS,2023,162,202302,10,3,0,2023-08-06,0.521,2.865,16.084,Y,2,0.013434970793211001,63.667624999999994,-169.03946,AA-18,34,36,NA,8.700000000000001,2.7,137,44,15,1,1,ALL,NBS_SINGLE,57744,2023-124,2,42.79,0,32,0.3354,0.1201,0,8,NBS,0.3580799045915325,35.80799045915325,2.7926727726894254
-23031,NBS,2023,162,202302,10,3,0,2023-08-06,0.521,2.865,16.084,Y,2,0.013434970793211001,63.667624999999994,-169.03946,AA-18,34,36,NA,8.700000000000001,2.7,137,44,15,1,1,ALL,NBS_SINGLE,57744,2023-125,2,44.07,0,26,0.3117,0.1047,0,8,NBS,0.3358999037536093,33.58999037536093,2.9770773638968477
-23031,NBS,2023,162,202302,10,3,0,2023-08-06,0.521,2.865,16.084,Y,2,0.013434970793211001,63.667624999999994,-169.03946,AA-18,34,36,NA,8.700000000000001,2.7,137,44,15,1,1,ALL,NBS_SINGLE,57744,2023-128,1,52.08,8.72,58,0.3024,0.1303,0,8,NBS,0.4308862433862434,43.088624338624335,2.3207981580967
-23031,NBS,2023,162,202302,10,3,0,2023-08-06,0.521,2.865,16.084,Y,2,0.013434970793211001,63.667624999999994,-169.03946,AA-18,34,36,NA,8.700000000000001,2.7,137,44,15,1,1,ALL,NBS_SINGLE,57744,2023-129,2,41.97,0,26,0.3036,0.1246,0,8,NBS,0.4104084321475626,41.040843214756265,2.436597110754414
-23031,NBS,2023,162,202302,10,3,0,2023-08-06,0.521,2.865,16.084,Y,2,0.013434970793211001,63.667624999999994,-169.03946,AA-18,34,36,NA,8.700000000000001,2.7,137,44,15,1,1,ALL,NBS_SINGLE,57744,2023-133,2,46.52,0,38,0.3281,0.1195,0,8,NBS,0.3642182261505638,36.421822615056385,2.7456066945606694
-23031,NBS,2023,162,202302,10,3,0,2023-08-06,0.521,2.865,16.084,Y,2,0.013434970793211001,63.667624999999994,-169.03946,AA-18,34,36,NA,8.700000000000001,2.7,137,44,15,1,1,ALL,NBS_SINGLE,57744,2023-134,1,51.56,11.6,NA,0.3147,0.1193,1,8,NBS,0.3790911979663172,37.90911979663172,2.63788767812238
-23031,NBS,2023,162,202302,10,3,0,2023-08-06,0.521,2.865,16.084,Y,2,0.013434970793211001,63.667624999999994,-169.03946,AA-18,34,36,NA,8.700000000000001,2.7,137,44,15,1,1,ALL,NBS_SINGLE,57744,2023-158,2,43.81,0,32,0.3077,0.1102,0,8,NBS,0.3581410464738382,35.81410464738382,2.7921960072595278
-23031,NBS,2023,162,202302,10,3,0,2023-08-06,0.521,2.865,16.084,Y,2,0.013434970793211001,63.667624999999994,-169.03946,AA-18,34,36,NA,8.700000000000001,2.7,137,44,15,1,1,ALL,NBS_SINGLE,57744,2023-164,2,43.29,0,30,0.2998,0.1158,0,8,NBS,0.38625750500333556,38.62575050033355,2.5889464594127807
-23031,NBS,2023,162,202302,10,3,0,2023-08-06,0.521,2.865,16.084,Y,2,0.013434970793211001,63.667624999999994,-169.03946,AA-18,34,36,NA,8.700000000000001,2.7,137,44,15,1,1,ALL,NBS_SINGLE,57744,2023-167,2,44.24,0,32,0.307,0.0997,0,8,NBS,0.3247557003257329,32.475570032573295,3.079237713139418
-23031,NBS,2023,162,202302,10,3,0,2023-08-06,0.521,2.865,16.084,Y,2,0.013434970793211001,63.667624999999994,-169.03946,AA-18,34,36,NA,8.700000000000001,2.7,137,44,15,1,1,ALL,NBS_SINGLE,57744,2023-183,2,41.82,0,NA,0.3132,0.1174,0,8,NBS,0.3748403575989783,37.484035759897836,2.6678023850085175
-23031,NBS,2023,162,202302,10,3,0,2023-08-06,0.521,2.865,16.084,Y,2,0.013434970793211001,63.667624999999994,-169.03946,AA-18,34,36,NA,8.700000000000001,2.7,137,44,15,1,1,ALL,NBS_SINGLE,57744,2023-186,2,51.51,0,NA,0.2973,0.1137,0,8,NBS,0.3824419778002018,38.24419778002018,2.6147757255936677
-23031,NBS,2023,162,202302,10,3,0,2023-08-06,0.521,2.865,16.084,Y,2,0.013434970793211001,63.667624999999994,-169.03946,AA-18,34,36,NA,8.700000000000001,2.7,137,44,15,1,1,ALL,NBS_SINGLE,57744,2023-197,2,56.56,0,60,0.3165,0.107,0,8,NBS,0.3380726698262243,33.80726698262243,2.957943925233645
-23024,NBS,2023,162,202302,3,3,0,2023-08-04,0.529,2.9210000000000003,15.277000000000001,Y,2.674,0.013010310802142001,63.547929999999994,-172.00570499999998,AA-22,35,37,NA,9.4,2.7,137,44,15,1,1,ALL,NBS_SINGLE,57744,2023-112,2,41.69,0,26,0.3005,0.0904,0,8,NBS,0.30083194675540764,30.083194675540764,3.3241150442477876
-23024,NBS,2023,162,202302,3,3,0,2023-08-04,0.529,2.9210000000000003,15.277000000000001,Y,2.674,0.013010310802142001,63.547929999999994,-172.00570499999998,AA-22,35,37,NA,9.4,2.7,137,44,15,1,1,ALL,NBS_SINGLE,57744,2023-194,2,45.11,0,32,0.3047,0.1025,0,8,NBS,0.3363964555300295,33.63964555300295,2.9726829268292687
-23029,NBS,2023,162,202302,8,3,0,2023-08-05,0.533,2.943,15.672,Y,2.083,0.013447226529831602,63.989585,-169.78633,BB-19,32,34,NA,5.9,3.2,137,44,15,2,1,ALL,NBS_SINGLE,57744,2023-102,1,62.18,10.86,NA,0.3072,0.1259,0,9,NBS,0.40983072916666674,40.98307291666667,2.440031771247021
-23029,NBS,2023,162,202302,8,3,0,2023-08-05,0.533,2.943,15.672,Y,2.083,0.013447226529831602,63.989585,-169.78633,BB-19,32,34,NA,5.9,3.2,137,44,15,2,1,ALL,NBS_SINGLE,57744,2023-103,1,52.98,10.41,60,0.3378,0.1338,1,9,NBS,0.3960923623445826,39.60923623445826,2.524663677130045
-23029,NBS,2023,162,202302,8,3,0,2023-08-05,0.533,2.943,15.672,Y,2.083,0.013447226529831602,63.989585,-169.78633,BB-19,32,34,NA,5.9,3.2,137,44,15,2,1,ALL,NBS_SINGLE,57744,2023-119,1,49.93,8.23,NA,0.3114,0.1377,0,9,NBS,0.4421965317919075,44.21965317919075,2.2614379084967324
-23029,NBS,2023,162,202302,8,3,0,2023-08-05,0.533,2.943,15.672,Y,2.083,0.013447226529831602,63.989585,-169.78633,BB-19,32,34,NA,5.9,3.2,137,44,15,2,1,ALL,NBS_SINGLE,57744,2023-122,1,51.45,10.89,56,0.3127,0.1216,1,9,NBS,0.3888711224816118,38.88711224816118,2.5715460526315788
-23029,NBS,2023,162,202302,8,3,0,2023-08-05,0.533,2.943,15.672,Y,2.083,0.013447226529831602,63.989585,-169.78633,BB-19,32,34,NA,5.9,3.2,137,44,15,2,1,ALL,NBS_SINGLE,57744,2023-159,1,50.39,7.86,45,0.315,0.1346,0,9,NBS,0.4273015873015873,42.73015873015873,2.3402674591381873
-23029,NBS,2023,162,202302,8,3,0,2023-08-05,0.533,2.943,15.672,Y,2.083,0.013447226529831602,63.989585,-169.78633,BB-19,32,34,NA,5.9,3.2,137,44,15,2,1,ALL,NBS_SINGLE,57744,2023-165,1,56.36,9.15,74,0.3156,0.133,0,9,NBS,0.4214195183776933,42.141951837769334,2.3729323308270676
-23029,NBS,2023,162,202302,8,3,0,2023-08-05,0.533,2.943,15.672,Y,2.083,0.013447226529831602,63.989585,-169.78633,BB-19,32,34,NA,5.9,3.2,137,44,15,2,1,ALL,NBS_SINGLE,57744,2023-182,1,51.48,8.31,52,0.2975,0.1165,0,9,NBS,0.39159663865546224,39.15966386554622,2.5536480686695278
-23029,NBS,2023,162,202302,8,3,0,2023-08-05,0.533,2.943,15.672,Y,2.083,0.013447226529831602,63.989585,-169.78633,BB-19,32,34,NA,5.9,3.2,137,44,15,2,1,ALL,NBS_SINGLE,57744,2023-185,1,50.32,7.62,48,0.3379,0.1334,0,9,NBS,0.39479135839005625,39.47913583900562,2.532983508245877
-23028,NBS,2023,162,202302,7,3,0,2023-08-05,0.546,3.0500000000000003,15.296000000000001,N,2.674,0.01360178012688,63.99256,-170.542745,BB-20,27,30,NA,4,1.6,137,44,15,2,1,ALL,NBS_SINGLE,57744,2023-123,2,46.32,0,30,0.316,0.1311,0,9,NBS,0.414873417721519,41.4873417721519,2.410373760488177
-23028,NBS,2023,162,202302,7,3,0,2023-08-05,0.546,3.0500000000000003,15.296000000000001,N,2.674,0.01360178012688,63.99256,-170.542745,BB-20,27,30,NA,4,1.6,137,44,15,2,1,ALL,NBS_SINGLE,57744,2023-139,2,44.8,0,28,0.328,0.136,0,9,NBS,0.41463414634146345,41.463414634146346,2.411764705882353
-23028,NBS,2023,162,202302,7,3,0,2023-08-05,0.546,3.0500000000000003,15.296000000000001,N,2.674,0.01360178012688,63.99256,-170.542745,BB-20,27,30,NA,4,1.6,137,44,15,2,1,ALL,NBS_SINGLE,57744,2023-161,2,46.8,0,NA,0.315,0.1161,0,9,NBS,0.36857142857142855,36.857142857142854,2.7131782945736433
-23028,NBS,2023,162,202302,7,3,0,2023-08-05,0.546,3.0500000000000003,15.296000000000001,N,2.674,0.01360178012688,63.99256,-170.542745,BB-20,27,30,NA,4,1.6,137,44,15,2,1,ALL,NBS_SINGLE,57744,2023-171,2,45.54,0,NA,0.2999,0.1253,0,9,NBS,0.41780593531177057,41.780593531177054,2.3934557063048683
-23026,NBS,2023,162,202302,5,3,0,2023-08-04,0.532,2.986,14.518,Y,2.674,0.0126390558044058,63.999665,-171.33819499999998,BB-21,26,28,NA,9.8,1.4000000000000001,137,44,15,2,1,ALL,NBS_SINGLE,57744,2023-91,2,43.87,0,28,0.3613,0.1468,0,9,NBS,0.40631054525325216,40.63105452532522,2.4611716621253406
-23026,NBS,2023,162,202302,5,3,0,2023-08-04,0.532,2.986,14.518,Y,2.674,0.0126390558044058,63.999665,-171.33819499999998,BB-21,26,28,NA,9.8,1.4000000000000001,137,44,15,2,1,ALL,NBS_SINGLE,57744,2023-105,1,50.05,7.8,43,0.3324,0.141,0,9,NBS,0.42418772563176893,42.418772563176894,2.3574468085106384
-23026,NBS,2023,162,202302,5,3,0,2023-08-04,0.532,2.986,14.518,Y,2.674,0.0126390558044058,63.999665,-171.33819499999998,BB-21,26,28,NA,9.8,1.4000000000000001,137,44,15,2,1,ALL,NBS_SINGLE,57744,2023-108,1,50.62,8.1,NA,0.3404,0.1522,0,9,NBS,0.4471210340775558,44.712103407755585,2.2365308804204993
-23026,NBS,2023,162,202302,5,3,0,2023-08-04,0.532,2.986,14.518,Y,2.674,0.0126390558044058,63.999665,-171.33819499999998,BB-21,26,28,NA,9.8,1.4000000000000001,137,44,15,2,1,ALL,NBS_SINGLE,57744,2023-111,2,49.58,0,38,0.3232,0.1472,0,9,NBS,0.45544554455445546,45.54455445544555,2.1956521739130435
-23026,NBS,2023,162,202302,5,3,0,2023-08-04,0.532,2.986,14.518,Y,2.674,0.0126390558044058,63.999665,-171.33819499999998,BB-21,26,28,NA,9.8,1.4000000000000001,137,44,15,2,1,ALL,NBS_SINGLE,57744,2023-116,2,45.45,0,32,0.3089,0.0991,0,9,NBS,0.3208157979928779,32.08157979928779,3.1170534813319883
-23026,NBS,2023,162,202302,5,3,0,2023-08-04,0.532,2.986,14.518,Y,2.674,0.0126390558044058,63.999665,-171.33819499999998,BB-21,26,28,NA,9.8,1.4000000000000001,137,44,15,2,1,ALL,NBS_SINGLE,57744,2023-138,1,50.84,8.44,50,0.2928,0.0935,0,9,NBS,0.3193306010928962,31.933060109289617,3.1315508021390377
-23026,NBS,2023,162,202302,5,3,0,2023-08-04,0.532,2.986,14.518,Y,2.674,0.0126390558044058,63.999665,-171.33819499999998,BB-21,26,28,NA,9.8,1.4000000000000001,137,44,15,2,1,ALL,NBS_SINGLE,57744,2023-140,1,50.71,10,46,0.312,0.1173,1,9,NBS,0.37596153846153846,37.59615384615385,2.659846547314578
-23026,NBS,2023,162,202302,5,3,0,2023-08-04,0.532,2.986,14.518,Y,2.674,0.0126390558044058,63.999665,-171.33819499999998,BB-21,26,28,NA,9.8,1.4000000000000001,137,44,15,2,1,ALL,NBS_SINGLE,57744,2023-148,2,42.73,0,38,0.3269,0.1182,0,9,NBS,0.36157846436219027,36.157846436219025,2.765651438240271
-23026,NBS,2023,162,202302,5,3,0,2023-08-04,0.532,2.986,14.518,Y,2.674,0.0126390558044058,63.999665,-171.33819499999998,BB-21,26,28,NA,9.8,1.4000000000000001,137,44,15,2,1,ALL,NBS_SINGLE,57744,2023-151,2,47.78,0,NA,0.3037,0.1247,0,9,NBS,0.41060256832400394,41.06025683240039,2.4354450681635926
-23026,NBS,2023,162,202302,5,3,0,2023-08-04,0.532,2.986,14.518,Y,2.674,0.0126390558044058,63.999665,-171.33819499999998,BB-21,26,28,NA,9.8,1.4000000000000001,137,44,15,2,1,ALL,NBS_SINGLE,57744,2023-155,1,48.61,10.06,44,0.3218,0.1238,1,9,NBS,0.38471100062150404,38.471100062150406,2.5993537964458806
-23026,NBS,2023,162,202302,5,3,0,2023-08-04,0.532,2.986,14.518,Y,2.674,0.0126390558044058,63.999665,-171.33819499999998,BB-21,26,28,NA,9.8,1.4000000000000001,137,44,15,2,1,ALL,NBS_SINGLE,57744,2023-157,2,43.69,0,NA,0.3316,0.1216,0,9,NBS,0.36670687575392036,36.67068757539204,2.7269736842105265
-23026,NBS,2023,162,202302,5,3,0,2023-08-04,0.532,2.986,14.518,Y,2.674,0.0126390558044058,63.999665,-171.33819499999998,BB-21,26,28,NA,9.8,1.4000000000000001,137,44,15,2,1,ALL,NBS_SINGLE,57744,2023-172,2,45.67,0,NA,0.3038,0.0999,0,9,NBS,0.32883475971033577,32.883475971033576,3.041041041041041
-23026,NBS,2023,162,202302,5,3,0,2023-08-04,0.532,2.986,14.518,Y,2.674,0.0126390558044058,63.999665,-171.33819499999998,BB-21,26,28,NA,9.8,1.4000000000000001,137,44,15,2,1,ALL,NBS_SINGLE,57744,2023-175,1,54.91,8.82,62,0.3052,0.1215,0,9,NBS,0.3980996068152031,39.80996068152031,2.5119341563786013
-23026,NBS,2023,162,202302,5,3,0,2023-08-04,0.532,2.986,14.518,Y,2.674,0.0126390558044058,63.999665,-171.33819499999998,BB-21,26,28,NA,9.8,1.4000000000000001,137,44,15,2,1,ALL,NBS_SINGLE,57744,2023-177,1,52.9,9.07,NA,0.3181,0.1149,0,9,NBS,0.3612071675573719,36.12071675573719,2.7684943429068753
-23026,NBS,2023,162,202302,5,3,0,2023-08-04,0.532,2.986,14.518,Y,2.674,0.0126390558044058,63.999665,-171.33819499999998,BB-21,26,28,NA,9.8,1.4000000000000001,137,44,15,2,1,ALL,NBS_SINGLE,57744,2023-188,2,46.67,0,NA,0.3268,0.1429,0,9,NBS,0.4372705018359853,43.72705018359853,2.2869139258222533
-23026,NBS,2023,162,202302,5,3,0,2023-08-04,0.532,2.986,14.518,Y,2.674,0.0126390558044058,63.999665,-171.33819499999998,BB-21,26,28,NA,9.8,1.4000000000000001,137,44,15,2,1,ALL,NBS_SINGLE,57744,2023-193,2,46,0,30,0.3067,0.1304,0,9,NBS,0.42517117704597324,42.517117704597325,2.351993865030675
-23025,NBS,2023,162,202302,4,3,4.1,2023-08-04,0.53,2.934,15.81,Y,2.668,0.013524151131909001,64.01138999999999,-172.00107,BB-22,50,53,NA,9.8,-0.1,183,44,15,2,1,ALL,NBS_SINGLE,57744,2023-107,1,64.92,13.24,104,0.3083,0.0631,1,9,NBS,0.20467077521894259,20.467077521894257,4.885895404120443
-23025,NBS,2023,162,202302,4,3,4.1,2023-08-04,0.53,2.934,15.81,Y,2.668,0.013524151131909001,64.01138999999999,-172.00107,BB-22,50,53,NA,9.8,-0.1,183,44,15,2,1,ALL,NBS_SINGLE,57744,2023-121,2,46.8,0,28,0.3108,0.0543,0,9,NBS,0.1747104247104247,17.47104247104247,5.723756906077348
-23025,NBS,2023,162,202302,4,3,4.1,2023-08-04,0.53,2.934,15.81,Y,2.668,0.013524151131909001,64.01138999999999,-172.00107,BB-22,50,53,NA,9.8,-0.1,183,44,15,2,1,ALL,NBS_SINGLE,57744,2023-132,1,51.64,8.27,40,0.3005,0.057,0,9,NBS,0.18968386023294512,18.96838602329451,5.271929824561403
-23025,NBS,2023,162,202302,4,3,4.1,2023-08-04,0.53,2.934,15.81,Y,2.668,0.013524151131909001,64.01138999999999,-172.00107,BB-22,50,53,NA,9.8,-0.1,183,44,15,2,1,ALL,NBS_SINGLE,57744,2023-137,2,45.89,0,32,0.3103,0.081,0,9,NBS,0.26103770544634225,26.103770544634227,3.830864197530864
-23025,NBS,2023,162,202302,4,3,4.1,2023-08-04,0.53,2.934,15.81,Y,2.668,0.013524151131909001,64.01138999999999,-172.00107,BB-22,50,53,NA,9.8,-0.1,183,44,15,2,1,ALL,NBS_SINGLE,57744,2023-153,2,53.9,0,24,0.3032,0.0597,0,9,NBS,0.19689973614775724,19.689973614775724,5.078726968174204
-23025,NBS,2023,162,202302,4,3,4.1,2023-08-04,0.53,2.934,15.81,Y,2.668,0.013524151131909001,64.01138999999999,-172.00107,BB-22,50,53,NA,9.8,-0.1,183,44,15,2,1,ALL,NBS_SINGLE,57744,2023-162,1,53.96,10.64,70,0.3262,0.0833,1,9,NBS,0.2553648068669528,25.536480686695278,3.9159663865546217
-23025,NBS,2023,162,202302,4,3,4.1,2023-08-04,0.53,2.934,15.81,Y,2.668,0.013524151131909001,64.01138999999999,-172.00107,BB-22,50,53,NA,9.8,-0.1,183,44,15,2,1,ALL,NBS_SINGLE,57744,2023-169,2,51.83,0,40,0.306,0.0733,0,9,NBS,0.23954248366013073,23.954248366013072,4.174624829467939
-23025,NBS,2023,162,202302,4,3,4.1,2023-08-04,0.53,2.934,15.81,Y,2.668,0.013524151131909001,64.01138999999999,-172.00107,BB-22,50,53,NA,9.8,-0.1,183,44,15,2,1,ALL,NBS_SINGLE,57744,2023-176,2,43.89,0,30,0.3106,0.1066,0,9,NBS,0.3432066967160335,34.32066967160335,2.9136960600375232
-23025,NBS,2023,162,202302,4,3,4.1,2023-08-04,0.53,2.934,15.81,Y,2.668,0.013524151131909001,64.01138999999999,-172.00107,BB-22,50,53,NA,9.8,-0.1,183,44,15,2,1,ALL,NBS_SINGLE,57744,2023-178,2,50.68,0,36,0.3345,0.0708,0,9,NBS,0.2116591928251121,21.16591928251121,4.724576271186441
-23025,NBS,2023,162,202302,4,3,4.1,2023-08-04,0.53,2.934,15.81,Y,2.668,0.013524151131909001,64.01138999999999,-172.00107,BB-22,50,53,NA,9.8,-0.1,183,44,15,2,1,ALL,NBS_SINGLE,57744,2023-179,1,72.14,12.14,114,0.3061,0.0572,0,9,NBS,0.18686703691604054,18.686703691604052,5.351398601398601
-23025,NBS,2023,162,202302,4,3,4.1,2023-08-04,0.53,2.934,15.81,Y,2.668,0.013524151131909001,64.01138999999999,-172.00107,BB-22,50,53,NA,9.8,-0.1,183,44,15,2,1,ALL,NBS_SINGLE,57744,2023-180,1,71.73,14.04,144,0.325,0.0911,0,9,NBS,0.2803076923076923,28.03076923076923,3.5675082327113063
-23025,NBS,2023,162,202302,4,3,4.1,2023-08-04,0.53,2.934,15.81,Y,2.668,0.013524151131909001,64.01138999999999,-172.00107,BB-22,50,53,NA,9.8,-0.1,183,44,15,2,1,ALL,NBS_SINGLE,57744,2023-184,2,43.74,0,24,0.3,0.0529,0,9,NBS,0.17633333333333334,17.633333333333333,5.671077504725897
-23025,NBS,2023,162,202302,4,3,4.1,2023-08-04,0.53,2.934,15.81,Y,2.668,0.013524151131909001,64.01138999999999,-172.00107,BB-22,50,53,NA,9.8,-0.1,183,44,15,2,1,ALL,NBS_SINGLE,57744,2023-190,1,50.72,8.08,50,0.3075,0.0993,0,9,NBS,0.3229268292682927,32.29268292682927,3.096676737160121
-23021,NBS,2023,162,202302,2,3,0,2023-08-03,0.521,2.931,18.297,Y,1.6620000000000001,0.0156355708713485,62.32472,-174.577415,W-26,68,70,NA,9.9,-1.6,229,44,15,1,1,ALL,NBS_SINGLE,57744,2023-92,2,44.45,0,26,0.3174,0.1188,0,7,NBS,0.37429111531190923,37.42911153119092,2.6717171717171717
-23021,NBS,2023,162,202302,2,3,0,2023-08-03,0.521,2.931,18.297,Y,1.6620000000000001,0.0156355708713485,62.32472,-174.577415,W-26,68,70,NA,9.9,-1.6,229,44,15,1,1,ALL,NBS_SINGLE,57744,2023-113,2,51.5,0,42,0.3288,0.1296,0,7,NBS,0.39416058394160586,39.416058394160586,2.537037037037037
-23021,NBS,2023,162,202302,2,3,0,2023-08-03,0.521,2.931,18.297,Y,1.6620000000000001,0.0156355708713485,62.32472,-174.577415,W-26,68,70,NA,9.9,-1.6,229,44,15,1,1,ALL,NBS_SINGLE,57744,2023-127,2,50.71,0,44,0.3161,0.0609,0,7,NBS,0.1926605504587156,19.26605504587156,5.19047619047619
-23021,NBS,2023,162,202302,2,3,0,2023-08-03,0.521,2.931,18.297,Y,1.6620000000000001,0.0156355708713485,62.32472,-174.577415,W-26,68,70,NA,9.9,-1.6,229,44,15,1,1,ALL,NBS_SINGLE,57744,2023-145,1,56.56,9.41,58,0.359,0.1186,0,7,NBS,0.3303621169916435,33.03621169916435,3.026981450252951
-23021,NBS,2023,162,202302,2,3,0,2023-08-03,0.521,2.931,18.297,Y,1.6620000000000001,0.0156355708713485,62.32472,-174.577415,W-26,68,70,NA,9.9,-1.6,229,44,15,1,1,ALL,NBS_SINGLE,57744,2023-146,1,53.73,8.49,54,0.3096,0.1087,0,7,NBS,0.35109819121447033,35.10981912144703,2.8482060717571294
-23021,NBS,2023,162,202302,2,3,0,2023-08-03,0.521,2.931,18.297,Y,1.6620000000000001,0.0156355708713485,62.32472,-174.577415,W-26,68,70,NA,9.9,-1.6,229,44,15,1,1,ALL,NBS_SINGLE,57744,2023-149,2,50.15,0,44,0.3068,0.1163,0,7,NBS,0.3790743155149935,37.90743155149935,2.6380051590713673
-23021,NBS,2023,162,202302,2,3,0,2023-08-03,0.521,2.931,18.297,Y,1.6620000000000001,0.0156355708713485,62.32472,-174.577415,W-26,68,70,NA,9.9,-1.6,229,44,15,1,1,ALL,NBS_SINGLE,57744,2023-160,2,51.83,0,58,0.3206,0.113,0,7,NBS,0.3524641297567062,35.24641297567062,2.83716814159292
-23021,NBS,2023,162,202302,2,3,0,2023-08-03,0.521,2.931,18.297,Y,1.6620000000000001,0.0156355708713485,62.32472,-174.577415,W-26,68,70,NA,9.9,-1.6,229,44,15,1,1,ALL,NBS_SINGLE,57744,2023-163,2,54.3,0,48,0.2987,0.1048,0,7,NBS,0.35085369936391025,35.085369936391025,2.8501908396946565
-23021,NBS,2023,162,202302,2,3,0,2023-08-03,0.521,2.931,18.297,Y,1.6620000000000001,0.0156355708713485,62.32472,-174.577415,W-26,68,70,NA,9.9,-1.6,229,44,15,1,1,ALL,NBS_SINGLE,57744,2023-170,1,52.19,8.6,56,0.3146,0.0849,0,7,NBS,0.26986649713922445,26.986649713922446,3.7055359246171964
-23021,NBS,2023,162,202302,2,3,0,2023-08-03,0.521,2.931,18.297,Y,1.6620000000000001,0.0156355708713485,62.32472,-174.577415,W-26,68,70,NA,9.9,-1.6,229,44,15,1,1,ALL,NBS_SINGLE,57744,2023-173,2,45.73,0,36,0.3049,0.1368,0,7,NBS,0.4486716956379141,44.86716956379141,2.228801169590643
-23021,NBS,2023,162,202302,2,3,0,2023-08-03,0.521,2.931,18.297,Y,1.6620000000000001,0.0156355708713485,62.32472,-174.577415,W-26,68,70,NA,9.9,-1.6,229,44,15,1,1,ALL,NBS_SINGLE,57744,2023-181,1,53,8.14,54,0.2993,0.0861,0,7,NBS,0.2876712328767123,28.767123287671232,3.4761904761904763
-23021,NBS,2023,162,202302,2,3,0,2023-08-03,0.521,2.931,18.297,Y,1.6620000000000001,0.0156355708713485,62.32472,-174.577415,W-26,68,70,NA,9.9,-1.6,229,44,15,1,1,ALL,NBS_SINGLE,57744,2023-187,2,49.1,0,30,0.3232,0.1101,0,7,NBS,0.3406559405940594,34.06559405940594,2.9355131698455947
-23021,NBS,2023,162,202302,2,3,0,2023-08-03,0.521,2.931,18.297,Y,1.6620000000000001,0.0156355708713485,62.32472,-174.577415,W-26,68,70,NA,9.9,-1.6,229,44,15,1,1,ALL,NBS_SINGLE,57744,2023-189,2,48.14,0,34,0.2988,0.1088,0,7,NBS,0.36412315930388217,36.41231593038822,2.746323529411765
-23021,NBS,2023,162,202302,2,3,0,2023-08-03,0.521,2.931,18.297,Y,1.6620000000000001,0.0156355708713485,62.32472,-174.577415,W-26,68,70,NA,9.9,-1.6,229,44,15,1,1,ALL,NBS_SINGLE,57744,2023-199,1,54.1,9.15,62,0.3139,0.1092,0,7,NBS,0.3478814909206754,34.78814909206754,2.8745421245421245
-23020,NBS,2023,162,202302,1,3,0,2023-08-03,0.543,3.0140000000000002,18.73,Y,1.655,0.016458833855937,62.333175,-175.27461499999998,W-27,76,78,NA,10.1,-1.6,274,44,15,1,1,ALL,NBS_SINGLE,57744,2023-86,1,71.15,11.63,146,0.3014,0.1085,0,7,NBS,0.3599867285998673,35.99867285998673,2.777880184331797
-23020,NBS,2023,162,202302,1,3,0,2023-08-03,0.543,3.0140000000000002,18.73,Y,1.655,0.016458833855937,62.333175,-175.27461499999998,W-27,76,78,NA,10.1,-1.6,274,44,15,1,1,ALL,NBS_SINGLE,57744,2023-87,2,53.54,0,54,0.3208,0.1191,0,7,NBS,0.37125935162094764,37.12593516209476,2.6935348446683456
-23020,NBS,2023,162,202302,1,3,0,2023-08-03,0.543,3.0140000000000002,18.73,Y,1.655,0.016458833855937,62.333175,-175.27461499999998,W-27,76,78,NA,10.1,-1.6,274,44,15,1,1,ALL,NBS_SINGLE,57744,2023-100,1,60.8,11.63,86,0.3397,0.115,0,7,NBS,0.33853400058875477,33.85340005887548,2.9539130434782606
-23020,NBS,2023,162,202302,1,3,0,2023-08-03,0.543,3.0140000000000002,18.73,Y,1.655,0.016458833855937,62.333175,-175.27461499999998,W-27,76,78,NA,10.1,-1.6,274,44,15,1,1,ALL,NBS_SINGLE,57744,2023-109,2,49.48,0,40,0.2914,0.0726,0,7,NBS,0.2491420727522306,24.91420727522306,4.013774104683195
-23020,NBS,2023,162,202302,1,3,0,2023-08-03,0.543,3.0140000000000002,18.73,Y,1.655,0.016458833855937,62.333175,-175.27461499999998,W-27,76,78,NA,10.1,-1.6,274,44,15,1,1,ALL,NBS_SINGLE,57744,2023-110,2,48.55,0,41,0.3021,0.1112,0,7,NBS,0.36809003641178417,36.809003641178414,2.716726618705036
-23020,NBS,2023,162,202302,1,3,0,2023-08-03,0.543,3.0140000000000002,18.73,Y,1.655,0.016458833855937,62.333175,-175.27461499999998,W-27,76,78,NA,10.1,-1.6,274,44,15,1,1,ALL,NBS_SINGLE,57744,2023-117,2,50.71,0,38,0.3029,0.0983,0,7,NBS,0.32452954770551334,32.45295477055134,3.081383519837233
-23020,NBS,2023,162,202302,1,3,0,2023-08-03,0.543,3.0140000000000002,18.73,Y,1.655,0.016458833855937,62.333175,-175.27461499999998,W-27,76,78,NA,10.1,-1.6,274,44,15,1,1,ALL,NBS_SINGLE,57744,2023-118,2,50.4,0,42,0.3013,0.1079,0,7,NBS,0.358114835711915,35.8114835711915,2.792400370713624
-23020,NBS,2023,162,202302,1,3,0,2023-08-03,0.543,3.0140000000000002,18.73,Y,1.655,0.016458833855937,62.333175,-175.27461499999998,W-27,76,78,NA,10.1,-1.6,274,44,15,1,1,ALL,NBS_SINGLE,57744,2023-131,2,51.94,0,48,0.3188,0.1069,0,7,NBS,0.33531994981179425,33.53199498117942,2.9822263797942
-23020,NBS,2023,162,202302,1,3,0,2023-08-03,0.543,3.0140000000000002,18.73,Y,1.655,0.016458833855937,62.333175,-175.27461499999998,W-27,76,78,NA,10.1,-1.6,274,44,15,1,1,ALL,NBS_SINGLE,57744,2023-135,1,52.79,7.73,42,0.3212,0.0992,0,7,NBS,0.30884184308841844,30.884184308841846,3.2379032258064515
-23020,NBS,2023,162,202302,1,3,0,2023-08-03,0.543,3.0140000000000002,18.73,Y,1.655,0.016458833855937,62.333175,-175.27461499999998,W-27,76,78,NA,10.1,-1.6,274,44,15,1,1,ALL,NBS_SINGLE,57744,2023-136,2,42.09,0,32,0.2929,0.1008,0,7,NBS,0.34414475930351657,34.41447593035166,2.9057539682539684
-23020,NBS,2023,162,202302,1,3,0,2023-08-03,0.543,3.0140000000000002,18.73,Y,1.655,0.016458833855937,62.333175,-175.27461499999998,W-27,76,78,NA,10.1,-1.6,274,44,15,1,1,ALL,NBS_SINGLE,57744,2023-147,1,50.17,8.7,110,0.3077,0.1007,0,7,NBS,0.3272668183295418,32.72668183295418,3.055610724925521
-23020,NBS,2023,162,202302,1,3,0,2023-08-03,0.543,3.0140000000000002,18.73,Y,1.655,0.016458833855937,62.333175,-175.27461499999998,W-27,76,78,NA,10.1,-1.6,274,44,15,1,1,ALL,NBS_SINGLE,57744,2023-154,1,50.8,8.18,44,0.3171,0.1109,0,7,NBS,0.3497319457584358,34.97319457584358,2.859332732191163
-23020,NBS,2023,162,202302,1,3,0,2023-08-03,0.543,3.0140000000000002,18.73,Y,1.655,0.016458833855937,62.333175,-175.27461499999998,W-27,76,78,NA,10.1,-1.6,274,44,15,1,1,ALL,NBS_SINGLE,57744,2023-166,2,49.71,0,36,0.3039,0.1121,0,7,NBS,0.3688713392563343,36.88713392563343,2.710972346119536
-23020,NBS,2023,162,202302,1,3,0,2023-08-03,0.543,3.0140000000000002,18.73,Y,1.655,0.016458833855937,62.333175,-175.27461499999998,W-27,76,78,NA,10.1,-1.6,274,44,15,1,1,ALL,NBS_SINGLE,57744,2023-174,1,64.9,11.03,100,0.3282,0.1086,0,7,NBS,0.33089579524680074,33.089579524680076,3.022099447513812
-23020,NBS,2023,162,202302,1,3,0,2023-08-03,0.543,3.0140000000000002,18.73,Y,1.655,0.016458833855937,62.333175,-175.27461499999998,W-27,76,78,NA,10.1,-1.6,274,44,15,1,1,ALL,NBS_SINGLE,57744,2023-192,2,52.05,0,46,0.3213,0.1122,0,7,NBS,0.34920634920634924,34.920634920634924,2.8636363636363638
-23020,NBS,2023,162,202302,1,3,0,2023-08-03,0.543,3.0140000000000002,18.73,Y,1.655,0.016458833855937,62.333175,-175.27461499999998,W-27,76,78,NA,10.1,-1.6,274,44,15,1,1,ALL,NBS_SINGLE,57744,2023-195,1,54.74,8.97,60,0.3049,0.113,0,7,NBS,0.37061331584125945,37.061331584125945,2.698230088495575
-23020,NBS,2023,162,202302,1,3,0,2023-08-03,0.543,3.0140000000000002,18.73,Y,1.655,0.016458833855937,62.333175,-175.27461499999998,W-27,76,78,NA,10.1,-1.6,274,44,15,1,1,ALL,NBS_SINGLE,57744,2023-196,1,56.41,8.34,60,0.314,0.1134,0,7,NBS,0.3611464968152866,36.11464968152866,2.7689594356261025
-23020,NBS,2023,162,202302,1,3,0,2023-08-03,0.543,3.0140000000000002,18.73,Y,1.655,0.016458833855937,62.333175,-175.27461499999998,W-27,76,78,NA,10.1,-1.6,274,44,15,1,1,ALL,NBS_SINGLE,57744,2023-198,2,50.28,0,48,0.3196,0.1287,0,7,NBS,0.40269086357947437,40.26908635794744,2.483294483294483
-23079,NBS,2023,162,202302,38,3,0,2023-08-12,0.518,2.849,14.833,Y,2.738,0.012320816284727,62.672484999999995,-169.580125,X-19,37,40,NA,8.3,0.8,137,44,15,2,1,ALL,NBS_SINGLE,57744,2023-203,1,55.58,8.87,74,0.3002,0.0947,0,7,NBS,0.31545636242505,31.545636242504997,3.170010559662091
-23079,NBS,2023,162,202302,38,3,0,2023-08-12,0.518,2.849,14.833,Y,2.738,0.012320816284727,62.672484999999995,-169.580125,X-19,37,40,NA,8.3,0.8,137,44,15,2,1,ALL,NBS_SINGLE,57744,2023-204,1,55.28,10.55,64,0.3235,0.1102,0,7,NBS,0.3406491499227203,34.06491499227203,2.9355716878402904
-23079,NBS,2023,162,202302,38,3,0,2023-08-12,0.518,2.849,14.833,Y,2.738,0.012320816284727,62.672484999999995,-169.580125,X-19,37,40,NA,8.3,0.8,137,44,15,2,1,ALL,NBS_SINGLE,57744,2023-206,1,50.98,8.54,48,0.3228,0.1059,0,7,NBS,0.3280669144981413,32.80669144981413,3.048158640226629
-23079,NBS,2023,162,202302,38,3,0,2023-08-12,0.518,2.849,14.833,Y,2.738,0.012320816284727,62.672484999999995,-169.580125,X-19,37,40,NA,8.3,0.8,137,44,15,2,1,ALL,NBS_SINGLE,57744,2023-207,1,54.74,8.23,62,0.3156,0.1072,0,7,NBS,0.3396704689480355,33.96704689480355,2.9440298507462686
-23079,NBS,2023,162,202302,38,3,0,2023-08-12,0.518,2.849,14.833,Y,2.738,0.012320816284727,62.672484999999995,-169.580125,X-19,37,40,NA,8.3,0.8,137,44,15,2,1,ALL,NBS_SINGLE,57744,2023-211,1,53.39,7.13,52,0.3112,0.0896,0,7,NBS,0.2879177377892031,28.79177377892031,3.4732142857142856
-23079,NBS,2023,162,202302,38,3,0,2023-08-12,0.518,2.849,14.833,Y,2.738,0.012320816284727,62.672484999999995,-169.580125,X-19,37,40,NA,8.3,0.8,137,44,15,2,1,ALL,NBS_SINGLE,57744,2023-214,1,51.26,9.28,54,0.3292,0.1213,0,7,NBS,0.36846901579586877,36.84690157958688,2.713932399010717
-23079,NBS,2023,162,202302,38,3,0,2023-08-12,0.518,2.849,14.833,Y,2.738,0.012320816284727,62.672484999999995,-169.580125,X-19,37,40,NA,8.3,0.8,137,44,15,2,1,ALL,NBS_SINGLE,57744,2023-217,1,54.88,8.93,62,0.3057,0.1004,0,7,NBS,0.328426561988878,32.842656198887795,3.0448207171314743
NA,NA,NA,162,202502,1,NA,NA,NA,NA,NA,NA,NA,NA,NA,NA,NA,NA,NA,NA,NA,NA,NA,NA,NA,NA,NA,NA,NA,NA,NA,25-43,1,61.38,10.77,NA,0.3264,0.1121,0,NA,NA,0.3434436274509804,34.34436274509804,2.911685994647636
NA,NA,NA,162,202502,1,NA,NA,NA,NA,NA,NA,NA,NA,NA,NA,NA,NA,NA,NA,NA,NA,NA,NA,NA,NA,NA,NA,NA,NA,NA,25-44,2,53.32,0,NA,0.4059,0.1714,0,NA,NA,0.42227149544222714,42.22714954422271,2.368144690781797
NA,NA,NA,162,202502,1,NA,NA,NA,NA,NA,NA,NA,NA,NA,NA,NA,NA,NA,NA,NA,NA,NA,NA,NA,NA,NA,NA,NA,NA,NA,25-45,1,62.04,11.43,NA,0.3273,0.11,0,NA,NA,0.3360831041857623,33.60831041857623,2.975454545454545
NA,NA,NA,162,202502,1,NA,NA,NA,NA,NA,NA,NA,NA,NA,NA,NA,NA,NA,NA,NA,NA,NA,NA,NA,NA,NA,NA,NA,NA,NA,25-46,2,53.77,0,NA,0.3459,0.1349,0,NA,NA,0.38999710899103784,38.99971089910378,2.56412157153447
NA,NA,NA,162,202502,1,NA,NA,NA,NA,NA,NA,NA,NA,NA,NA,NA,NA,NA,NA,NA,NA,NA,NA,NA,NA,NA,NA,NA,NA,NA,25-47,1,60.82,10.75,NA,0.4926,0.1823,0,NA,NA,0.3700771416971173,37.00771416971173,2.7021393307734503
NA,NA,NA,162,202502,1,NA,NA,NA,NA,NA,NA,NA,NA,NA,NA,NA,NA,NA,NA,NA,NA,NA,NA,NA,NA,NA,NA,NA,NA,NA,25-48,2,53.51,0,NA,0.3125,0.1047,0,NA,NA,0.33504,33.504,2.9847182425978986
NA,NA,NA,162,202502,1,NA,NA,NA,NA,NA,NA,NA,NA,NA,NA,NA,NA,NA,NA,NA,NA,NA,NA,NA,NA,NA,NA,NA,NA,NA,25-49,1,59.33,10.83,NA,0.3862,0.1194,0,NA,NA,0.3091662351113413,30.916623511134127,3.2345058626465657
NA,NA,NA,162,202502,1,NA,NA,NA,NA,NA,NA,NA,NA,NA,NA,NA,NA,NA,NA,NA,NA,NA,NA,NA,NA,NA,NA,NA,NA,NA,25-50,2,51.08,0,NA,0.3284,0.1238,0,NA,NA,0.3769792935444579,37.69792935444579,2.6526655896607436
NA,NA,NA,162,202502,1,NA,NA,NA,NA,NA,NA,NA,NA,NA,NA,NA,NA,NA,NA,NA,NA,NA,NA,NA,NA,NA,NA,NA,NA,NA,25-51,1,59.24,10.13,NA,0.301,0.0798,0,NA,NA,0.2651162790697674,26.51162790697674,3.7719298245614037
NA,NA,NA,162,202502,1,NA,NA,NA,NA,NA,NA,NA,NA,NA,NA,NA,NA,NA,NA,NA,NA,NA,NA,NA,NA,NA,NA,NA,NA,NA,25-52,2,51.01,0,NA,0.3527,0.1361,0,NA,NA,0.38588035157357525,38.588035157357524,2.5914768552534904
NA,NA,NA,134,202502,1,NA,NA,NA,NA,NA,NA,NA,NA,NA,NA,NA,NA,NA,NA,NA,NA,NA,NA,NA,NA,NA,NA,NA,NA,NA,25-412,1,61.65,9.81,NA,0.2982,0.1105,0,NA,NA,0.3705566733735748,37.05566733735748,2.6986425339366518
NA,NA,NA,134,202502,1,NA,NA,NA,NA,NA,NA,NA,NA,NA,NA,NA,NA,NA,NA,NA,NA,NA,NA,NA,NA,NA,NA,NA,NA,NA,25-413,1,59.18,10.06,NA,0.3066,0.1082,0,NA,NA,0.3529028049575995,35.29028049575995,2.8336414048059146
NA,NA,NA,134,202502,1,NA,NA,NA,NA,NA,NA,NA,NA,NA,NA,NA,NA,NA,NA,NA,NA,NA,NA,NA,NA,NA,NA,NA,NA,NA,25-414,1,62.77,10.17,NA,0.3224,0.1223,0,NA,NA,0.3793424317617866,37.93424317617866,2.6361406377759606
NA,NA,NA,134,202502,1,NA,NA,NA,NA,NA,NA,NA,NA,NA,NA,NA,NA,NA,NA,NA,NA,NA,NA,NA,NA,NA,NA,NA,NA,NA,25-415,1,59.61,10.51,NA,0.3046,0.1072,0,NA,NA,0.3519369665134603,35.19369665134603,2.841417910447761
NA,NA,NA,134,202502,1,NA,NA,NA,NA,NA,NA,NA,NA,NA,NA,NA,NA,NA,NA,NA,NA,NA,NA,NA,NA,NA,NA,NA,NA,NA,25-416,1,56.43,9.14,NA,0.2992,0.1139,0,NA,NA,0.3806818181818182,38.06818181818182,2.626865671641791
NA,NA,NA,134,202502,1,NA,NA,NA,NA,NA,NA,NA,NA,NA,NA,NA,NA,NA,NA,NA,NA,NA,NA,NA,NA,NA,NA,NA,NA,NA,25-417,2,56.9,0,NA,0.3363,0.1292,0,NA,NA,0.38418079096045205,38.418079096045204,2.602941176470588
NA,NA,NA,134,202502,1,NA,NA,NA,NA,NA,NA,NA,NA,NA,NA,NA,NA,NA,NA,NA,NA,NA,NA,NA,NA,NA,NA,NA,NA,NA,25-418,2,52.16,0,NA,0.3014,0.111,0,NA,NA,0.36828135368281356,36.82813536828136,2.715315315315315
NA,NA,NA,134,202502,1,NA,NA,NA,NA,NA,NA,NA,NA,NA,NA,NA,NA,NA,NA,NA,NA,NA,NA,NA,NA,NA,NA,NA,NA,NA,25-419,2,49.58,0,NA,0.3168,0.1197,0,NA,NA,0.37784090909090906,37.78409090909091,2.6466165413533838
NA,NA,NA,134,202502,1,NA,NA,NA,NA,NA,NA,NA,NA,NA,NA,NA,NA,NA,NA,NA,NA,NA,NA,NA,NA,NA,NA,NA,NA,NA,25-420,2,51.35,0,NA,0.3234,0.1142,0,NA,NA,0.35312306740878163,35.312306740878164,2.831873905429072
NA,NA,NA,134,202502,1,NA,NA,NA,NA,NA,NA,NA,NA,NA,NA,NA,NA,NA,NA,NA,NA,NA,NA,NA,NA,NA,NA,NA,NA,NA,25-421,2,49.84,0,NA,0.3092,0.1151,0,NA,NA,0.3722509702457956,37.22509702457956,2.6863596872284967
NA,NA,NA,134,202502,3,NA,NA,NA,NA,NA,NA,NA,NA,NA,NA,NA,NA,NA,NA,NA,NA,NA,NA,NA,NA,NA,NA,NA,NA,NA,25-422,1,60.24,8.77,NA,0.3332,0.1362,0,NA,NA,0.40876350540216083,40.87635054021608,2.4464023494860503
NA,NA,NA,134,202502,3,NA,NA,NA,NA,NA,NA,NA,NA,NA,NA,NA,NA,NA,NA,NA,NA,NA,NA,NA,NA,NA,NA,NA,NA,NA,25-423,1,60.28,9.89,NA,0.2987,0.1048,0,NA,NA,0.35085369936391025,35.085369936391025,2.8501908396946565
NA,NA,NA,134,202502,3,NA,NA,NA,NA,NA,NA,NA,NA,NA,NA,NA,NA,NA,NA,NA,NA,NA,NA,NA,NA,NA,NA,NA,NA,NA,25-424,1,57.7,9.41,NA,0.3429,0.1292,0,NA,NA,0.37678623505395165,37.678623505395166,2.6540247678018574
NA,NA,NA,134,202502,3,NA,NA,NA,NA,NA,NA,NA,NA,NA,NA,NA,NA,NA,NA,NA,NA,NA,NA,NA,NA,NA,NA,NA,NA,NA,25-425,2,51.14,0,NA,0.3192,0.1135,0,NA,NA,0.35557644110275693,35.557644110275696,2.8123348017621144
NA,NA,NA,134,202502,3,NA,NA,NA,NA,NA,NA,NA,NA,NA,NA,NA,NA,NA,NA,NA,NA,NA,NA,NA,NA,NA,NA,NA,NA,NA,25-426,2,53.48,0,NA,0.3069,0.0993,0,NA,NA,0.3235581622678397,32.355816226783965,3.090634441087613
NA,NA,NA,134,202502,3,NA,NA,NA,NA,NA,NA,NA,NA,NA,NA,NA,NA,NA,NA,NA,NA,NA,NA,NA,NA,NA,NA,NA,NA,NA,25-427,2,54.85,0,NA,0.3358,0.1153,0,NA,NA,0.3433591423466349,34.33591423466349,2.9124024284475283
NA,NA,NA,134,202502,4,NA,NA,NA,NA,NA,NA,NA,NA,NA,NA,NA,NA,NA,NA,NA,NA,NA,NA,NA,NA,NA,NA,NA,NA,NA,25-428,1,64.43,10.39,NA,0.3022,0.097,0,NA,NA,0.32097948378557245,32.09794837855725,3.1154639175257732
NA,NA,NA,134,202502,4,NA,NA,NA,NA,NA,NA,NA,NA,NA,NA,NA,NA,NA,NA,NA,NA,NA,NA,NA,NA,NA,NA,NA,NA,NA,25-429,2,44.96,0,NA,0.3099,0.1173,0,NA,NA,0.3785091965150048,37.85091965150048,2.6419437340153453
NA,NA,NA,134,202502,4,NA,NA,NA,NA,NA,NA,NA,NA,NA,NA,NA,NA,NA,NA,NA,NA,NA,NA,NA,NA,NA,NA,NA,NA,NA,25-430,2,47.99,0,NA,0.3267,0.0992,0,NA,NA,0.3036424854606673,30.36424854606673,3.2933467741935485
